company_number,company_name,date,type,file,text
01899316,BRIDGEPOINT ADVISERS HOLDINGS,2024-06-05,AA,companies/01899316_bridgepoint-advisers-holdings/docs/2024-06-05_AA_full-accounts-made-up-to-31-december-2023.pdf,companies/01899316_bridgepoint-advisers-holdings/docs/2024-06-05_AA_full-accounts-made-up-to-31-december-2023.txt
01899316,BRIDGEPOINT ADVISERS HOLDINGS,2025-03-20,CS01,companies/01899316_bridgepoint-advisers-holdings/docs/2025-03-20_CS01_confirmation-statement-made-on-14-march-2025-with-.pdf,companies/01899316_bridgepoint-advisers-holdings/docs/2025-03-20_CS01_confirmation-statement-made-on-14-march-2025-with-.txt
01899316,BRIDGEPOINT ADVISERS HOLDINGS,2025-08-11,AA,companies/01899316_bridgepoint-advisers-holdings/docs/2025-08-11_AA_full-accounts-made-up-to-31-december-2024.pdf,companies/01899316_bridgepoint-advisers-holdings/docs/2025-08-11_AA_full-accounts-made-up-to-31-december-2024.txt
01899316,BRIDGEPOINT ADVISERS HOLDINGS,2026-03-26,CS01,companies/01899316_bridgepoint-advisers-holdings/docs/2026-03-26_CS01_confirmation-statement-made-on-14-march-2026-with-.pdf,companies/01899316_bridgepoint-advisers-holdings/docs/2026-03-26_CS01_confirmation-statement-made-on-14-march-2026-with-.txt
01899316,BRIDGEPOINT ADVISERS HOLDINGS,2026-09-18,AA,companies/01899316_bridgepoint-advisers-holdings/docs/2026-09-18_AA_full-accounts-made-up-to-31-december-2025.pdf,companies/01899316_bridgepoint-advisers-holdings/docs/2026-09-18_AA_full-accounts-made-up-to-31-december-2025.txt
03220373,BRIDGEPOINT ADVISERS LIMITED,2024-10-04,AA,companies/03220373_bridgepoint-advisers-limited/docs/2024-10-04_AA_full-accounts-made-up-to-31-december-2023.pdf,companies/03220373_bridgepoint-advisers-limited/docs/2024-10-04_AA_full-accounts-made-up-to-31-december-2023.txt
03220373,BRIDGEPOINT ADVISERS LIMITED,2025-06-30,CS01,companies/03220373_bridgepoint-advisers-limited/docs/2025-06-30_CS01_confirmation-statement-made-on-28-june-2025-with-n.pdf,companies/03220373_bridgepoint-advisers-limited/docs/2025-06-30_CS01_confirmation-statement-made-on-28-june-2025-with-n.txt
03220373,BRIDGEPOINT ADVISERS LIMITED,2025-09-30,AA,companies/03220373_bridgepoint-advisers-limited/docs/2025-09-30_AA_full-accounts-made-up-to-31-december-2024.pdf,companies/03220373_bridgepoint-advisers-limited/docs/2025-09-30_AA_full-accounts-made-up-to-31-december-2024.txt
03220373,BRIDGEPOINT ADVISERS LIMITED,2026-07-10,CS01,companies/03220373_bridgepoint-advisers-limited/docs/2026-07-10_CS01_confirmation-statement-made-on-28-june-2026-with-n.pdf,companies/03220373_bridgepoint-advisers-limited/docs/2026-07-10_CS01_confirmation-statement-made-on-28-june-2026-with-n.txt
03220373,BRIDGEPOINT ADVISERS LIMITED,2026-09-25,AA,companies/03220373_bridgepoint-advisers-limited/docs/2026-09-25_AA_full-accounts-made-up-to-31-december-2025.pdf,companies/03220373_bridgepoint-advisers-limited/docs/2026-09-25_AA_full-accounts-made-up-to-31-december-2025.txt
03880081,BRIDGEPOINT ADVISERS GROUP LIMITED,2024-06-24,AA,companies/03880081_bridgepoint-advisers-group-limited/docs/2024-06-24_AA_full-accounts-made-up-to-31-december-2023.pdf,companies/03880081_bridgepoint-advisers-group-limited/docs/2024-06-24_AA_full-accounts-made-up-to-31-december-2023.txt
03880081,BRIDGEPOINT ADVISERS GROUP LIMITED,2025-01-06,CS01,companies/03880081_bridgepoint-advisers-group-limited/docs/2025-01-06_CS01_confirmation-statement-made-on-17-december-2024-wi.pdf,companies/03880081_bridgepoint-advisers-group-limited/docs/2025-01-06_CS01_confirmation-statement-made-on-17-december-2024-wi.txt
03880081,BRIDGEPOINT ADVISERS GROUP LIMITED,2025-08-01,AA,companies/03880081_bridgepoint-advisers-group-limited/docs/2025-08-01_AA_full-accounts-made-up-to-31-december-2024.pdf,companies/03880081_bridgepoint-advisers-group-limited/docs/2025-08-01_AA_full-accounts-made-up-to-31-december-2024.txt
03880081,BRIDGEPOINT ADVISERS GROUP LIMITED,2025-12-18,CS01,companies/03880081_bridgepoint-advisers-group-limited/docs/2025-12-18_CS01_confirmation-statement-made-on-17-december-2025-wi.pdf,companies/03880081_bridgepoint-advisers-group-limited/docs/2025-12-18_CS01_confirmation-statement-made-on-17-december-2025-wi.txt
03880081,BRIDGEPOINT ADVISERS GROUP LIMITED,2026-08-13,AA,companies/03880081_bridgepoint-advisers-group-limited/docs/2026-08-13_AA_full-accounts-made-up-to-31-december-2025.pdf,companies/03880081_bridgepoint-advisers-group-limited/docs/2026-08-13_AA_full-accounts-made-up-to-31-december-2025.txt
04156972,ALPHA (JPSB) LIMITED,2001-02-08,NEWINC,companies/04156972_alpha-jpsb-limited/docs/2001-02-08_NEWINC_incorporation.pdf,companies/04156972_alpha-jpsb-limited/docs/2001-02-08_NEWINC_incorporation.txt
04156972,ALPHA (JPSB) LIMITED,2001-02-23,287,companies/04156972_alpha-jpsb-limited/docs/2001-02-23_287_registered-office-changed-on-23-02-01-from-the-stu.pdf,companies/04156972_alpha-jpsb-limited/docs/2001-02-23_287_registered-office-changed-on-23-02-01-from-the-stu.txt
04156972,ALPHA (JPSB) LIMITED,2001-02-23,288a,companies/04156972_alpha-jpsb-limited/docs/2001-02-23_288a_new-director-appointed.pdf,companies/04156972_alpha-jpsb-limited/docs/2001-02-23_288a_new-director-appointed.txt
04156972,ALPHA (JPSB) LIMITED,2001-02-23,288a,companies/04156972_alpha-jpsb-limited/docs/2001-02-23_288a_new-secretary-appointed.pdf,companies/04156972_alpha-jpsb-limited/docs/2001-02-23_288a_new-secretary-appointed.txt
04156972,ALPHA (JPSB) LIMITED,2001-02-23,288b,companies/04156972_alpha-jpsb-limited/docs/2001-02-23_288b_director-resigned.pdf,companies/04156972_alpha-jpsb-limited/docs/2001-02-23_288b_director-resigned.txt
04156972,ALPHA (JPSB) LIMITED,2001-02-23,288b,companies/04156972_alpha-jpsb-limited/docs/2001-02-23_288b_secretary-resigned.pdf,companies/04156972_alpha-jpsb-limited/docs/2001-02-23_288b_secretary-resigned.txt
04156972,ALPHA (JPSB) LIMITED,2002-03-05,363s,companies/04156972_alpha-jpsb-limited/docs/2002-03-05_363s_return-made-up-to-08-02-02-full-list-of-members.pdf,companies/04156972_alpha-jpsb-limited/docs/2002-03-05_363s_return-made-up-to-08-02-02-full-list-of-members.txt
04156972,ALPHA (JPSB) LIMITED,2002-07-16,AA,companies/04156972_alpha-jpsb-limited/docs/2002-07-16_AA_total-exemption-full-accounts-made-up-to-28-februa.pdf,companies/04156972_alpha-jpsb-limited/docs/2002-07-16_AA_total-exemption-full-accounts-made-up-to-28-februa.txt
04156972,ALPHA (JPSB) LIMITED,2003-02-05,363s,companies/04156972_alpha-jpsb-limited/docs/2003-02-05_363s_return-made-up-to-08-02-03-full-list-of-members.pdf,companies/04156972_alpha-jpsb-limited/docs/2003-02-05_363s_return-made-up-to-08-02-03-full-list-of-members.txt
04156972,ALPHA (JPSB) LIMITED,2003-04-25,AA,companies/04156972_alpha-jpsb-limited/docs/2003-04-25_AA_total-exemption-full-accounts-made-up-to-28-februa.pdf,companies/04156972_alpha-jpsb-limited/docs/2003-04-25_AA_total-exemption-full-accounts-made-up-to-28-februa.txt
04156972,ALPHA (JPSB) LIMITED,2004-02-16,363s,companies/04156972_alpha-jpsb-limited/docs/2004-02-16_363s_return-made-up-to-08-02-04-full-list-of-members.pdf,companies/04156972_alpha-jpsb-limited/docs/2004-02-16_363s_return-made-up-to-08-02-04-full-list-of-members.txt
04156972,ALPHA (JPSB) LIMITED,2004-04-20,AA,companies/04156972_alpha-jpsb-limited/docs/2004-04-20_AA_total-exemption-full-accounts-made-up-to-28-februa.pdf,companies/04156972_alpha-jpsb-limited/docs/2004-04-20_AA_total-exemption-full-accounts-made-up-to-28-februa.txt
04156972,ALPHA (JPSB) LIMITED,2005-03-07,363s,companies/04156972_alpha-jpsb-limited/docs/2005-03-07_363s_return-made-up-to-08-02-05-full-list-of-members.pdf,companies/04156972_alpha-jpsb-limited/docs/2005-03-07_363s_return-made-up-to-08-02-05-full-list-of-members.txt
04156972,ALPHA (JPSB) LIMITED,2005-06-07,AA,companies/04156972_alpha-jpsb-limited/docs/2005-06-07_AA_total-exemption-full-accounts-made-up-to-28-februa.pdf,companies/04156972_alpha-jpsb-limited/docs/2005-06-07_AA_total-exemption-full-accounts-made-up-to-28-februa.txt
04156972,ALPHA (JPSB) LIMITED,2006-04-13,363s,companies/04156972_alpha-jpsb-limited/docs/2006-04-13_363s_return-made-up-to-08-02-06-full-list-of-members.pdf,companies/04156972_alpha-jpsb-limited/docs/2006-04-13_363s_return-made-up-to-08-02-06-full-list-of-members.txt
04156972,ALPHA (JPSB) LIMITED,2006-05-31,AA,companies/04156972_alpha-jpsb-limited/docs/2006-05-31_AA_total-exemption-full-accounts-made-up-to-28-februa.pdf,companies/04156972_alpha-jpsb-limited/docs/2006-05-31_AA_total-exemption-full-accounts-made-up-to-28-februa.txt
04156972,ALPHA (JPSB) LIMITED,2007-03-09,363s,companies/04156972_alpha-jpsb-limited/docs/2007-03-09_363s_return-made-up-to-08-02-07-full-list-of-members.pdf,companies/04156972_alpha-jpsb-limited/docs/2007-03-09_363s_return-made-up-to-08-02-07-full-list-of-members.txt
04156972,ALPHA (JPSB) LIMITED,2007-05-31,AA,companies/04156972_alpha-jpsb-limited/docs/2007-05-31_AA_total-exemption-full-accounts-made-up-to-28-februa.pdf,companies/04156972_alpha-jpsb-limited/docs/2007-05-31_AA_total-exemption-full-accounts-made-up-to-28-februa.txt
04156972,ALPHA (JPSB) LIMITED,2008-06-05,363s,companies/04156972_alpha-jpsb-limited/docs/2008-06-05_363s_return-made-up-to-08-02-08-no-change-of-members.pdf,companies/04156972_alpha-jpsb-limited/docs/2008-06-05_363s_return-made-up-to-08-02-08-no-change-of-members.txt
04156972,ALPHA (JPSB) LIMITED,2008-07-02,AA,companies/04156972_alpha-jpsb-limited/docs/2008-07-02_AA_total-exemption-full-accounts-made-up-to-29-februa.pdf,companies/04156972_alpha-jpsb-limited/docs/2008-07-02_AA_total-exemption-full-accounts-made-up-to-29-februa.txt
04156972,ALPHA (JPSB) LIMITED,2009-04-21,288c,companies/04156972_alpha-jpsb-limited/docs/2009-04-21_288c_director-s-change-of-particulars-keiron-bhogal-14-.pdf,companies/04156972_alpha-jpsb-limited/docs/2009-04-21_288c_director-s-change-of-particulars-keiron-bhogal-14-.txt
04156972,ALPHA (JPSB) LIMITED,2009-04-21,288c,companies/04156972_alpha-jpsb-limited/docs/2009-04-21_288c_secretary-s-change-of-particulars-jasdeep-bhogal-1.pdf,companies/04156972_alpha-jpsb-limited/docs/2009-04-21_288c_secretary-s-change-of-particulars-jasdeep-bhogal-1.txt
04156972,ALPHA (JPSB) LIMITED,2009-04-21,363a,companies/04156972_alpha-jpsb-limited/docs/2009-04-21_363a_return-made-up-to-08-02-09-full-list-of-members.pdf,companies/04156972_alpha-jpsb-limited/docs/2009-04-21_363a_return-made-up-to-08-02-09-full-list-of-members.txt
04156972,ALPHA (JPSB) LIMITED,2009-10-25,AA,companies/04156972_alpha-jpsb-limited/docs/2009-10-25_AA_total-exemption-full-accounts-made-up-to-28-februa.pdf,companies/04156972_alpha-jpsb-limited/docs/2009-10-25_AA_total-exemption-full-accounts-made-up-to-28-februa.txt
04156972,ALPHA (JPSB) LIMITED,2010-02-16,AR01,companies/04156972_alpha-jpsb-limited/docs/2010-02-16_AR01_annual-return-made-up-to-8-february-2010-with-full.pdf,companies/04156972_alpha-jpsb-limited/docs/2010-02-16_AR01_annual-return-made-up-to-8-february-2010-with-full.txt
04156972,ALPHA (JPSB) LIMITED,2010-11-29,AA,companies/04156972_alpha-jpsb-limited/docs/2010-11-29_AA_total-exemption-full-accounts-made-up-to-28-februa.pdf,companies/04156972_alpha-jpsb-limited/docs/2010-11-29_AA_total-exemption-full-accounts-made-up-to-28-februa.txt
04156972,ALPHA (JPSB) LIMITED,2011-03-07,AR01,companies/04156972_alpha-jpsb-limited/docs/2011-03-07_AR01_annual-return-made-up-to-8-february-2011-with-full.pdf,companies/04156972_alpha-jpsb-limited/docs/2011-03-07_AR01_annual-return-made-up-to-8-february-2011-with-full.txt
04156972,ALPHA (JPSB) LIMITED,2011-06-20,AA,companies/04156972_alpha-jpsb-limited/docs/2011-06-20_AA_total-exemption-full-accounts-made-up-to-28-februa.pdf,companies/04156972_alpha-jpsb-limited/docs/2011-06-20_AA_total-exemption-full-accounts-made-up-to-28-februa.txt
04156972,ALPHA (JPSB) LIMITED,2012-03-05,AR01,companies/04156972_alpha-jpsb-limited/docs/2012-03-05_AR01_annual-return-made-up-to-8-february-2012-with-full.pdf,companies/04156972_alpha-jpsb-limited/docs/2012-03-05_AR01_annual-return-made-up-to-8-february-2012-with-full.txt
04156972,ALPHA (JPSB) LIMITED,2012-11-06,AA,companies/04156972_alpha-jpsb-limited/docs/2012-11-06_AA_total-exemption-full-accounts-made-up-to-29-februa.pdf,companies/04156972_alpha-jpsb-limited/docs/2012-11-06_AA_total-exemption-full-accounts-made-up-to-29-februa.txt
04156972,ALPHA (JPSB) LIMITED,2013-02-11,AR01,companies/04156972_alpha-jpsb-limited/docs/2013-02-11_AR01_annual-return-made-up-to-8-february-2013-with-full.pdf,companies/04156972_alpha-jpsb-limited/docs/2013-02-11_AR01_annual-return-made-up-to-8-february-2013-with-full.txt
04156972,ALPHA (JPSB) LIMITED,2013-11-15,AA,companies/04156972_alpha-jpsb-limited/docs/2013-11-15_AA_total-exemption-full-accounts-made-up-to-28-februa.pdf,companies/04156972_alpha-jpsb-limited/docs/2013-11-15_AA_total-exemption-full-accounts-made-up-to-28-februa.txt
04156972,ALPHA (JPSB) LIMITED,2014-02-24,AR01,companies/04156972_alpha-jpsb-limited/docs/2014-02-24_AR01_annual-return-made-up-to-8-february-2014-with-full.pdf,companies/04156972_alpha-jpsb-limited/docs/2014-02-24_AR01_annual-return-made-up-to-8-february-2014-with-full.txt
04156972,ALPHA (JPSB) LIMITED,2014-07-07,AA,companies/04156972_alpha-jpsb-limited/docs/2014-07-07_AA_total-exemption-full-accounts-made-up-to-28-februa.pdf,companies/04156972_alpha-jpsb-limited/docs/2014-07-07_AA_total-exemption-full-accounts-made-up-to-28-februa.txt
04156972,ALPHA (JPSB) LIMITED,2015-02-18,AR01,companies/04156972_alpha-jpsb-limited/docs/2015-02-18_AR01_annual-return-made-up-to-8-february-2015-with-full.pdf,companies/04156972_alpha-jpsb-limited/docs/2015-02-18_AR01_annual-return-made-up-to-8-february-2015-with-full.txt
04156972,ALPHA (JPSB) LIMITED,2015-06-19,AA,companies/04156972_alpha-jpsb-limited/docs/2015-06-19_AA_total-exemption-full-accounts-made-up-to-28-februa.pdf,companies/04156972_alpha-jpsb-limited/docs/2015-06-19_AA_total-exemption-full-accounts-made-up-to-28-februa.txt
04156972,ALPHA (JPSB) LIMITED,2016-03-08,AR01,companies/04156972_alpha-jpsb-limited/docs/2016-03-08_AR01_annual-return-made-up-to-8-february-2016-with-full.pdf,companies/04156972_alpha-jpsb-limited/docs/2016-03-08_AR01_annual-return-made-up-to-8-february-2016-with-full.txt
04156972,ALPHA (JPSB) LIMITED,2016-05-23,AR01,companies/04156972_alpha-jpsb-limited/docs/2016-05-23_AR01_annual-return-made-up-to-20-may-2016-with-full-lis.pdf,companies/04156972_alpha-jpsb-limited/docs/2016-05-23_AR01_annual-return-made-up-to-20-may-2016-with-full-lis.txt
04156972,ALPHA (JPSB) LIMITED,2016-11-09,AA,companies/04156972_alpha-jpsb-limited/docs/2016-11-09_AA_total-exemption-small-company-accounts-made-up-to-.pdf,companies/04156972_alpha-jpsb-limited/docs/2016-11-09_AA_total-exemption-small-company-accounts-made-up-to-.txt
04156972,ALPHA (JPSB) LIMITED,2017-05-30,CS01,companies/04156972_alpha-jpsb-limited/docs/2017-05-30_CS01_confirmation-statement-made-on-20-may-2017-with-up.pdf,companies/04156972_alpha-jpsb-limited/docs/2017-05-30_CS01_confirmation-statement-made-on-20-may-2017-with-up.txt
04156972,ALPHA (JPSB) LIMITED,2017-10-23,AA,companies/04156972_alpha-jpsb-limited/docs/2017-10-23_AA_total-exemption-full-accounts-made-up-to-28-februa.pdf,companies/04156972_alpha-jpsb-limited/docs/2017-10-23_AA_total-exemption-full-accounts-made-up-to-28-februa.txt
04156972,ALPHA (JPSB) LIMITED,2017-11-22,SH01,companies/04156972_alpha-jpsb-limited/docs/2017-11-22_SH01_statement-of-capital-following-an-allotment-of-sha.pdf,companies/04156972_alpha-jpsb-limited/docs/2017-11-22_SH01_statement-of-capital-following-an-allotment-of-sha.txt
04156972,ALPHA (JPSB) LIMITED,2017-11-22,SH02,companies/04156972_alpha-jpsb-limited/docs/2017-11-22_SH02_sub-division-of-shares-on-20-october-2017.pdf,companies/04156972_alpha-jpsb-limited/docs/2017-11-22_SH02_sub-division-of-shares-on-20-october-2017.txt
04156972,ALPHA (JPSB) LIMITED,2018-06-05,CS01,companies/04156972_alpha-jpsb-limited/docs/2018-06-05_CS01_confirmation-statement-made-on-20-may-2018-with-up.pdf,companies/04156972_alpha-jpsb-limited/docs/2018-06-05_CS01_confirmation-statement-made-on-20-may-2018-with-up.txt
04156972,ALPHA (JPSB) LIMITED,2018-06-11,AA,companies/04156972_alpha-jpsb-limited/docs/2018-06-11_AA_total-exemption-full-accounts-made-up-to-28-februa.pdf,companies/04156972_alpha-jpsb-limited/docs/2018-06-11_AA_total-exemption-full-accounts-made-up-to-28-februa.txt
04156972,ALPHA (JPSB) LIMITED,2019-05-24,CS01,companies/04156972_alpha-jpsb-limited/docs/2019-05-24_CS01_confirmation-statement-made-on-20-may-2019-with-up.pdf,companies/04156972_alpha-jpsb-limited/docs/2019-05-24_CS01_confirmation-statement-made-on-20-may-2019-with-up.txt
04156972,ALPHA (JPSB) LIMITED,2019-06-12,AA,companies/04156972_alpha-jpsb-limited/docs/2019-06-12_AA_total-exemption-full-accounts-made-up-to-28-februa.pdf,companies/04156972_alpha-jpsb-limited/docs/2019-06-12_AA_total-exemption-full-accounts-made-up-to-28-februa.txt
04156972,ALPHA (JPSB) LIMITED,2020-06-03,CS01,companies/04156972_alpha-jpsb-limited/docs/2020-06-03_CS01_confirmation-statement-made-on-20-may-2020-with-up.pdf,companies/04156972_alpha-jpsb-limited/docs/2020-06-03_CS01_confirmation-statement-made-on-20-may-2020-with-up.txt
04156972,ALPHA (JPSB) LIMITED,2020-07-24,AA,companies/04156972_alpha-jpsb-limited/docs/2020-07-24_AA_total-exemption-full-accounts-made-up-to-29-februa.pdf,companies/04156972_alpha-jpsb-limited/docs/2020-07-24_AA_total-exemption-full-accounts-made-up-to-29-februa.txt
04156972,ALPHA (JPSB) LIMITED,2021-01-04,PSC02,companies/04156972_alpha-jpsb-limited/docs/2021-01-04_PSC02_notification-of-jpsb-group-limited-as-a-person-wit.pdf,companies/04156972_alpha-jpsb-limited/docs/2021-01-04_PSC02_notification-of-jpsb-group-limited-as-a-person-wit.txt
04156972,ALPHA (JPSB) LIMITED,2021-01-05,AA01,companies/04156972_alpha-jpsb-limited/docs/2021-01-05_AA01_current-accounting-period-extended-from-28-februar.pdf,companies/04156972_alpha-jpsb-limited/docs/2021-01-05_AA01_current-accounting-period-extended-from-28-februar.txt
04156972,ALPHA (JPSB) LIMITED,2021-01-06,CS01,companies/04156972_alpha-jpsb-limited/docs/2021-01-06_CS01_confirmation-statement-made-on-31-december-2020-wi.pdf,companies/04156972_alpha-jpsb-limited/docs/2021-01-06_CS01_confirmation-statement-made-on-31-december-2020-wi.txt
04156972,ALPHA (JPSB) LIMITED,2021-10-14,AA,companies/04156972_alpha-jpsb-limited/docs/2021-10-14_AA_total-exemption-full-accounts-made-up-to-31-march-.pdf,companies/04156972_alpha-jpsb-limited/docs/2021-10-14_AA_total-exemption-full-accounts-made-up-to-31-march-.txt
04156972,ALPHA (JPSB) LIMITED,2022-01-04,CS01,companies/04156972_alpha-jpsb-limited/docs/2022-01-04_CS01_confirmation-statement-made-on-31-december-2021-wi.pdf,companies/04156972_alpha-jpsb-limited/docs/2022-01-04_CS01_confirmation-statement-made-on-31-december-2021-wi.txt
04156972,ALPHA (JPSB) LIMITED,2022-06-13,AA,companies/04156972_alpha-jpsb-limited/docs/2022-06-13_AA_total-exemption-full-accounts-made-up-to-31-march-.pdf,companies/04156972_alpha-jpsb-limited/docs/2022-06-13_AA_total-exemption-full-accounts-made-up-to-31-march-.txt
04156972,ALPHA (JPSB) LIMITED,2023-01-12,CS01,companies/04156972_alpha-jpsb-limited/docs/2023-01-12_CS01_confirmation-statement-made-on-31-december-2022-wi.pdf,companies/04156972_alpha-jpsb-limited/docs/2023-01-12_CS01_confirmation-statement-made-on-31-december-2022-wi.txt
04156972,ALPHA (JPSB) LIMITED,2023-06-08,AA,companies/04156972_alpha-jpsb-limited/docs/2023-06-08_AA_total-exemption-full-accounts-made-up-to-31-march-.pdf,companies/04156972_alpha-jpsb-limited/docs/2023-06-08_AA_total-exemption-full-accounts-made-up-to-31-march-.txt
04156972,ALPHA (JPSB) LIMITED,2024-01-19,CS01,companies/04156972_alpha-jpsb-limited/docs/2024-01-19_CS01_confirmation-statement-made-on-31-december-2023-wi.pdf,companies/04156972_alpha-jpsb-limited/docs/2024-01-19_CS01_confirmation-statement-made-on-31-december-2023-wi.txt
04156972,ALPHA (JPSB) LIMITED,2024-12-19,AA,companies/04156972_alpha-jpsb-limited/docs/2024-12-19_AA_total-exemption-full-accounts-made-up-to-31-march-.pdf,companies/04156972_alpha-jpsb-limited/docs/2024-12-19_AA_total-exemption-full-accounts-made-up-to-31-march-.txt
04156972,ALPHA (JPSB) LIMITED,2025-01-02,CS01,companies/04156972_alpha-jpsb-limited/docs/2025-01-02_CS01_confirmation-statement-made-on-31-december-2024-wi.pdf,companies/04156972_alpha-jpsb-limited/docs/2025-01-02_CS01_confirmation-statement-made-on-31-december-2024-wi.txt
04156972,ALPHA (JPSB) LIMITED,2025-11-26,AA,companies/04156972_alpha-jpsb-limited/docs/2025-11-26_AA_total-exemption-full-accounts-made-up-to-31-march-.pdf,companies/04156972_alpha-jpsb-limited/docs/2025-11-26_AA_total-exemption-full-accounts-made-up-to-31-march-.txt
04156972,ALPHA (JPSB) LIMITED,2026-01-06,CS01,companies/04156972_alpha-jpsb-limited/docs/2026-01-06_CS01_confirmation-statement-made-on-31-december-2025-wi.pdf,companies/04156972_alpha-jpsb-limited/docs/2026-01-06_CS01_confirmation-statement-made-on-31-december-2025-wi.txt
04156972,ALPHA (JPSB) LIMITED,2026-05-18,PSC05,companies/04156972_alpha-jpsb-limited/docs/2026-05-18_PSC05_change-of-details-for-jpsb-group-limited-as-a-pers.pdf,companies/04156972_alpha-jpsb-limited/docs/2026-05-18_PSC05_change-of-details-for-jpsb-group-limited-as-a-pers.txt
04156972,ALPHA (JPSB) LIMITED,2026-06-21,CERTNM,companies/04156972_alpha-jpsb-limited/docs/2026-06-21_CERTNM_company-name-changed-jpsb-limited-certificate-issu.pdf,companies/04156972_alpha-jpsb-limited/docs/2026-06-21_CERTNM_company-name-changed-jpsb-limited-certificate-issu.txt
04710715,ALPHA FINANCIAL MARKETS CONSULTING UK LIMITED,2003-03-25,NEWINC,companies/04710715_alpha-financial-markets-consulting-uk-limited/docs/2003-03-25_NEWINC_incorporation.pdf,companies/04710715_alpha-financial-markets-consulting-uk-limited/docs/2003-03-25_NEWINC_incorporation.txt
04710715,ALPHA FINANCIAL MARKETS CONSULTING UK LIMITED,2003-04-09,288b,companies/04710715_alpha-financial-markets-consulting-uk-limited/docs/2003-04-09_288b_director-resigned.pdf,companies/04710715_alpha-financial-markets-consulting-uk-limited/docs/2003-04-09_288b_director-resigned.txt
04710715,ALPHA FINANCIAL MARKETS CONSULTING UK LIMITED,2003-04-09,288b,companies/04710715_alpha-financial-markets-consulting-uk-limited/docs/2003-04-09_288b_secretary-resigned.pdf,companies/04710715_alpha-financial-markets-consulting-uk-limited/docs/2003-04-09_288b_secretary-resigned.txt
04710715,ALPHA FINANCIAL MARKETS CONSULTING UK LIMITED,2003-04-11,288a,companies/04710715_alpha-financial-markets-consulting-uk-limited/docs/2003-04-11_288a_new-director-appointed.pdf,companies/04710715_alpha-financial-markets-consulting-uk-limited/docs/2003-04-11_288a_new-director-appointed.txt
04710715,ALPHA FINANCIAL MARKETS CONSULTING UK LIMITED,2003-04-11,288a,companies/04710715_alpha-financial-markets-consulting-uk-limited/docs/2003-04-11_288a_new-secretary-appointed.pdf,companies/04710715_alpha-financial-markets-consulting-uk-limited/docs/2003-04-11_288a_new-secretary-appointed.txt
04710715,ALPHA FINANCIAL MARKETS CONSULTING UK LIMITED,2004-04-08,123,companies/04710715_alpha-financial-markets-consulting-uk-limited/docs/2004-04-08_123_nc-inc-already-adjusted-26-03-04.pdf,companies/04710715_alpha-financial-markets-consulting-uk-limited/docs/2004-04-08_123_nc-inc-already-adjusted-26-03-04.txt
04710715,ALPHA FINANCIAL MARKETS CONSULTING UK LIMITED,2004-04-08,363s,companies/04710715_alpha-financial-markets-consulting-uk-limited/docs/2004-04-08_363s_return-made-up-to-25-03-04-full-list-of-members.pdf,companies/04710715_alpha-financial-markets-consulting-uk-limited/docs/2004-04-08_363s_return-made-up-to-25-03-04-full-list-of-members.txt
04710715,ALPHA FINANCIAL MARKETS CONSULTING UK LIMITED,2004-04-08,88(2)R,companies/04710715_alpha-financial-markets-consulting-uk-limited/docs/2004-04-08_88(2)R_ad-29-03-04-si-249999-1-249999-ic-1-250000.pdf,companies/04710715_alpha-financial-markets-consulting-uk-limited/docs/2004-04-08_88(2)R_ad-29-03-04-si-249999-1-249999-ic-1-250000.txt
04710715,ALPHA FINANCIAL MARKETS CONSULTING UK LIMITED,2004-04-08,RESOLUTIONS,companies/04710715_alpha-financial-markets-consulting-uk-limited/docs/2004-04-08_RESOLUTIONS_resolutions-res01-resolution-of-memorandum-and-or-.pdf,companies/04710715_alpha-financial-markets-consulting-uk-limited/docs/2004-04-08_RESOLUTIONS_resolutions-res01-resolution-of-memorandum-and-or-.txt
04710715,ALPHA FINANCIAL MARKETS CONSULTING UK LIMITED,2004-04-08,RESOLUTIONS,companies/04710715_alpha-financial-markets-consulting-uk-limited/docs/2004-04-08_RESOLUTIONS_resolutions-res04-resolution-of-increasing-authori.pdf,companies/04710715_alpha-financial-markets-consulting-uk-limited/docs/2004-04-08_RESOLUTIONS_resolutions-res04-resolution-of-increasing-authori.txt
04710715,ALPHA FINANCIAL MARKETS CONSULTING UK LIMITED,2004-04-28,288a,companies/04710715_alpha-financial-markets-consulting-uk-limited/docs/2004-04-28_288a_new-director-appointed.pdf,companies/04710715_alpha-financial-markets-consulting-uk-limited/docs/2004-04-28_288a_new-director-appointed.txt
04710715,ALPHA FINANCIAL MARKETS CONSULTING UK LIMITED,2004-05-25,288a,companies/04710715_alpha-financial-markets-consulting-uk-limited/docs/2004-05-25_288a_new-director-appointed.pdf,companies/04710715_alpha-financial-markets-consulting-uk-limited/docs/2004-05-25_288a_new-director-appointed.txt
04710715,ALPHA FINANCIAL MARKETS CONSULTING UK LIMITED,2004-05-25,88(2)R,companies/04710715_alpha-financial-markets-consulting-uk-limited/docs/2004-05-25_88(2)R_ad-14-05-04-si-25000-1-25000-ic-250000-275000.pdf,companies/04710715_alpha-financial-markets-consulting-uk-limited/docs/2004-05-25_88(2)R_ad-14-05-04-si-25000-1-25000-ic-250000-275000.txt
04710715,ALPHA FINANCIAL MARKETS CONSULTING UK LIMITED,2004-06-25,AA,companies/04710715_alpha-financial-markets-consulting-uk-limited/docs/2004-06-25_AA_total-exemption-full-accounts-made-up-to-31-march-.pdf,companies/04710715_alpha-financial-markets-consulting-uk-limited/docs/2004-06-25_AA_total-exemption-full-accounts-made-up-to-31-march-.txt
04710715,ALPHA FINANCIAL MARKETS CONSULTING UK LIMITED,2005-03-14,288a,companies/04710715_alpha-financial-markets-consulting-uk-limited/docs/2005-03-14_288a_new-director-appointed.pdf,companies/04710715_alpha-financial-markets-consulting-uk-limited/docs/2005-03-14_288a_new-director-appointed.txt
04710715,ALPHA FINANCIAL MARKETS CONSULTING UK LIMITED,2005-04-13,363s,companies/04710715_alpha-financial-markets-consulting-uk-limited/docs/2005-04-13_363s_return-made-up-to-25-03-05-full-list-of-members.pdf,companies/04710715_alpha-financial-markets-consulting-uk-limited/docs/2005-04-13_363s_return-made-up-to-25-03-05-full-list-of-members.txt
04710715,ALPHA FINANCIAL MARKETS CONSULTING UK LIMITED,2005-04-19,288a,companies/04710715_alpha-financial-markets-consulting-uk-limited/docs/2005-04-19_288a_new-secretary-appointed.pdf,companies/04710715_alpha-financial-markets-consulting-uk-limited/docs/2005-04-19_288a_new-secretary-appointed.txt
04710715,ALPHA FINANCIAL MARKETS CONSULTING UK LIMITED,2005-04-19,288b,companies/04710715_alpha-financial-markets-consulting-uk-limited/docs/2005-04-19_288b_director-resigned.pdf,companies/04710715_alpha-financial-markets-consulting-uk-limited/docs/2005-04-19_288b_director-resigned.txt
04710715,ALPHA FINANCIAL MARKETS CONSULTING UK LIMITED,2005-04-19,288b,companies/04710715_alpha-financial-markets-consulting-uk-limited/docs/2005-04-19_288b_secretary-resigned.pdf,companies/04710715_alpha-financial-markets-consulting-uk-limited/docs/2005-04-19_288b_secretary-resigned.txt
04710715,ALPHA FINANCIAL MARKETS CONSULTING UK LIMITED,2005-09-23,288c,companies/04710715_alpha-financial-markets-consulting-uk-limited/docs/2005-09-23_288c_secretary-s-particulars-changed-director-s-particu.pdf,companies/04710715_alpha-financial-markets-consulting-uk-limited/docs/2005-09-23_288c_secretary-s-particulars-changed-director-s-particu.txt
04710715,ALPHA FINANCIAL MARKETS CONSULTING UK LIMITED,2005-09-23,CERTNM,companies/04710715_alpha-financial-markets-consulting-uk-limited/docs/2005-09-23_CERTNM_company-name-changed-business-fidelity-limited-cer.pdf,companies/04710715_alpha-financial-markets-consulting-uk-limited/docs/2005-09-23_CERTNM_company-name-changed-business-fidelity-limited-cer.txt
04710715,ALPHA FINANCIAL MARKETS CONSULTING UK LIMITED,2006-01-24,AA,companies/04710715_alpha-financial-markets-consulting-uk-limited/docs/2006-01-24_AA_total-exemption-full-accounts-made-up-to-31-march-.pdf,companies/04710715_alpha-financial-markets-consulting-uk-limited/docs/2006-01-24_AA_total-exemption-full-accounts-made-up-to-31-march-.txt
04710715,ALPHA FINANCIAL MARKETS CONSULTING UK LIMITED,2006-04-04,363a,companies/04710715_alpha-financial-markets-consulting-uk-limited/docs/2006-04-04_363a_return-made-up-to-25-03-06-full-list-of-members.pdf,companies/04710715_alpha-financial-markets-consulting-uk-limited/docs/2006-04-04_363a_return-made-up-to-25-03-06-full-list-of-members.txt
04710715,ALPHA FINANCIAL MARKETS CONSULTING UK LIMITED,2007-01-09,288a,companies/04710715_alpha-financial-markets-consulting-uk-limited/docs/2007-01-09_288a_new-director-appointed.pdf,companies/04710715_alpha-financial-markets-consulting-uk-limited/docs/2007-01-09_288a_new-director-appointed.txt
04710715,ALPHA FINANCIAL MARKETS CONSULTING UK LIMITED,2007-01-26,AA,companies/04710715_alpha-financial-markets-consulting-uk-limited/docs/2007-01-26_AA_total-exemption-full-accounts-made-up-to-31-march-.pdf,companies/04710715_alpha-financial-markets-consulting-uk-limited/docs/2007-01-26_AA_total-exemption-full-accounts-made-up-to-31-march-.txt
04710715,ALPHA FINANCIAL MARKETS CONSULTING UK LIMITED,2007-04-02,288c,companies/04710715_alpha-financial-markets-consulting-uk-limited/docs/2007-04-02_288c_director-s-particulars-changed.pdf,companies/04710715_alpha-financial-markets-consulting-uk-limited/docs/2007-04-02_288c_director-s-particulars-changed.txt
04710715,ALPHA FINANCIAL MARKETS CONSULTING UK LIMITED,2007-04-17,363a,companies/04710715_alpha-financial-markets-consulting-uk-limited/docs/2007-04-17_363a_return-made-up-to-25-03-07-full-list-of-members.pdf,companies/04710715_alpha-financial-markets-consulting-uk-limited/docs/2007-04-17_363a_return-made-up-to-25-03-07-full-list-of-members.txt
04710715,ALPHA FINANCIAL MARKETS CONSULTING UK LIMITED,2007-05-16,RESOLUTIONS,companies/04710715_alpha-financial-markets-consulting-uk-limited/docs/2007-05-16_RESOLUTIONS_resolutions-res01-resolution-of-memorandum-and-or-.pdf,companies/04710715_alpha-financial-markets-consulting-uk-limited/docs/2007-05-16_RESOLUTIONS_resolutions-res01-resolution-of-memorandum-and-or-.txt
04710715,ALPHA FINANCIAL MARKETS CONSULTING UK LIMITED,2008-01-28,288a,companies/04710715_alpha-financial-markets-consulting-uk-limited/docs/2008-01-28_288a_new-director-appointed.pdf,companies/04710715_alpha-financial-markets-consulting-uk-limited/docs/2008-01-28_288a_new-director-appointed.txt
04710715,ALPHA FINANCIAL MARKETS CONSULTING UK LIMITED,2008-01-28,AA,companies/04710715_alpha-financial-markets-consulting-uk-limited/docs/2008-01-28_AA_full-accounts-made-up-to-31-march-2007.pdf,companies/04710715_alpha-financial-markets-consulting-uk-limited/docs/2008-01-28_AA_full-accounts-made-up-to-31-march-2007.txt
04710715,ALPHA FINANCIAL MARKETS CONSULTING UK LIMITED,2008-04-22,363a,companies/04710715_alpha-financial-markets-consulting-uk-limited/docs/2008-04-22_363a_return-made-up-to-25-03-08-full-list-of-members.pdf,companies/04710715_alpha-financial-markets-consulting-uk-limited/docs/2008-04-22_363a_return-made-up-to-25-03-08-full-list-of-members.txt
04710715,ALPHA FINANCIAL MARKETS CONSULTING UK LIMITED,2008-07-24,395,companies/04710715_alpha-financial-markets-consulting-uk-limited/docs/2008-07-24_395_particulars-of-a-mortgage-or-charge-charge-no-1.pdf,companies/04710715_alpha-financial-markets-consulting-uk-limited/docs/2008-07-24_395_particulars-of-a-mortgage-or-charge-charge-no-1.txt
04710715,ALPHA FINANCIAL MARKETS CONSULTING UK LIMITED,2009-01-09,AA,companies/04710715_alpha-financial-markets-consulting-uk-limited/docs/2009-01-09_AA_full-accounts-made-up-to-31-march-2008.pdf,companies/04710715_alpha-financial-markets-consulting-uk-limited/docs/2009-01-09_AA_full-accounts-made-up-to-31-march-2008.txt
04710715,ALPHA FINANCIAL MARKETS CONSULTING UK LIMITED,2009-05-21,363a,companies/04710715_alpha-financial-markets-consulting-uk-limited/docs/2009-05-21_363a_return-made-up-to-25-03-09-full-list-of-members.pdf,companies/04710715_alpha-financial-markets-consulting-uk-limited/docs/2009-05-21_363a_return-made-up-to-25-03-09-full-list-of-members.txt
04710715,ALPHA FINANCIAL MARKETS CONSULTING UK LIMITED,2010-01-19,AA,companies/04710715_alpha-financial-markets-consulting-uk-limited/docs/2010-01-19_AA_full-accounts-made-up-to-31-march-2009.pdf,companies/04710715_alpha-financial-markets-consulting-uk-limited/docs/2010-01-19_AA_full-accounts-made-up-to-31-march-2009.txt
04710715,ALPHA FINANCIAL MARKETS CONSULTING UK LIMITED,2010-03-16,RESOLUTIONS,companies/04710715_alpha-financial-markets-consulting-uk-limited/docs/2010-03-16_RESOLUTIONS_resolutions-res12-resolution-of-varying-share-righ.pdf,companies/04710715_alpha-financial-markets-consulting-uk-limited/docs/2010-03-16_RESOLUTIONS_resolutions-res12-resolution-of-varying-share-righ.txt
04710715,ALPHA FINANCIAL MARKETS CONSULTING UK LIMITED,2010-03-16,SH02,companies/04710715_alpha-financial-markets-consulting-uk-limited/docs/2010-03-16_SH02_sub-division-of-shares-on-11-march-2010.pdf,companies/04710715_alpha-financial-markets-consulting-uk-limited/docs/2010-03-16_SH02_sub-division-of-shares-on-11-march-2010.txt
04710715,ALPHA FINANCIAL MARKETS CONSULTING UK LIMITED,2010-04-26,AR01,companies/04710715_alpha-financial-markets-consulting-uk-limited/docs/2010-04-26_AR01_annual-return-made-up-to-25-march-2010-with-full-l.pdf,companies/04710715_alpha-financial-markets-consulting-uk-limited/docs/2010-04-26_AR01_annual-return-made-up-to-25-march-2010-with-full-l.txt
04710715,ALPHA FINANCIAL MARKETS CONSULTING UK LIMITED,2010-10-07,MG02,companies/04710715_alpha-financial-markets-consulting-uk-limited/docs/2010-10-07_MG02_declaration-of-satisfaction-in-full-or-in-part-of-.pdf,companies/04710715_alpha-financial-markets-consulting-uk-limited/docs/2010-10-07_MG02_declaration-of-satisfaction-in-full-or-in-part-of-.txt
04710715,ALPHA FINANCIAL MARKETS CONSULTING UK LIMITED,2010-10-18,SH02,companies/04710715_alpha-financial-markets-consulting-uk-limited/docs/2010-10-18_SH02_consolidation-of-shares-on-12-october-2010.pdf,companies/04710715_alpha-financial-markets-consulting-uk-limited/docs/2010-10-18_SH02_consolidation-of-shares-on-12-october-2010.txt
04710715,ALPHA FINANCIAL MARKETS CONSULTING UK LIMITED,2011-01-04,AA,companies/04710715_alpha-financial-markets-consulting-uk-limited/docs/2011-01-04_AA_full-accounts-made-up-to-31-march-2010.pdf,companies/04710715_alpha-financial-markets-consulting-uk-limited/docs/2011-01-04_AA_full-accounts-made-up-to-31-march-2010.txt
04710715,ALPHA FINANCIAL MARKETS CONSULTING UK LIMITED,2011-05-17,AR01,companies/04710715_alpha-financial-markets-consulting-uk-limited/docs/2011-05-17_AR01_annual-return-made-up-to-25-march-2011-with-full-l.pdf,companies/04710715_alpha-financial-markets-consulting-uk-limited/docs/2011-05-17_AR01_annual-return-made-up-to-25-march-2011-with-full-l.txt
04710715,ALPHA FINANCIAL MARKETS CONSULTING UK LIMITED,2011-12-30,AA,companies/04710715_alpha-financial-markets-consulting-uk-limited/docs/2011-12-30_AA_full-accounts-made-up-to-31-march-2011.pdf,companies/04710715_alpha-financial-markets-consulting-uk-limited/docs/2011-12-30_AA_full-accounts-made-up-to-31-march-2011.txt
04710715,ALPHA FINANCIAL MARKETS CONSULTING UK LIMITED,2012-05-21,AR01,companies/04710715_alpha-financial-markets-consulting-uk-limited/docs/2012-05-21_AR01_annual-return-made-up-to-25-march-2012-with-full-l.pdf,companies/04710715_alpha-financial-markets-consulting-uk-limited/docs/2012-05-21_AR01_annual-return-made-up-to-25-march-2012-with-full-l.txt
04710715,ALPHA FINANCIAL MARKETS CONSULTING UK LIMITED,2013-01-02,AA,companies/04710715_alpha-financial-markets-consulting-uk-limited/docs/2013-01-02_AA_full-accounts-made-up-to-31-march-2012.pdf,companies/04710715_alpha-financial-markets-consulting-uk-limited/docs/2013-01-02_AA_full-accounts-made-up-to-31-march-2012.txt
04710715,ALPHA FINANCIAL MARKETS CONSULTING UK LIMITED,2013-04-18,AR01,companies/04710715_alpha-financial-markets-consulting-uk-limited/docs/2013-04-18_AR01_annual-return-made-up-to-25-march-2013-with-full-l.pdf,companies/04710715_alpha-financial-markets-consulting-uk-limited/docs/2013-04-18_AR01_annual-return-made-up-to-25-march-2013-with-full-l.txt
04710715,ALPHA FINANCIAL MARKETS CONSULTING UK LIMITED,2013-10-29,MR01,companies/04710715_alpha-financial-markets-consulting-uk-limited/docs/2013-10-29_MR01_registration-of-charge-047107150002.pdf,companies/04710715_alpha-financial-markets-consulting-uk-limited/docs/2013-10-29_MR01_registration-of-charge-047107150002.txt
04710715,ALPHA FINANCIAL MARKETS CONSULTING UK LIMITED,2013-10-30,RESOLUTIONS,companies/04710715_alpha-financial-markets-consulting-uk-limited/docs/2013-10-30_RESOLUTIONS_resolutions-res01-resolution-of-memorandum-and-or-.pdf,companies/04710715_alpha-financial-markets-consulting-uk-limited/docs/2013-10-30_RESOLUTIONS_resolutions-res01-resolution-of-memorandum-and-or-.txt
04710715,ALPHA FINANCIAL MARKETS CONSULTING UK LIMITED,2013-11-06,MR01,companies/04710715_alpha-financial-markets-consulting-uk-limited/docs/2013-11-06_MR01_registration-of-charge-047107150003.pdf,companies/04710715_alpha-financial-markets-consulting-uk-limited/docs/2013-11-06_MR01_registration-of-charge-047107150003.txt
04710715,ALPHA FINANCIAL MARKETS CONSULTING UK LIMITED,2013-12-11,AA,companies/04710715_alpha-financial-markets-consulting-uk-limited/docs/2013-12-11_AA_full-accounts-made-up-to-31-march-2013.pdf,companies/04710715_alpha-financial-markets-consulting-uk-limited/docs/2013-12-11_AA_full-accounts-made-up-to-31-march-2013.txt
04710715,ALPHA FINANCIAL MARKETS CONSULTING UK LIMITED,2014-05-16,AR01,companies/04710715_alpha-financial-markets-consulting-uk-limited/docs/2014-05-16_AR01_annual-return-made-up-to-25-march-2014-with-full-l.pdf,companies/04710715_alpha-financial-markets-consulting-uk-limited/docs/2014-05-16_AR01_annual-return-made-up-to-25-march-2014-with-full-l.txt
04710715,ALPHA FINANCIAL MARKETS CONSULTING UK LIMITED,2015-02-06,AA,companies/04710715_alpha-financial-markets-consulting-uk-limited/docs/2015-02-06_AA_full-accounts-made-up-to-31-march-2014.pdf,companies/04710715_alpha-financial-markets-consulting-uk-limited/docs/2015-02-06_AA_full-accounts-made-up-to-31-march-2014.txt
04710715,ALPHA FINANCIAL MARKETS CONSULTING UK LIMITED,2015-04-22,AR01,companies/04710715_alpha-financial-markets-consulting-uk-limited/docs/2015-04-22_AR01_annual-return-made-up-to-25-march-2015-with-full-l.pdf,companies/04710715_alpha-financial-markets-consulting-uk-limited/docs/2015-04-22_AR01_annual-return-made-up-to-25-march-2015-with-full-l.txt
04710715,ALPHA FINANCIAL MARKETS CONSULTING UK LIMITED,2016-01-06,AA,companies/04710715_alpha-financial-markets-consulting-uk-limited/docs/2016-01-06_AA_full-accounts-made-up-to-31-march-2015.pdf,companies/04710715_alpha-financial-markets-consulting-uk-limited/docs/2016-01-06_AA_full-accounts-made-up-to-31-march-2015.txt
04710715,ALPHA FINANCIAL MARKETS CONSULTING UK LIMITED,2016-02-06,MR01,companies/04710715_alpha-financial-markets-consulting-uk-limited/docs/2016-02-06_MR01_registration-of-charge-047107150004-created-on-3-f.pdf,companies/04710715_alpha-financial-markets-consulting-uk-limited/docs/2016-02-06_MR01_registration-of-charge-047107150004-created-on-3-f.txt
04710715,ALPHA FINANCIAL MARKETS CONSULTING UK LIMITED,2016-02-12,MR01,companies/04710715_alpha-financial-markets-consulting-uk-limited/docs/2016-02-12_MR01_registration-of-charge-047107150005-created-on-3-f.pdf,companies/04710715_alpha-financial-markets-consulting-uk-limited/docs/2016-02-12_MR01_registration-of-charge-047107150005-created-on-3-f.txt
04710715,ALPHA FINANCIAL MARKETS CONSULTING UK LIMITED,2016-02-19,RESOLUTIONS,companies/04710715_alpha-financial-markets-consulting-uk-limited/docs/2016-02-19_RESOLUTIONS_resolutions-res01-resolution-of-adoption-of-articl.pdf,companies/04710715_alpha-financial-markets-consulting-uk-limited/docs/2016-02-19_RESOLUTIONS_resolutions-res01-resolution-of-adoption-of-articl.txt
04710715,ALPHA FINANCIAL MARKETS CONSULTING UK LIMITED,2016-03-31,AR01,companies/04710715_alpha-financial-markets-consulting-uk-limited/docs/2016-03-31_AR01_annual-return-made-up-to-25-march-2016-with-full-l.pdf,companies/04710715_alpha-financial-markets-consulting-uk-limited/docs/2016-03-31_AR01_annual-return-made-up-to-25-march-2016-with-full-l.txt
04710715,ALPHA FINANCIAL MARKETS CONSULTING UK LIMITED,2016-07-21,RP04AP01,companies/04710715_alpha-financial-markets-consulting-uk-limited/docs/2016-07-21_RP04AP01_second-filing-for-the-appointment-of-jonathan-phil.pdf,companies/04710715_alpha-financial-markets-consulting-uk-limited/docs/2016-07-21_RP04AP01_second-filing-for-the-appointment-of-jonathan-phil.txt
04710715,ALPHA FINANCIAL MARKETS CONSULTING UK LIMITED,2016-09-13,MR04,companies/04710715_alpha-financial-markets-consulting-uk-limited/docs/2016-09-13_MR04_satisfaction-of-charge-047107150002-in-full.pdf,companies/04710715_alpha-financial-markets-consulting-uk-limited/docs/2016-09-13_MR04_satisfaction-of-charge-047107150002-in-full.txt
04710715,ALPHA FINANCIAL MARKETS CONSULTING UK LIMITED,2016-09-13,MR04,companies/04710715_alpha-financial-markets-consulting-uk-limited/docs/2016-09-13_MR04_satisfaction-of-charge-047107150003-in-full.pdf,companies/04710715_alpha-financial-markets-consulting-uk-limited/docs/2016-09-13_MR04_satisfaction-of-charge-047107150003-in-full.txt
04710715,ALPHA FINANCIAL MARKETS CONSULTING UK LIMITED,2016-10-14,AA,companies/04710715_alpha-financial-markets-consulting-uk-limited/docs/2016-10-14_AA_full-accounts-made-up-to-31-march-2016.pdf,companies/04710715_alpha-financial-markets-consulting-uk-limited/docs/2016-10-14_AA_full-accounts-made-up-to-31-march-2016.txt
04710715,ALPHA FINANCIAL MARKETS CONSULTING UK LIMITED,2017-04-07,CS01,companies/04710715_alpha-financial-markets-consulting-uk-limited/docs/2017-04-07_CS01_confirmation-statement-made-on-25-march-2017-with-.pdf,companies/04710715_alpha-financial-markets-consulting-uk-limited/docs/2017-04-07_CS01_confirmation-statement-made-on-25-march-2017-with-.txt
04710715,ALPHA FINANCIAL MARKETS CONSULTING UK LIMITED,2017-10-04,CONNOT,companies/04710715_alpha-financial-markets-consulting-uk-limited/docs/2017-10-04_CONNOT_change-of-name-notice.pdf,companies/04710715_alpha-financial-markets-consulting-uk-limited/docs/2017-10-04_CONNOT_change-of-name-notice.txt
04710715,ALPHA FINANCIAL MARKETS CONSULTING UK LIMITED,2017-10-04,RESOLUTIONS,companies/04710715_alpha-financial-markets-consulting-uk-limited/docs/2017-10-04_RESOLUTIONS_resolutions-res15-change-company-name-resolution-o.pdf,companies/04710715_alpha-financial-markets-consulting-uk-limited/docs/2017-10-04_RESOLUTIONS_resolutions-res15-change-company-name-resolution-o.txt
04710715,ALPHA FINANCIAL MARKETS CONSULTING UK LIMITED,2017-11-06,MR04,companies/04710715_alpha-financial-markets-consulting-uk-limited/docs/2017-11-06_MR04_satisfaction-of-charge-047107150004-in-full.pdf,companies/04710715_alpha-financial-markets-consulting-uk-limited/docs/2017-11-06_MR04_satisfaction-of-charge-047107150004-in-full.txt
04710715,ALPHA FINANCIAL MARKETS CONSULTING UK LIMITED,2017-11-06,MR04,companies/04710715_alpha-financial-markets-consulting-uk-limited/docs/2017-11-06_MR04_satisfaction-of-charge-047107150005-in-full.pdf,companies/04710715_alpha-financial-markets-consulting-uk-limited/docs/2017-11-06_MR04_satisfaction-of-charge-047107150005-in-full.txt
04710715,ALPHA FINANCIAL MARKETS CONSULTING UK LIMITED,2017-11-22,AA,companies/04710715_alpha-financial-markets-consulting-uk-limited/docs/2017-11-22_AA_full-accounts-made-up-to-31-march-2017.pdf,companies/04710715_alpha-financial-markets-consulting-uk-limited/docs/2017-11-22_AA_full-accounts-made-up-to-31-march-2017.txt
04710715,ALPHA FINANCIAL MARKETS CONSULTING UK LIMITED,2018-03-27,CS01,companies/04710715_alpha-financial-markets-consulting-uk-limited/docs/2018-03-27_CS01_confirmation-statement-made-on-25-march-2018-with-.pdf,companies/04710715_alpha-financial-markets-consulting-uk-limited/docs/2018-03-27_CS01_confirmation-statement-made-on-25-march-2018-with-.txt
04710715,ALPHA FINANCIAL MARKETS CONSULTING UK LIMITED,2019-01-07,AA,companies/04710715_alpha-financial-markets-consulting-uk-limited/docs/2019-01-07_AA_full-accounts-made-up-to-31-march-2018.pdf,companies/04710715_alpha-financial-markets-consulting-uk-limited/docs/2019-01-07_AA_full-accounts-made-up-to-31-march-2018.txt
04710715,ALPHA FINANCIAL MARKETS CONSULTING UK LIMITED,2019-04-08,CS01,companies/04710715_alpha-financial-markets-consulting-uk-limited/docs/2019-04-08_CS01_confirmation-statement-made-on-25-march-2019-with-.pdf,companies/04710715_alpha-financial-markets-consulting-uk-limited/docs/2019-04-08_CS01_confirmation-statement-made-on-25-march-2019-with-.txt
04710715,ALPHA FINANCIAL MARKETS CONSULTING UK LIMITED,2020-03-09,AA,companies/04710715_alpha-financial-markets-consulting-uk-limited/docs/2020-03-09_AA_full-accounts-made-up-to-31-march-2019.pdf,companies/04710715_alpha-financial-markets-consulting-uk-limited/docs/2020-03-09_AA_full-accounts-made-up-to-31-march-2019.txt
04710715,ALPHA FINANCIAL MARKETS CONSULTING UK LIMITED,2020-06-08,CS01,companies/04710715_alpha-financial-markets-consulting-uk-limited/docs/2020-06-08_CS01_confirmation-statement-made-on-25-march-2020-with-.pdf,companies/04710715_alpha-financial-markets-consulting-uk-limited/docs/2020-06-08_CS01_confirmation-statement-made-on-25-march-2020-with-.txt
04710715,ALPHA FINANCIAL MARKETS CONSULTING UK LIMITED,2020-12-15,AA,companies/04710715_alpha-financial-markets-consulting-uk-limited/docs/2020-12-15_AA_full-accounts-made-up-to-31-march-2020.pdf,companies/04710715_alpha-financial-markets-consulting-uk-limited/docs/2020-12-15_AA_full-accounts-made-up-to-31-march-2020.txt
04710715,ALPHA FINANCIAL MARKETS CONSULTING UK LIMITED,2021-03-26,CS01,companies/04710715_alpha-financial-markets-consulting-uk-limited/docs/2021-03-26_CS01_confirmation-statement-made-on-25-march-2021-with-.pdf,companies/04710715_alpha-financial-markets-consulting-uk-limited/docs/2021-03-26_CS01_confirmation-statement-made-on-25-march-2021-with-.txt
04710715,ALPHA FINANCIAL MARKETS CONSULTING UK LIMITED,2021-12-22,AA,companies/04710715_alpha-financial-markets-consulting-uk-limited/docs/2021-12-22_AA_full-accounts-made-up-to-31-march-2021.pdf,companies/04710715_alpha-financial-markets-consulting-uk-limited/docs/2021-12-22_AA_full-accounts-made-up-to-31-march-2021.txt
04710715,ALPHA FINANCIAL MARKETS CONSULTING UK LIMITED,2022-03-09,CS01,companies/04710715_alpha-financial-markets-consulting-uk-limited/docs/2022-03-09_CS01_confirmation-statement-made-on-1-march-2022-with-n.pdf,companies/04710715_alpha-financial-markets-consulting-uk-limited/docs/2022-03-09_CS01_confirmation-statement-made-on-1-march-2022-with-n.txt
04710715,ALPHA FINANCIAL MARKETS CONSULTING UK LIMITED,2022-10-20,AA,companies/04710715_alpha-financial-markets-consulting-uk-limited/docs/2022-10-20_AA_full-accounts-made-up-to-31-march-2022.pdf,companies/04710715_alpha-financial-markets-consulting-uk-limited/docs/2022-10-20_AA_full-accounts-made-up-to-31-march-2022.txt
04710715,ALPHA FINANCIAL MARKETS CONSULTING UK LIMITED,2023-03-08,CS01,companies/04710715_alpha-financial-markets-consulting-uk-limited/docs/2023-03-08_CS01_confirmation-statement-made-on-1-march-2023-with-n.pdf,companies/04710715_alpha-financial-markets-consulting-uk-limited/docs/2023-03-08_CS01_confirmation-statement-made-on-1-march-2023-with-n.txt
04710715,ALPHA FINANCIAL MARKETS CONSULTING UK LIMITED,2023-11-20,AA,companies/04710715_alpha-financial-markets-consulting-uk-limited/docs/2023-11-20_AA_full-accounts-made-up-to-31-march-2023.pdf,companies/04710715_alpha-financial-markets-consulting-uk-limited/docs/2023-11-20_AA_full-accounts-made-up-to-31-march-2023.txt
04710715,ALPHA FINANCIAL MARKETS CONSULTING UK LIMITED,2024-03-01,CS01,companies/04710715_alpha-financial-markets-consulting-uk-limited/docs/2024-03-01_CS01_confirmation-statement-made-on-1-march-2024-with-n.pdf,companies/04710715_alpha-financial-markets-consulting-uk-limited/docs/2024-03-01_CS01_confirmation-statement-made-on-1-march-2024-with-n.txt
04710715,ALPHA FINANCIAL MARKETS CONSULTING UK LIMITED,2024-12-13,CC04,companies/04710715_alpha-financial-markets-consulting-uk-limited/docs/2024-12-13_CC04_statement-of-company-s-objects.pdf,companies/04710715_alpha-financial-markets-consulting-uk-limited/docs/2024-12-13_CC04_statement-of-company-s-objects.txt
04710715,ALPHA FINANCIAL MARKETS CONSULTING UK LIMITED,2024-12-13,MR01,companies/04710715_alpha-financial-markets-consulting-uk-limited/docs/2024-12-13_MR01_registration-of-charge-047107150006-created-on-10-.pdf,companies/04710715_alpha-financial-markets-consulting-uk-limited/docs/2024-12-13_MR01_registration-of-charge-047107150006-created-on-10-.txt
04710715,ALPHA FINANCIAL MARKETS CONSULTING UK LIMITED,2024-12-24,AA,companies/04710715_alpha-financial-markets-consulting-uk-limited/docs/2024-12-24_AA_full-accounts-made-up-to-31-march-2024.pdf,companies/04710715_alpha-financial-markets-consulting-uk-limited/docs/2024-12-24_AA_full-accounts-made-up-to-31-march-2024.txt
04710715,ALPHA FINANCIAL MARKETS CONSULTING UK LIMITED,2025-03-07,CS01,companies/04710715_alpha-financial-markets-consulting-uk-limited/docs/2025-03-07_CS01_confirmation-statement-made-on-1-march-2025-with-n.pdf,companies/04710715_alpha-financial-markets-consulting-uk-limited/docs/2025-03-07_CS01_confirmation-statement-made-on-1-march-2025-with-n.txt
04710715,ALPHA FINANCIAL MARKETS CONSULTING UK LIMITED,2025-10-29,AGREEMENT2,companies/04710715_alpha-financial-markets-consulting-uk-limited/docs/2025-10-29_AGREEMENT2_notice-of-agreement-to-exemption-from-audit-of-acc.pdf,companies/04710715_alpha-financial-markets-consulting-uk-limited/docs/2025-10-29_AGREEMENT2_notice-of-agreement-to-exemption-from-audit-of-acc.txt
04710715,ALPHA FINANCIAL MARKETS CONSULTING UK LIMITED,2025-10-29,GUARANTEE2,companies/04710715_alpha-financial-markets-consulting-uk-limited/docs/2025-10-29_GUARANTEE2_audit-exemption-statement-of-guarantee-by-parent-c.pdf,companies/04710715_alpha-financial-markets-consulting-uk-limited/docs/2025-10-29_GUARANTEE2_audit-exemption-statement-of-guarantee-by-parent-c.txt
04710715,ALPHA FINANCIAL MARKETS CONSULTING UK LIMITED,2025-10-29,PARENT,companies/04710715_alpha-financial-markets-consulting-uk-limited/docs/2025-10-29_PARENT_ACC_consolidated-accounts-of-parent-company-for-subsid.pdf,companies/04710715_alpha-financial-markets-consulting-uk-limited/docs/2025-10-29_PARENT_ACC_consolidated-accounts-of-parent-company-for-subsid.txt
04710715,ALPHA FINANCIAL MARKETS CONSULTING UK LIMITED,2026-01-08,AA,companies/04710715_alpha-financial-markets-consulting-uk-limited/docs/2026-01-08_AA_audit-exemption-subsidiary-accounts-made-up-to-31-.pdf,companies/04710715_alpha-financial-markets-consulting-uk-limited/docs/2026-01-08_AA_audit-exemption-subsidiary-accounts-made-up-to-31-.txt
04710715,ALPHA FINANCIAL MARKETS CONSULTING UK LIMITED,2026-03-12,CS01,companies/04710715_alpha-financial-markets-consulting-uk-limited/docs/2026-03-12_CS01_confirmation-statement-made-on-1-march-2026-with-n.pdf,companies/04710715_alpha-financial-markets-consulting-uk-limited/docs/2026-03-12_CS01_confirmation-statement-made-on-1-march-2026-with-n.txt
04710715,ALPHA FINANCIAL MARKETS CONSULTING UK LIMITED,2026-07-01,PSC05,companies/04710715_alpha-financial-markets-consulting-uk-limited/docs/2026-07-01_PSC05_change-of-details-for-alpha-financial-markets-cons.pdf,companies/04710715_alpha-financial-markets-consulting-uk-limited/docs/2026-07-01_PSC05_change-of-details-for-alpha-financial-markets-cons.txt
04710715,ALPHA FINANCIAL MARKETS CONSULTING UK LIMITED,2026-08-07,AGREEMENT2,companies/04710715_alpha-financial-markets-consulting-uk-limited/docs/2026-08-07_AGREEMENT2_notice-of-agreement-to-exemption-from-audit-of-acc.pdf,companies/04710715_alpha-financial-markets-consulting-uk-limited/docs/2026-08-07_AGREEMENT2_notice-of-agreement-to-exemption-from-audit-of-acc.txt
04710715,ALPHA FINANCIAL MARKETS CONSULTING UK LIMITED,2026-08-07,GUARANTEE2,companies/04710715_alpha-financial-markets-consulting-uk-limited/docs/2026-08-07_GUARANTEE2_audit-exemption-statement-of-guarantee-by-parent-c.pdf,companies/04710715_alpha-financial-markets-consulting-uk-limited/docs/2026-08-07_GUARANTEE2_audit-exemption-statement-of-guarantee-by-parent-c.txt
04710715,ALPHA FINANCIAL MARKETS CONSULTING UK LIMITED,2026-08-07,PARENT,companies/04710715_alpha-financial-markets-consulting-uk-limited/docs/2026-08-07_PARENT_ACC_consolidated-accounts-of-parent-company-for-subsid.pdf,companies/04710715_alpha-financial-markets-consulting-uk-limited/docs/2026-08-07_PARENT_ACC_consolidated-accounts-of-parent-company-for-subsid.txt
04967647,ALPHA (AXXSYS) LIMITED,2003-11-18,NEWINC,companies/04967647_alpha-axxsys-limited/docs/2003-11-18_NEWINC_incorporation.pdf,companies/04967647_alpha-axxsys-limited/docs/2003-11-18_NEWINC_incorporation.txt
04967647,ALPHA (AXXSYS) LIMITED,2003-12-12,288a,companies/04967647_alpha-axxsys-limited/docs/2003-12-12_288a_new-director-appointed.pdf,companies/04967647_alpha-axxsys-limited/docs/2003-12-12_288a_new-director-appointed.txt
04967647,ALPHA (AXXSYS) LIMITED,2003-12-12,288b,companies/04967647_alpha-axxsys-limited/docs/2003-12-12_288b_director-resigned.pdf,companies/04967647_alpha-axxsys-limited/docs/2003-12-12_288b_director-resigned.txt
04967647,ALPHA (AXXSYS) LIMITED,2004-10-08,288a,companies/04967647_alpha-axxsys-limited/docs/2004-10-08_288a_new-director-appointed.pdf,companies/04967647_alpha-axxsys-limited/docs/2004-10-08_288a_new-director-appointed.txt
04967647,ALPHA (AXXSYS) LIMITED,2004-12-20,363s,companies/04967647_alpha-axxsys-limited/docs/2004-12-20_363s_return-made-up-to-18-11-04-full-list-of-members.pdf,companies/04967647_alpha-axxsys-limited/docs/2004-12-20_363s_return-made-up-to-18-11-04-full-list-of-members.txt
04967647,ALPHA (AXXSYS) LIMITED,2005-07-20,122,companies/04967647_alpha-axxsys-limited/docs/2005-07-20_122_div-05-07-05.pdf,companies/04967647_alpha-axxsys-limited/docs/2005-07-20_122_div-05-07-05.txt
04967647,ALPHA (AXXSYS) LIMITED,2005-08-10,RESOLUTIONS,companies/04967647_alpha-axxsys-limited/docs/2005-08-10_RESOLUTIONS_resolutions-res13-div-1000-at-0-10-each-05-07-05.pdf,companies/04967647_alpha-axxsys-limited/docs/2005-08-10_RESOLUTIONS_resolutions-res13-div-1000-at-0-10-each-05-07-05.txt
04967647,ALPHA (AXXSYS) LIMITED,2005-10-14,AA,companies/04967647_alpha-axxsys-limited/docs/2005-10-14_AA_total-exemption-small-company-accounts-made-up-to-.pdf,companies/04967647_alpha-axxsys-limited/docs/2005-10-14_AA_total-exemption-small-company-accounts-made-up-to-.txt
04967647,ALPHA (AXXSYS) LIMITED,2006-01-10,363s,companies/04967647_alpha-axxsys-limited/docs/2006-01-10_363s_return-made-up-to-18-11-05-full-list-of-members.pdf,companies/04967647_alpha-axxsys-limited/docs/2006-01-10_363s_return-made-up-to-18-11-05-full-list-of-members.txt
04967647,ALPHA (AXXSYS) LIMITED,2006-03-07,88(2)R,companies/04967647_alpha-axxsys-limited/docs/2006-03-07_88(2)R_ad-05-07-05-si-998-1.pdf,companies/04967647_alpha-axxsys-limited/docs/2006-03-07_88(2)R_ad-05-07-05-si-998-1.txt
04967647,ALPHA (AXXSYS) LIMITED,2006-03-07,88-2-R,companies/04967647_alpha-axxsys-limited/docs/2006-03-07_88-2-R_ad-05-07-05-si-998-1.pdf,companies/04967647_alpha-axxsys-limited/docs/2006-03-07_88-2-R_ad-05-07-05-si-998-1.txt
04967647,ALPHA (AXXSYS) LIMITED,2006-03-10,287,companies/04967647_alpha-axxsys-limited/docs/2006-03-10_287_registered-office-changed-on-10-03-06-from-2-pleas.pdf,companies/04967647_alpha-axxsys-limited/docs/2006-03-10_287_registered-office-changed-on-10-03-06-from-2-pleas.txt
04967647,ALPHA (AXXSYS) LIMITED,2006-03-10,288c,companies/04967647_alpha-axxsys-limited/docs/2006-03-10_288c_director-s-particulars-changed.pdf,companies/04967647_alpha-axxsys-limited/docs/2006-03-10_288c_director-s-particulars-changed.txt
04967647,ALPHA (AXXSYS) LIMITED,2006-03-15,363s,companies/04967647_alpha-axxsys-limited/docs/2006-03-15_363s_return-made-up-to-18-11-05-full-list-of-members-am.pdf,companies/04967647_alpha-axxsys-limited/docs/2006-03-15_363s_return-made-up-to-18-11-05-full-list-of-members-am.txt
04967647,ALPHA (AXXSYS) LIMITED,2006-08-31,AA,companies/04967647_alpha-axxsys-limited/docs/2006-08-31_AA_total-exemption-small-company-accounts-made-up-to-.pdf,companies/04967647_alpha-axxsys-limited/docs/2006-08-31_AA_total-exemption-small-company-accounts-made-up-to-.txt
04967647,ALPHA (AXXSYS) LIMITED,2007-04-21,225,companies/04967647_alpha-axxsys-limited/docs/2007-04-21_225_accounting-reference-date-extended-from-30-11-06-t.pdf,companies/04967647_alpha-axxsys-limited/docs/2007-04-21_225_accounting-reference-date-extended-from-30-11-06-t.txt
04967647,ALPHA (AXXSYS) LIMITED,2007-04-30,363s,companies/04967647_alpha-axxsys-limited/docs/2007-04-30_363s_return-made-up-to-18-11-06-full-list-of-members-36.pdf,companies/04967647_alpha-axxsys-limited/docs/2007-04-30_363s_return-made-up-to-18-11-06-full-list-of-members-36.txt
04967647,ALPHA (AXXSYS) LIMITED,2007-05-18,287,companies/04967647_alpha-axxsys-limited/docs/2007-05-18_287_registered-office-changed-on-18-05-07-from-token-h.pdf,companies/04967647_alpha-axxsys-limited/docs/2007-05-18_287_registered-office-changed-on-18-05-07-from-token-h.txt
04967647,ALPHA (AXXSYS) LIMITED,2007-05-18,288c,companies/04967647_alpha-axxsys-limited/docs/2007-05-18_288c_director-s-particulars-changed-2.pdf,companies/04967647_alpha-axxsys-limited/docs/2007-05-18_288c_director-s-particulars-changed-2.txt
04967647,ALPHA (AXXSYS) LIMITED,2007-05-18,288c,companies/04967647_alpha-axxsys-limited/docs/2007-05-18_288c_director-s-particulars-changed.pdf,companies/04967647_alpha-axxsys-limited/docs/2007-05-18_288c_director-s-particulars-changed.txt
04967647,ALPHA (AXXSYS) LIMITED,2007-10-23,AA,companies/04967647_alpha-axxsys-limited/docs/2007-10-23_AA_total-exemption-small-company-accounts-made-up-to-.pdf,companies/04967647_alpha-axxsys-limited/docs/2007-10-23_AA_total-exemption-small-company-accounts-made-up-to-.txt
04967647,ALPHA (AXXSYS) LIMITED,2007-11-27,288c,companies/04967647_alpha-axxsys-limited/docs/2007-11-27_288c_director-s-particulars-changed.pdf,companies/04967647_alpha-axxsys-limited/docs/2007-11-27_288c_director-s-particulars-changed.txt
04967647,ALPHA (AXXSYS) LIMITED,2007-12-14,288a,companies/04967647_alpha-axxsys-limited/docs/2007-12-14_288a_new-director-appointed.pdf,companies/04967647_alpha-axxsys-limited/docs/2007-12-14_288a_new-director-appointed.txt
04967647,ALPHA (AXXSYS) LIMITED,2008-01-29,363a,companies/04967647_alpha-axxsys-limited/docs/2008-01-29_363a_return-made-up-to-18-11-07-full-list-of-members.pdf,companies/04967647_alpha-axxsys-limited/docs/2008-01-29_363a_return-made-up-to-18-11-07-full-list-of-members.txt
04967647,ALPHA (AXXSYS) LIMITED,2008-02-14,123,companies/04967647_alpha-axxsys-limited/docs/2008-02-14_123_nc-inc-already-adjusted-12-02-08.pdf,companies/04967647_alpha-axxsys-limited/docs/2008-02-14_123_nc-inc-already-adjusted-12-02-08.txt
04967647,ALPHA (AXXSYS) LIMITED,2008-02-14,128(4),companies/04967647_alpha-axxsys-limited/docs/2008-02-14_128(4)_notice-of-assignment-of-name-or-new-name-to-shares.pdf,companies/04967647_alpha-axxsys-limited/docs/2008-02-14_128(4)_notice-of-assignment-of-name-or-new-name-to-shares.txt
04967647,ALPHA (AXXSYS) LIMITED,2008-02-14,128-4-,companies/04967647_alpha-axxsys-limited/docs/2008-02-14_128-4-_notice-of-assignment-of-name-or-new-name-to-shares.pdf,companies/04967647_alpha-axxsys-limited/docs/2008-02-14_128-4-_notice-of-assignment-of-name-or-new-name-to-shares.txt
04967647,ALPHA (AXXSYS) LIMITED,2008-02-14,RESOLUTIONS,companies/04967647_alpha-axxsys-limited/docs/2008-02-14_RESOLUTIONS_resolutions-res01-resolution-of-memorandum-and-or-.pdf,companies/04967647_alpha-axxsys-limited/docs/2008-02-14_RESOLUTIONS_resolutions-res01-resolution-of-memorandum-and-or-.txt
04967647,ALPHA (AXXSYS) LIMITED,2008-03-18,288a,companies/04967647_alpha-axxsys-limited/docs/2008-03-18_288a_director-appointed-phillip-ritchie.pdf,companies/04967647_alpha-axxsys-limited/docs/2008-03-18_288a_director-appointed-phillip-ritchie.txt
04967647,ALPHA (AXXSYS) LIMITED,2008-10-01,AA,companies/04967647_alpha-axxsys-limited/docs/2008-10-01_AA_total-exemption-small-company-accounts-made-up-to-.pdf,companies/04967647_alpha-axxsys-limited/docs/2008-10-01_AA_total-exemption-small-company-accounts-made-up-to-.txt
04967647,ALPHA (AXXSYS) LIMITED,2008-11-28,288c,companies/04967647_alpha-axxsys-limited/docs/2008-11-28_288c_director-s-change-of-particulars-nicolas-koechlin-.pdf,companies/04967647_alpha-axxsys-limited/docs/2008-11-28_288c_director-s-change-of-particulars-nicolas-koechlin-.txt
04967647,ALPHA (AXXSYS) LIMITED,2008-11-28,288c,companies/04967647_alpha-axxsys-limited/docs/2008-11-28_288c_director-s-change-of-particulars-paul-dodson-01-01.pdf,companies/04967647_alpha-axxsys-limited/docs/2008-11-28_288c_director-s-change-of-particulars-paul-dodson-01-01.txt
04967647,ALPHA (AXXSYS) LIMITED,2008-11-28,288c,companies/04967647_alpha-axxsys-limited/docs/2008-11-28_288c_director-s-change-of-particulars-stephen-mcdermott.pdf,companies/04967647_alpha-axxsys-limited/docs/2008-11-28_288c_director-s-change-of-particulars-stephen-mcdermott.txt
04967647,ALPHA (AXXSYS) LIMITED,2008-11-28,363a,companies/04967647_alpha-axxsys-limited/docs/2008-11-28_363a_return-made-up-to-18-11-08-full-list-of-members.pdf,companies/04967647_alpha-axxsys-limited/docs/2008-11-28_363a_return-made-up-to-18-11-08-full-list-of-members.txt
04967647,ALPHA (AXXSYS) LIMITED,2009-09-07,288b,companies/04967647_alpha-axxsys-limited/docs/2009-09-07_288b_appointment-terminated-director-paul-dodson.pdf,companies/04967647_alpha-axxsys-limited/docs/2009-09-07_288b_appointment-terminated-director-paul-dodson.txt
04967647,ALPHA (AXXSYS) LIMITED,2009-09-07,RESOLUTIONS,companies/04967647_alpha-axxsys-limited/docs/2009-09-07_RESOLUTIONS_resolutions-res09-resolution-of-authority-to-purch.pdf,companies/04967647_alpha-axxsys-limited/docs/2009-09-07_RESOLUTIONS_resolutions-res09-resolution-of-authority-to-purch.txt
04967647,ALPHA (AXXSYS) LIMITED,2009-09-30,AA,companies/04967647_alpha-axxsys-limited/docs/2009-09-30_AA_total-exemption-small-company-accounts-made-up-to-.pdf,companies/04967647_alpha-axxsys-limited/docs/2009-09-30_AA_total-exemption-small-company-accounts-made-up-to-.txt
04967647,ALPHA (AXXSYS) LIMITED,2009-11-16,SH03,companies/04967647_alpha-axxsys-limited/docs/2009-11-16_SH03_purchase-of-own-shares.pdf,companies/04967647_alpha-axxsys-limited/docs/2009-11-16_SH03_purchase-of-own-shares.txt
04967647,ALPHA (AXXSYS) LIMITED,2010-01-06,AR01,companies/04967647_alpha-axxsys-limited/docs/2010-01-06_AR01_annual-return-made-up-to-18-november-2009-with-ful.pdf,companies/04967647_alpha-axxsys-limited/docs/2010-01-06_AR01_annual-return-made-up-to-18-november-2009-with-ful.txt
04967647,ALPHA (AXXSYS) LIMITED,2010-06-18,RESOLUTIONS,companies/04967647_alpha-axxsys-limited/docs/2010-06-18_RESOLUTIONS_resolutions-res10-resolution-of-allotment-of-secur.pdf,companies/04967647_alpha-axxsys-limited/docs/2010-06-18_RESOLUTIONS_resolutions-res10-resolution-of-allotment-of-secur.txt
04967647,ALPHA (AXXSYS) LIMITED,2010-06-18,SH01,companies/04967647_alpha-axxsys-limited/docs/2010-06-18_SH01_statement-of-capital-following-an-allotment-of-sha.pdf,companies/04967647_alpha-axxsys-limited/docs/2010-06-18_SH01_statement-of-capital-following-an-allotment-of-sha.txt
04967647,ALPHA (AXXSYS) LIMITED,2010-09-17,AA,companies/04967647_alpha-axxsys-limited/docs/2010-09-17_AA_total-exemption-small-company-accounts-made-up-to-.pdf,companies/04967647_alpha-axxsys-limited/docs/2010-09-17_AA_total-exemption-small-company-accounts-made-up-to-.txt
04967647,ALPHA (AXXSYS) LIMITED,2010-11-11,RESOLUTIONS,companies/04967647_alpha-axxsys-limited/docs/2010-11-11_RESOLUTIONS_resolutions-res09-resolution-of-authority-to-purch.pdf,companies/04967647_alpha-axxsys-limited/docs/2010-11-11_RESOLUTIONS_resolutions-res09-resolution-of-authority-to-purch.txt
04967647,ALPHA (AXXSYS) LIMITED,2010-11-11,SH03,companies/04967647_alpha-axxsys-limited/docs/2010-11-11_SH03_purchase-of-own-shares.pdf,companies/04967647_alpha-axxsys-limited/docs/2010-11-11_SH03_purchase-of-own-shares.txt
04967647,ALPHA (AXXSYS) LIMITED,2010-11-11,SH06,companies/04967647_alpha-axxsys-limited/docs/2010-11-11_SH06_cancellation-of-shares-statement-of-capital-on-11-.pdf,companies/04967647_alpha-axxsys-limited/docs/2010-11-11_SH06_cancellation-of-shares-statement-of-capital-on-11-.txt
04967647,ALPHA (AXXSYS) LIMITED,2010-11-22,AR01,companies/04967647_alpha-axxsys-limited/docs/2010-11-22_AR01_annual-return-made-up-to-18-november-2010-with-ful.pdf,companies/04967647_alpha-axxsys-limited/docs/2010-11-22_AR01_annual-return-made-up-to-18-november-2010-with-ful.txt
04967647,ALPHA (AXXSYS) LIMITED,2011-09-27,AA,companies/04967647_alpha-axxsys-limited/docs/2011-09-27_AA_total-exemption-small-company-accounts-made-up-to-.pdf,companies/04967647_alpha-axxsys-limited/docs/2011-09-27_AA_total-exemption-small-company-accounts-made-up-to-.txt
04967647,ALPHA (AXXSYS) LIMITED,2012-01-06,AR01,companies/04967647_alpha-axxsys-limited/docs/2012-01-06_AR01_annual-return-made-up-to-18-november-2011-with-ful.pdf,companies/04967647_alpha-axxsys-limited/docs/2012-01-06_AR01_annual-return-made-up-to-18-november-2011-with-ful.txt
04967647,ALPHA (AXXSYS) LIMITED,2012-09-26,AA,companies/04967647_alpha-axxsys-limited/docs/2012-09-26_AA_total-exemption-small-company-accounts-made-up-to-.pdf,companies/04967647_alpha-axxsys-limited/docs/2012-09-26_AA_total-exemption-small-company-accounts-made-up-to-.txt
04967647,ALPHA (AXXSYS) LIMITED,2012-11-26,AR01,companies/04967647_alpha-axxsys-limited/docs/2012-11-26_AR01_annual-return-made-up-to-18-november-2012-with-ful.pdf,companies/04967647_alpha-axxsys-limited/docs/2012-11-26_AR01_annual-return-made-up-to-18-november-2012-with-ful.txt
04967647,ALPHA (AXXSYS) LIMITED,2013-05-01,CAP-SS,companies/04967647_alpha-axxsys-limited/docs/2013-05-01_CAP-SS_solvency-statement-dated-25-04-13.pdf,companies/04967647_alpha-axxsys-limited/docs/2013-05-01_CAP-SS_solvency-statement-dated-25-04-13.txt
04967647,ALPHA (AXXSYS) LIMITED,2013-05-01,RESOLUTIONS,companies/04967647_alpha-axxsys-limited/docs/2013-05-01_RESOLUTIONS_resolutions-res06-resolution-of-reduction-in-issue.pdf,companies/04967647_alpha-axxsys-limited/docs/2013-05-01_RESOLUTIONS_resolutions-res06-resolution-of-reduction-in-issue.txt
04967647,ALPHA (AXXSYS) LIMITED,2013-05-01,SH19,companies/04967647_alpha-axxsys-limited/docs/2013-05-01_SH19_statement-of-capital-on-1-may-2013-gbp-52-00.pdf,companies/04967647_alpha-axxsys-limited/docs/2013-05-01_SH19_statement-of-capital-on-1-may-2013-gbp-52-00.txt
04967647,ALPHA (AXXSYS) LIMITED,2013-05-01,SH20,companies/04967647_alpha-axxsys-limited/docs/2013-05-01_SH20_statement-by-directors.pdf,companies/04967647_alpha-axxsys-limited/docs/2013-05-01_SH20_statement-by-directors.txt
04967647,ALPHA (AXXSYS) LIMITED,2013-06-19,AA,companies/04967647_alpha-axxsys-limited/docs/2013-06-19_AA_total-exemption-small-company-accounts-made-up-to-.pdf,companies/04967647_alpha-axxsys-limited/docs/2013-06-19_AA_total-exemption-small-company-accounts-made-up-to-.txt
04967647,ALPHA (AXXSYS) LIMITED,2013-12-04,AR01,companies/04967647_alpha-axxsys-limited/docs/2013-12-04_AR01_annual-return-made-up-to-18-november-2013-with-ful.pdf,companies/04967647_alpha-axxsys-limited/docs/2013-12-04_AR01_annual-return-made-up-to-18-november-2013-with-ful.txt
04967647,ALPHA (AXXSYS) LIMITED,2014-09-29,AA,companies/04967647_alpha-axxsys-limited/docs/2014-09-29_AA_total-exemption-small-company-accounts-made-up-to-.pdf,companies/04967647_alpha-axxsys-limited/docs/2014-09-29_AA_total-exemption-small-company-accounts-made-up-to-.txt
04967647,ALPHA (AXXSYS) LIMITED,2014-11-12,SH03,companies/04967647_alpha-axxsys-limited/docs/2014-11-12_SH03_purchase-of-own-shares.pdf,companies/04967647_alpha-axxsys-limited/docs/2014-11-12_SH03_purchase-of-own-shares.txt
04967647,ALPHA (AXXSYS) LIMITED,2014-11-12,SH06,companies/04967647_alpha-axxsys-limited/docs/2014-11-12_SH06_cancellation-of-shares-statement-of-capital-on-23-.pdf,companies/04967647_alpha-axxsys-limited/docs/2014-11-12_SH06_cancellation-of-shares-statement-of-capital-on-23-.txt
04967647,ALPHA (AXXSYS) LIMITED,2014-12-05,AR01,companies/04967647_alpha-axxsys-limited/docs/2014-12-05_AR01_annual-return-made-up-to-18-november-2014-with-ful.pdf,companies/04967647_alpha-axxsys-limited/docs/2014-12-05_AR01_annual-return-made-up-to-18-november-2014-with-ful.txt
04967647,ALPHA (AXXSYS) LIMITED,2015-08-19,SH01,companies/04967647_alpha-axxsys-limited/docs/2015-08-19_SH01_statement-of-capital-following-an-allotment-of-sha.pdf,companies/04967647_alpha-axxsys-limited/docs/2015-08-19_SH01_statement-of-capital-following-an-allotment-of-sha.txt
04967647,ALPHA (AXXSYS) LIMITED,2015-09-22,AA,companies/04967647_alpha-axxsys-limited/docs/2015-09-22_AA_total-exemption-small-company-accounts-made-up-to-.pdf,companies/04967647_alpha-axxsys-limited/docs/2015-09-22_AA_total-exemption-small-company-accounts-made-up-to-.txt
04967647,ALPHA (AXXSYS) LIMITED,2015-12-01,AR01,companies/04967647_alpha-axxsys-limited/docs/2015-12-01_AR01_annual-return-made-up-to-18-november-2015-with-ful.pdf,companies/04967647_alpha-axxsys-limited/docs/2015-12-01_AR01_annual-return-made-up-to-18-november-2015-with-ful.txt
04967647,ALPHA (AXXSYS) LIMITED,2016-07-25,SH03,companies/04967647_alpha-axxsys-limited/docs/2016-07-25_SH03_purchase-of-own-shares-shares-purchased-into-treas.pdf,companies/04967647_alpha-axxsys-limited/docs/2016-07-25_SH03_purchase-of-own-shares-shares-purchased-into-treas.txt
04967647,ALPHA (AXXSYS) LIMITED,2016-09-26,AA,companies/04967647_alpha-axxsys-limited/docs/2016-09-26_AA_total-exemption-small-company-accounts-made-up-to-.pdf,companies/04967647_alpha-axxsys-limited/docs/2016-09-26_AA_total-exemption-small-company-accounts-made-up-to-.txt
04967647,ALPHA (AXXSYS) LIMITED,2016-11-29,CS01,companies/04967647_alpha-axxsys-limited/docs/2016-11-29_CS01_confirmation-statement-made-on-18-november-2016-wi.pdf,companies/04967647_alpha-axxsys-limited/docs/2016-11-29_CS01_confirmation-statement-made-on-18-november-2016-wi.txt
04967647,ALPHA (AXXSYS) LIMITED,2017-10-05,AA,companies/04967647_alpha-axxsys-limited/docs/2017-10-05_AA_total-exemption-full-accounts-made-up-to-31-decemb.pdf,companies/04967647_alpha-axxsys-limited/docs/2017-10-05_AA_total-exemption-full-accounts-made-up-to-31-decemb.txt
04967647,ALPHA (AXXSYS) LIMITED,2017-11-20,CS01,companies/04967647_alpha-axxsys-limited/docs/2017-11-20_CS01_confirmation-statement-made-on-18-november-2017-wi.pdf,companies/04967647_alpha-axxsys-limited/docs/2017-11-20_CS01_confirmation-statement-made-on-18-november-2017-wi.txt
04967647,ALPHA (AXXSYS) LIMITED,2018-06-15,SH05,companies/04967647_alpha-axxsys-limited/docs/2018-06-15_SH05_statement-of-capital-on-7-june-2018-gbp-0-10-cance.pdf,companies/04967647_alpha-axxsys-limited/docs/2018-06-15_SH05_statement-of-capital-on-7-june-2018-gbp-0-10-cance.txt
04967647,ALPHA (AXXSYS) LIMITED,2018-07-18,SH03,companies/04967647_alpha-axxsys-limited/docs/2018-07-18_SH03_purchase-of-own-shares.pdf,companies/04967647_alpha-axxsys-limited/docs/2018-07-18_SH03_purchase-of-own-shares.txt
04967647,ALPHA (AXXSYS) LIMITED,2018-08-08,SH06,companies/04967647_alpha-axxsys-limited/docs/2018-08-08_SH06_cancellation-of-shares-statement-of-capital-on-1-a.pdf,companies/04967647_alpha-axxsys-limited/docs/2018-08-08_SH06_cancellation-of-shares-statement-of-capital-on-1-a.txt
04967647,ALPHA (AXXSYS) LIMITED,2018-10-07,AA,companies/04967647_alpha-axxsys-limited/docs/2018-10-07_AA_total-exemption-full-accounts-made-up-to-31-decemb.pdf,companies/04967647_alpha-axxsys-limited/docs/2018-10-07_AA_total-exemption-full-accounts-made-up-to-31-decemb.txt
04967647,ALPHA (AXXSYS) LIMITED,2018-11-29,CS01,companies/04967647_alpha-axxsys-limited/docs/2018-11-29_CS01_confirmation-statement-made-on-18-november-2018-wi.pdf,companies/04967647_alpha-axxsys-limited/docs/2018-11-29_CS01_confirmation-statement-made-on-18-november-2018-wi.txt
04967647,ALPHA (AXXSYS) LIMITED,2019-02-13,RESOLUTIONS,companies/04967647_alpha-axxsys-limited/docs/2019-02-13_RESOLUTIONS_resolutions-res13-subdivision-23-11-2018.pdf,companies/04967647_alpha-axxsys-limited/docs/2019-02-13_RESOLUTIONS_resolutions-res13-subdivision-23-11-2018.txt
04967647,ALPHA (AXXSYS) LIMITED,2019-02-18,SH02,companies/04967647_alpha-axxsys-limited/docs/2019-02-18_SH02_sub-division-of-shares-on-23-november-2018.pdf,companies/04967647_alpha-axxsys-limited/docs/2019-02-18_SH02_sub-division-of-shares-on-23-november-2018.txt
04967647,ALPHA (AXXSYS) LIMITED,2019-03-04,CAP-SS,companies/04967647_alpha-axxsys-limited/docs/2019-03-04_CAP-SS_solvency-statement-dated-20-12-18.pdf,companies/04967647_alpha-axxsys-limited/docs/2019-03-04_CAP-SS_solvency-statement-dated-20-12-18.txt
04967647,ALPHA (AXXSYS) LIMITED,2019-03-04,RESOLUTIONS,companies/04967647_alpha-axxsys-limited/docs/2019-03-04_RESOLUTIONS_resolutions-res13-share-premium-a-c-be-reduced-20-.pdf,companies/04967647_alpha-axxsys-limited/docs/2019-03-04_RESOLUTIONS_resolutions-res13-share-premium-a-c-be-reduced-20-.txt
04967647,ALPHA (AXXSYS) LIMITED,2019-03-18,SH19,companies/04967647_alpha-axxsys-limited/docs/2019-03-18_SH19_statement-of-capital-on-18-march-2019-gbp-42-70-an.pdf,companies/04967647_alpha-axxsys-limited/docs/2019-03-18_SH19_statement-of-capital-on-18-march-2019-gbp-42-70-an.txt
04967647,ALPHA (AXXSYS) LIMITED,2019-04-08,AA,companies/04967647_alpha-axxsys-limited/docs/2019-04-08_AA_total-exemption-full-accounts-made-up-to-31-decemb.pdf,companies/04967647_alpha-axxsys-limited/docs/2019-04-08_AA_total-exemption-full-accounts-made-up-to-31-decemb.txt
04967647,ALPHA (AXXSYS) LIMITED,2019-05-16,SH19,companies/04967647_alpha-axxsys-limited/docs/2019-05-16_SH19_statement-of-capital-on-16-may-2019-gbp-42-7000-an.pdf,companies/04967647_alpha-axxsys-limited/docs/2019-05-16_SH19_statement-of-capital-on-16-may-2019-gbp-42-7000-an.txt
04967647,ALPHA (AXXSYS) LIMITED,2019-06-05,AA01,companies/04967647_alpha-axxsys-limited/docs/2019-06-05_AA01_current-accounting-period-extended-from-31-decembe.pdf,companies/04967647_alpha-axxsys-limited/docs/2019-06-05_AA01_current-accounting-period-extended-from-31-decembe.txt
04967647,ALPHA (AXXSYS) LIMITED,2019-06-05,PSC02,companies/04967647_alpha-axxsys-limited/docs/2019-06-05_PSC02_notification-of-alpha-financial-markets-consulting.pdf,companies/04967647_alpha-axxsys-limited/docs/2019-06-05_PSC02_notification-of-alpha-financial-markets-consulting.txt
04967647,ALPHA (AXXSYS) LIMITED,2019-06-05,PSC07,companies/04967647_alpha-axxsys-limited/docs/2019-06-05_PSC07_cessation-of-alexander-philip-ritchie-as-a-person-.pdf,companies/04967647_alpha-axxsys-limited/docs/2019-06-05_PSC07_cessation-of-alexander-philip-ritchie-as-a-person-.txt
04967647,ALPHA (AXXSYS) LIMITED,2019-06-13,RESOLUTIONS,companies/04967647_alpha-axxsys-limited/docs/2019-06-13_RESOLUTIONS_resolutions-res10-resolution-of-allotment-of-secur.pdf,companies/04967647_alpha-axxsys-limited/docs/2019-06-13_RESOLUTIONS_resolutions-res10-resolution-of-allotment-of-secur.txt
04967647,ALPHA (AXXSYS) LIMITED,2019-06-13,SH20,companies/04967647_alpha-axxsys-limited/docs/2019-06-13_SH20_statement-by-directors.pdf,companies/04967647_alpha-axxsys-limited/docs/2019-06-13_SH20_statement-by-directors.txt
04967647,ALPHA (AXXSYS) LIMITED,2019-06-18,RESOLUTIONS,companies/04967647_alpha-axxsys-limited/docs/2019-06-18_RESOLUTIONS_resolutions-res01-resolution-of-adoption-of-articl.pdf,companies/04967647_alpha-axxsys-limited/docs/2019-06-18_RESOLUTIONS_resolutions-res01-resolution-of-adoption-of-articl.txt
04967647,ALPHA (AXXSYS) LIMITED,2019-07-08,AAMD,companies/04967647_alpha-axxsys-limited/docs/2019-07-08_AAMD_amended-total-exemption-full-accounts-made-up-to-3.pdf,companies/04967647_alpha-axxsys-limited/docs/2019-07-08_AAMD_amended-total-exemption-full-accounts-made-up-to-3.txt
04967647,ALPHA (AXXSYS) LIMITED,2019-12-02,CS01,companies/04967647_alpha-axxsys-limited/docs/2019-12-02_CS01_confirmation-statement-made-on-18-november-2019-wi.pdf,companies/04967647_alpha-axxsys-limited/docs/2019-12-02_CS01_confirmation-statement-made-on-18-november-2019-wi.txt
04967647,ALPHA (AXXSYS) LIMITED,2021-01-04,CS01,companies/04967647_alpha-axxsys-limited/docs/2021-01-04_CS01_confirmation-statement-made-on-18-november-2020-wi.pdf,companies/04967647_alpha-axxsys-limited/docs/2021-01-04_CS01_confirmation-statement-made-on-18-november-2020-wi.txt
04967647,ALPHA (AXXSYS) LIMITED,2021-01-05,RP04CS01,companies/04967647_alpha-axxsys-limited/docs/2021-01-05_RP04CS01_second-filing-of-confirmation-statement-dated-18-n.pdf,companies/04967647_alpha-axxsys-limited/docs/2021-01-05_RP04CS01_second-filing-of-confirmation-statement-dated-18-n.txt
04967647,ALPHA (AXXSYS) LIMITED,2021-02-25,PSC02,companies/04967647_alpha-axxsys-limited/docs/2021-02-25_PSC02_notification-of-alpha-financial-markets-consulting.pdf,companies/04967647_alpha-axxsys-limited/docs/2021-02-25_PSC02_notification-of-alpha-financial-markets-consulting.txt
04967647,ALPHA (AXXSYS) LIMITED,2021-02-25,PSC07,companies/04967647_alpha-axxsys-limited/docs/2021-02-25_PSC07_cessation-of-alpha-financial-markets-consulting-pl.pdf,companies/04967647_alpha-axxsys-limited/docs/2021-02-25_PSC07_cessation-of-alpha-financial-markets-consulting-pl.txt
04967647,ALPHA (AXXSYS) LIMITED,2021-03-30,AA,companies/04967647_alpha-axxsys-limited/docs/2021-03-30_AA_full-accounts-made-up-to-31-march-2020.pdf,companies/04967647_alpha-axxsys-limited/docs/2021-03-30_AA_full-accounts-made-up-to-31-march-2020.txt
04967647,ALPHA (AXXSYS) LIMITED,2021-11-20,CS01,companies/04967647_alpha-axxsys-limited/docs/2021-11-20_CS01_confirmation-statement-made-on-18-november-2021-wi.pdf,companies/04967647_alpha-axxsys-limited/docs/2021-11-20_CS01_confirmation-statement-made-on-18-november-2021-wi.txt
04967647,ALPHA (AXXSYS) LIMITED,2021-12-22,AA,companies/04967647_alpha-axxsys-limited/docs/2021-12-22_AA_full-accounts-made-up-to-31-march-2021.pdf,companies/04967647_alpha-axxsys-limited/docs/2021-12-22_AA_full-accounts-made-up-to-31-march-2021.txt
04967647,ALPHA (AXXSYS) LIMITED,2022-03-09,CS01,companies/04967647_alpha-axxsys-limited/docs/2022-03-09_CS01_confirmation-statement-made-on-1-march-2022-with-n.pdf,companies/04967647_alpha-axxsys-limited/docs/2022-03-09_CS01_confirmation-statement-made-on-1-march-2022-with-n.txt
04967647,ALPHA (AXXSYS) LIMITED,2022-10-26,AA,companies/04967647_alpha-axxsys-limited/docs/2022-10-26_AA_full-accounts-made-up-to-31-march-2022.pdf,companies/04967647_alpha-axxsys-limited/docs/2022-10-26_AA_full-accounts-made-up-to-31-march-2022.txt
04967647,ALPHA (AXXSYS) LIMITED,2023-03-08,CS01,companies/04967647_alpha-axxsys-limited/docs/2023-03-08_CS01_confirmation-statement-made-on-1-march-2023-with-n.pdf,companies/04967647_alpha-axxsys-limited/docs/2023-03-08_CS01_confirmation-statement-made-on-1-march-2023-with-n.txt
04967647,ALPHA (AXXSYS) LIMITED,2023-11-20,AA,companies/04967647_alpha-axxsys-limited/docs/2023-11-20_AA_full-accounts-made-up-to-31-march-2023.pdf,companies/04967647_alpha-axxsys-limited/docs/2023-11-20_AA_full-accounts-made-up-to-31-march-2023.txt
04967647,ALPHA (AXXSYS) LIMITED,2024-03-01,CS01,companies/04967647_alpha-axxsys-limited/docs/2024-03-01_CS01_confirmation-statement-made-on-1-march-2024-with-n.pdf,companies/04967647_alpha-axxsys-limited/docs/2024-03-01_CS01_confirmation-statement-made-on-1-march-2024-with-n.txt
04967647,ALPHA (AXXSYS) LIMITED,2024-08-20,AGREEMENT2,companies/04967647_alpha-axxsys-limited/docs/2024-08-20_AGREEMENT2_notice-of-agreement-to-exemption-from-audit-of-acc.pdf,companies/04967647_alpha-axxsys-limited/docs/2024-08-20_AGREEMENT2_notice-of-agreement-to-exemption-from-audit-of-acc.txt
04967647,ALPHA (AXXSYS) LIMITED,2024-08-20,GUARANTEE2,companies/04967647_alpha-axxsys-limited/docs/2024-08-20_GUARANTEE2_audit-exemption-statement-of-guarantee-by-parent-c.pdf,companies/04967647_alpha-axxsys-limited/docs/2024-08-20_GUARANTEE2_audit-exemption-statement-of-guarantee-by-parent-c.txt
04967647,ALPHA (AXXSYS) LIMITED,2024-08-20,PARENT-ACC,companies/04967647_alpha-axxsys-limited/docs/2024-08-20_PARENT-ACC_consolidated-accounts-of-parent-company-for-subsid.pdf,companies/04967647_alpha-axxsys-limited/docs/2024-08-20_PARENT-ACC_consolidated-accounts-of-parent-company-for-subsid.txt
04967647,ALPHA (AXXSYS) LIMITED,2024-08-20,PARENT,companies/04967647_alpha-axxsys-limited/docs/2024-08-20_PARENT_ACC_consolidated-accounts-of-parent-company-for-subsid.pdf,companies/04967647_alpha-axxsys-limited/docs/2024-08-20_PARENT_ACC_consolidated-accounts-of-parent-company-for-subsid.txt
04967647,ALPHA (AXXSYS) LIMITED,2025-01-06,AA,companies/04967647_alpha-axxsys-limited/docs/2025-01-06_AA_audit-exemption-subsidiary-accounts-made-up-to-31-.pdf,companies/04967647_alpha-axxsys-limited/docs/2025-01-06_AA_audit-exemption-subsidiary-accounts-made-up-to-31-.txt
04967647,ALPHA (AXXSYS) LIMITED,2025-03-07,CS01,companies/04967647_alpha-axxsys-limited/docs/2025-03-07_CS01_confirmation-statement-made-on-1-march-2025-with-u.pdf,companies/04967647_alpha-axxsys-limited/docs/2025-03-07_CS01_confirmation-statement-made-on-1-march-2025-with-u.txt
04967647,ALPHA (AXXSYS) LIMITED,2025-10-29,AGREEMENT2,companies/04967647_alpha-axxsys-limited/docs/2025-10-29_AGREEMENT2_notice-of-agreement-to-exemption-from-audit-of-acc.pdf,companies/04967647_alpha-axxsys-limited/docs/2025-10-29_AGREEMENT2_notice-of-agreement-to-exemption-from-audit-of-acc.txt
04967647,ALPHA (AXXSYS) LIMITED,2025-10-29,GUARANTEE2,companies/04967647_alpha-axxsys-limited/docs/2025-10-29_GUARANTEE2_audit-exemption-statement-of-guarantee-by-parent-c.pdf,companies/04967647_alpha-axxsys-limited/docs/2025-10-29_GUARANTEE2_audit-exemption-statement-of-guarantee-by-parent-c.txt
04967647,ALPHA (AXXSYS) LIMITED,2025-10-29,PARENT-ACC,companies/04967647_alpha-axxsys-limited/docs/2025-10-29_PARENT-ACC_consolidated-accounts-of-parent-company-for-subsid.pdf,companies/04967647_alpha-axxsys-limited/docs/2025-10-29_PARENT-ACC_consolidated-accounts-of-parent-company-for-subsid.txt
04967647,ALPHA (AXXSYS) LIMITED,2025-10-29,PARENT,companies/04967647_alpha-axxsys-limited/docs/2025-10-29_PARENT_ACC_consolidated-accounts-of-parent-company-for-subsid.pdf,companies/04967647_alpha-axxsys-limited/docs/2025-10-29_PARENT_ACC_consolidated-accounts-of-parent-company-for-subsid.txt
04967647,ALPHA (AXXSYS) LIMITED,2026-01-08,AA,companies/04967647_alpha-axxsys-limited/docs/2026-01-08_AA_audit-exemption-subsidiary-accounts-made-up-to-31-.pdf,companies/04967647_alpha-axxsys-limited/docs/2026-01-08_AA_audit-exemption-subsidiary-accounts-made-up-to-31-.txt
04967647,ALPHA (AXXSYS) LIMITED,2026-03-12,CS01,companies/04967647_alpha-axxsys-limited/docs/2026-03-12_CS01_confirmation-statement-made-on-1-march-2026-with-n.pdf,companies/04967647_alpha-axxsys-limited/docs/2026-03-12_CS01_confirmation-statement-made-on-1-march-2026-with-n.txt
04967647,ALPHA (AXXSYS) LIMITED,2026-06-17,CERTNM,companies/04967647_alpha-axxsys-limited/docs/2026-06-17_CERTNM_company-name-changed-axxsys-limited-certificate-is.pdf,companies/04967647_alpha-axxsys-limited/docs/2026-06-17_CERTNM_company-name-changed-axxsys-limited-certificate-is.txt
04967647,ALPHA (AXXSYS) LIMITED,2026-07-01,PSC05,companies/04967647_alpha-axxsys-limited/docs/2026-07-01_PSC05_change-of-details-for-alpha-financial-markets-cons.pdf,companies/04967647_alpha-axxsys-limited/docs/2026-07-01_PSC05_change-of-details-for-alpha-financial-markets-cons.txt
04967647,ALPHA (AXXSYS) LIMITED,2026-08-06,AGREEMENT2,companies/04967647_alpha-axxsys-limited/docs/2026-08-06_AGREEMENT2_notice-of-agreement-to-exemption-from-audit-of-acc.pdf,companies/04967647_alpha-axxsys-limited/docs/2026-08-06_AGREEMENT2_notice-of-agreement-to-exemption-from-audit-of-acc.txt
04967647,ALPHA (AXXSYS) LIMITED,2026-08-06,GUARANTEE2,companies/04967647_alpha-axxsys-limited/docs/2026-08-06_GUARANTEE2_audit-exemption-statement-of-guarantee-by-parent-c.pdf,companies/04967647_alpha-axxsys-limited/docs/2026-08-06_GUARANTEE2_audit-exemption-statement-of-guarantee-by-parent-c.txt
07160664,ALPHA FINANCIAL MARKETS CONSULTING GROUP LIMITED,2010-02-17,NEWINC,companies/07160664_alpha-financial-markets-consulting-group-limited/docs/2010-02-17_NEWINC_incorporation-model-articles-model-articles-adopte.pdf,companies/07160664_alpha-financial-markets-consulting-group-limited/docs/2010-02-17_NEWINC_incorporation-model-articles-model-articles-adopte.txt
07160664,ALPHA FINANCIAL MARKETS CONSULTING GROUP LIMITED,2010-03-16,RESOLUTIONS,companies/07160664_alpha-financial-markets-consulting-group-limited/docs/2010-03-16_RESOLUTIONS_resolutions-res01-resolution-of-memorandum-and-or-.pdf,companies/07160664_alpha-financial-markets-consulting-group-limited/docs/2010-03-16_RESOLUTIONS_resolutions-res01-resolution-of-memorandum-and-or-.txt
07160664,ALPHA FINANCIAL MARKETS CONSULTING GROUP LIMITED,2010-03-16,SH01,companies/07160664_alpha-financial-markets-consulting-group-limited/docs/2010-03-16_SH01_statement-of-capital-following-an-allotment-of-sha.pdf,companies/07160664_alpha-financial-markets-consulting-group-limited/docs/2010-03-16_SH01_statement-of-capital-following-an-allotment-of-sha.txt
07160664,ALPHA FINANCIAL MARKETS CONSULTING GROUP LIMITED,2010-03-16,SH02,companies/07160664_alpha-financial-markets-consulting-group-limited/docs/2010-03-16_SH02_sub-division-of-shares-on-11-march-2010.pdf,companies/07160664_alpha-financial-markets-consulting-group-limited/docs/2010-03-16_SH02_sub-division-of-shares-on-11-march-2010.txt
07160664,ALPHA FINANCIAL MARKETS CONSULTING GROUP LIMITED,2010-03-31,CAP-SS,companies/07160664_alpha-financial-markets-consulting-group-limited/docs/2010-03-31_CAP-SS_solvency-statement-dated-18-03-10.pdf,companies/07160664_alpha-financial-markets-consulting-group-limited/docs/2010-03-31_CAP-SS_solvency-statement-dated-18-03-10.txt
07160664,ALPHA FINANCIAL MARKETS CONSULTING GROUP LIMITED,2010-04-07,AA01,companies/07160664_alpha-financial-markets-consulting-group-limited/docs/2010-04-07_AA01_current-accounting-period-extended-from-28-februar.pdf,companies/07160664_alpha-financial-markets-consulting-group-limited/docs/2010-04-07_AA01_current-accounting-period-extended-from-28-februar.txt
07160664,ALPHA FINANCIAL MARKETS CONSULTING GROUP LIMITED,2010-04-13,CAP-SS,companies/07160664_alpha-financial-markets-consulting-group-limited/docs/2010-04-13_CAP-SS_solvency-statement-dated-11-03-10.pdf,companies/07160664_alpha-financial-markets-consulting-group-limited/docs/2010-04-13_CAP-SS_solvency-statement-dated-11-03-10.txt
07160664,ALPHA FINANCIAL MARKETS CONSULTING GROUP LIMITED,2010-04-13,SH03,companies/07160664_alpha-financial-markets-consulting-group-limited/docs/2010-04-13_SH03_purchase-of-own-shares.pdf,companies/07160664_alpha-financial-markets-consulting-group-limited/docs/2010-04-13_SH03_purchase-of-own-shares.txt
07160664,ALPHA FINANCIAL MARKETS CONSULTING GROUP LIMITED,2010-04-13,SH06,companies/07160664_alpha-financial-markets-consulting-group-limited/docs/2010-04-13_SH06_cancellation-of-shares-statement-of-capital-on-13-.pdf,companies/07160664_alpha-financial-markets-consulting-group-limited/docs/2010-04-13_SH06_cancellation-of-shares-statement-of-capital-on-13-.txt
07160664,ALPHA FINANCIAL MARKETS CONSULTING GROUP LIMITED,2010-04-14,RESOLUTIONS,companies/07160664_alpha-financial-markets-consulting-group-limited/docs/2010-04-14_RESOLUTIONS_resolutions-res06-resolution-of-reduction-in-issue.pdf,companies/07160664_alpha-financial-markets-consulting-group-limited/docs/2010-04-14_RESOLUTIONS_resolutions-res06-resolution-of-reduction-in-issue.txt
07160664,ALPHA FINANCIAL MARKETS CONSULTING GROUP LIMITED,2010-04-14,SH19,companies/07160664_alpha-financial-markets-consulting-group-limited/docs/2010-04-14_SH19_statement-of-capital-on-31-march-2010-gbp-6-364-99.pdf,companies/07160664_alpha-financial-markets-consulting-group-limited/docs/2010-04-14_SH19_statement-of-capital-on-31-march-2010-gbp-6-364-99.txt
07160664,ALPHA FINANCIAL MARKETS CONSULTING GROUP LIMITED,2010-04-20,RESOLUTIONS,companies/07160664_alpha-financial-markets-consulting-group-limited/docs/2010-04-20_RESOLUTIONS_resolutions-res09-resolution-of-authority-to-purch.pdf,companies/07160664_alpha-financial-markets-consulting-group-limited/docs/2010-04-20_RESOLUTIONS_resolutions-res09-resolution-of-authority-to-purch.txt
07160664,ALPHA FINANCIAL MARKETS CONSULTING GROUP LIMITED,2010-04-20,SH19,companies/07160664_alpha-financial-markets-consulting-group-limited/docs/2010-04-20_SH19_statement-of-capital-on-20-april-2010-gbp-7-632-50.pdf,companies/07160664_alpha-financial-markets-consulting-group-limited/docs/2010-04-20_SH19_statement-of-capital-on-20-april-2010-gbp-7-632-50.txt
07160664,ALPHA FINANCIAL MARKETS CONSULTING GROUP LIMITED,2011-03-29,AR01,companies/07160664_alpha-financial-markets-consulting-group-limited/docs/2011-03-29_AR01_annual-return-made-up-to-17-february-2011-with-ful.pdf,companies/07160664_alpha-financial-markets-consulting-group-limited/docs/2011-03-29_AR01_annual-return-made-up-to-17-february-2011-with-ful.txt
07160664,ALPHA FINANCIAL MARKETS CONSULTING GROUP LIMITED,2011-04-19,RESOLUTIONS,companies/07160664_alpha-financial-markets-consulting-group-limited/docs/2011-04-19_RESOLUTIONS_resolutions-res11-resolution-of-removal-of-pre-emp.pdf,companies/07160664_alpha-financial-markets-consulting-group-limited/docs/2011-04-19_RESOLUTIONS_resolutions-res11-resolution-of-removal-of-pre-emp.txt
07160664,ALPHA FINANCIAL MARKETS CONSULTING GROUP LIMITED,2011-04-19,SH01,companies/07160664_alpha-financial-markets-consulting-group-limited/docs/2011-04-19_SH01_statement-of-capital-following-an-allotment-of-sha.pdf,companies/07160664_alpha-financial-markets-consulting-group-limited/docs/2011-04-19_SH01_statement-of-capital-following-an-allotment-of-sha.txt
07160664,ALPHA FINANCIAL MARKETS CONSULTING GROUP LIMITED,2011-05-16,RESOLUTIONS,companies/07160664_alpha-financial-markets-consulting-group-limited/docs/2011-05-16_RESOLUTIONS_resolutions-res08-resolution-of-authority-to-purch.pdf,companies/07160664_alpha-financial-markets-consulting-group-limited/docs/2011-05-16_RESOLUTIONS_resolutions-res08-resolution-of-authority-to-purch.txt
07160664,ALPHA FINANCIAL MARKETS CONSULTING GROUP LIMITED,2011-05-16,SH01,companies/07160664_alpha-financial-markets-consulting-group-limited/docs/2011-05-16_SH01_statement-of-capital-following-an-allotment-of-sha.pdf,companies/07160664_alpha-financial-markets-consulting-group-limited/docs/2011-05-16_SH01_statement-of-capital-following-an-allotment-of-sha.txt
07160664,ALPHA FINANCIAL MARKETS CONSULTING GROUP LIMITED,2011-05-16,SH03,companies/07160664_alpha-financial-markets-consulting-group-limited/docs/2011-05-16_SH03_purchase-of-own-shares.pdf,companies/07160664_alpha-financial-markets-consulting-group-limited/docs/2011-05-16_SH03_purchase-of-own-shares.txt
07160664,ALPHA FINANCIAL MARKETS CONSULTING GROUP LIMITED,2011-05-16,SH06,companies/07160664_alpha-financial-markets-consulting-group-limited/docs/2011-05-16_SH06_cancellation-of-shares-statement-of-capital-on-16-.pdf,companies/07160664_alpha-financial-markets-consulting-group-limited/docs/2011-05-16_SH06_cancellation-of-shares-statement-of-capital-on-16-.txt
07160664,ALPHA FINANCIAL MARKETS CONSULTING GROUP LIMITED,2011-05-17,CAP-SS,companies/07160664_alpha-financial-markets-consulting-group-limited/docs/2011-05-17_CAP-SS_solvency-statement-dated-29-03-11.pdf,companies/07160664_alpha-financial-markets-consulting-group-limited/docs/2011-05-17_CAP-SS_solvency-statement-dated-29-03-11.txt
07160664,ALPHA FINANCIAL MARKETS CONSULTING GROUP LIMITED,2011-07-15,RESOLUTIONS,companies/07160664_alpha-financial-markets-consulting-group-limited/docs/2011-07-15_RESOLUTIONS_resolutions-res01-resolution-of-memorandum-and-or-.pdf,companies/07160664_alpha-financial-markets-consulting-group-limited/docs/2011-07-15_RESOLUTIONS_resolutions-res01-resolution-of-memorandum-and-or-.txt
07160664,ALPHA FINANCIAL MARKETS CONSULTING GROUP LIMITED,2011-11-07,SH01,companies/07160664_alpha-financial-markets-consulting-group-limited/docs/2011-11-07_SH01_statement-of-capital-following-an-allotment-of-sha.pdf,companies/07160664_alpha-financial-markets-consulting-group-limited/docs/2011-11-07_SH01_statement-of-capital-following-an-allotment-of-sha.txt
07160664,ALPHA FINANCIAL MARKETS CONSULTING GROUP LIMITED,2011-11-18,AA,companies/07160664_alpha-financial-markets-consulting-group-limited/docs/2011-11-18_AA_full-accounts-made-up-to-31-march-2011.pdf,companies/07160664_alpha-financial-markets-consulting-group-limited/docs/2011-11-18_AA_full-accounts-made-up-to-31-march-2011.txt
07160664,ALPHA FINANCIAL MARKETS CONSULTING GROUP LIMITED,2012-03-07,AR01,companies/07160664_alpha-financial-markets-consulting-group-limited/docs/2012-03-07_AR01_annual-return-made-up-to-17-february-2012-with-ful.pdf,companies/07160664_alpha-financial-markets-consulting-group-limited/docs/2012-03-07_AR01_annual-return-made-up-to-17-february-2012-with-ful.txt
07160664,ALPHA FINANCIAL MARKETS CONSULTING GROUP LIMITED,2012-03-16,SH03,companies/07160664_alpha-financial-markets-consulting-group-limited/docs/2012-03-16_SH03_purchase-of-own-shares.pdf,companies/07160664_alpha-financial-markets-consulting-group-limited/docs/2012-03-16_SH03_purchase-of-own-shares.txt
07160664,ALPHA FINANCIAL MARKETS CONSULTING GROUP LIMITED,2012-03-16,SH06,companies/07160664_alpha-financial-markets-consulting-group-limited/docs/2012-03-16_SH06_cancellation-of-shares-statement-of-capital-on-16-.pdf,companies/07160664_alpha-financial-markets-consulting-group-limited/docs/2012-03-16_SH06_cancellation-of-shares-statement-of-capital-on-16-.txt
07160664,ALPHA FINANCIAL MARKETS CONSULTING GROUP LIMITED,2012-06-08,RESOLUTIONS,companies/07160664_alpha-financial-markets-consulting-group-limited/docs/2012-06-08_RESOLUTIONS_resolutions-res01-resolution-of-memorandum-and-or-.pdf,companies/07160664_alpha-financial-markets-consulting-group-limited/docs/2012-06-08_RESOLUTIONS_resolutions-res01-resolution-of-memorandum-and-or-.txt
07160664,ALPHA FINANCIAL MARKETS CONSULTING GROUP LIMITED,2012-06-08,SH01,companies/07160664_alpha-financial-markets-consulting-group-limited/docs/2012-06-08_SH01_statement-of-capital-following-an-allotment-of-sha.pdf,companies/07160664_alpha-financial-markets-consulting-group-limited/docs/2012-06-08_SH01_statement-of-capital-following-an-allotment-of-sha.txt
07160664,ALPHA FINANCIAL MARKETS CONSULTING GROUP LIMITED,2012-06-26,SH03,companies/07160664_alpha-financial-markets-consulting-group-limited/docs/2012-06-26_SH03_purchase-of-own-shares.pdf,companies/07160664_alpha-financial-markets-consulting-group-limited/docs/2012-06-26_SH03_purchase-of-own-shares.txt
07160664,ALPHA FINANCIAL MARKETS CONSULTING GROUP LIMITED,2012-06-26,SH06,companies/07160664_alpha-financial-markets-consulting-group-limited/docs/2012-06-26_SH06_cancellation-of-shares-statement-of-capital-on-26-.pdf,companies/07160664_alpha-financial-markets-consulting-group-limited/docs/2012-06-26_SH06_cancellation-of-shares-statement-of-capital-on-26-.txt
07160664,ALPHA FINANCIAL MARKETS CONSULTING GROUP LIMITED,2012-07-11,SH01,companies/07160664_alpha-financial-markets-consulting-group-limited/docs/2012-07-11_SH01_statement-of-capital-following-an-allotment-of-sha.pdf,companies/07160664_alpha-financial-markets-consulting-group-limited/docs/2012-07-11_SH01_statement-of-capital-following-an-allotment-of-sha.txt
07160664,ALPHA FINANCIAL MARKETS CONSULTING GROUP LIMITED,2012-07-16,SH01,companies/07160664_alpha-financial-markets-consulting-group-limited/docs/2012-07-16_SH01_statement-of-capital-following-an-allotment-of-sha.pdf,companies/07160664_alpha-financial-markets-consulting-group-limited/docs/2012-07-16_SH01_statement-of-capital-following-an-allotment-of-sha.txt
07160664,ALPHA FINANCIAL MARKETS CONSULTING GROUP LIMITED,2013-01-02,AA,companies/07160664_alpha-financial-markets-consulting-group-limited/docs/2013-01-02_AA_group-of-companies-accounts-made-up-to-31-march-20.pdf,companies/07160664_alpha-financial-markets-consulting-group-limited/docs/2013-01-02_AA_group-of-companies-accounts-made-up-to-31-march-20.txt
07160664,ALPHA FINANCIAL MARKETS CONSULTING GROUP LIMITED,2013-01-10,SH01,companies/07160664_alpha-financial-markets-consulting-group-limited/docs/2013-01-10_SH01_statement-of-capital-following-an-allotment-of-sha-2.pdf,companies/07160664_alpha-financial-markets-consulting-group-limited/docs/2013-01-10_SH01_statement-of-capital-following-an-allotment-of-sha-2.txt
07160664,ALPHA FINANCIAL MARKETS CONSULTING GROUP LIMITED,2013-01-10,SH01,companies/07160664_alpha-financial-markets-consulting-group-limited/docs/2013-01-10_SH01_statement-of-capital-following-an-allotment-of-sha.pdf,companies/07160664_alpha-financial-markets-consulting-group-limited/docs/2013-01-10_SH01_statement-of-capital-following-an-allotment-of-sha.txt
07160664,ALPHA FINANCIAL MARKETS CONSULTING GROUP LIMITED,2013-01-29,RESOLUTIONS,companies/07160664_alpha-financial-markets-consulting-group-limited/docs/2013-01-29_RESOLUTIONS_resolutions-res01-resolution-of-memorandum-and-or-.pdf,companies/07160664_alpha-financial-markets-consulting-group-limited/docs/2013-01-29_RESOLUTIONS_resolutions-res01-resolution-of-memorandum-and-or-.txt
07160664,ALPHA FINANCIAL MARKETS CONSULTING GROUP LIMITED,2013-04-17,AR01,companies/07160664_alpha-financial-markets-consulting-group-limited/docs/2013-04-17_AR01_annual-return-made-up-to-17-february-2013-with-ful.pdf,companies/07160664_alpha-financial-markets-consulting-group-limited/docs/2013-04-17_AR01_annual-return-made-up-to-17-february-2013-with-ful.txt
07160664,ALPHA FINANCIAL MARKETS CONSULTING GROUP LIMITED,2013-04-22,SH03,companies/07160664_alpha-financial-markets-consulting-group-limited/docs/2013-04-22_SH03_purchase-of-own-shares.pdf,companies/07160664_alpha-financial-markets-consulting-group-limited/docs/2013-04-22_SH03_purchase-of-own-shares.txt
07160664,ALPHA FINANCIAL MARKETS CONSULTING GROUP LIMITED,2013-04-22,SH06,companies/07160664_alpha-financial-markets-consulting-group-limited/docs/2013-04-22_SH06_cancellation-of-shares-statement-of-capital-on-22-.pdf,companies/07160664_alpha-financial-markets-consulting-group-limited/docs/2013-04-22_SH06_cancellation-of-shares-statement-of-capital-on-22-.txt
07160664,ALPHA FINANCIAL MARKETS CONSULTING GROUP LIMITED,2013-04-24,SH01,companies/07160664_alpha-financial-markets-consulting-group-limited/docs/2013-04-24_SH01_statement-of-capital-following-an-allotment-of-sha.pdf,companies/07160664_alpha-financial-markets-consulting-group-limited/docs/2013-04-24_SH01_statement-of-capital-following-an-allotment-of-sha.txt
07160664,ALPHA FINANCIAL MARKETS CONSULTING GROUP LIMITED,2013-10-21,RESOLUTIONS,companies/07160664_alpha-financial-markets-consulting-group-limited/docs/2013-10-21_RESOLUTIONS_resolutions-res13-agreement-20-03-2013.pdf,companies/07160664_alpha-financial-markets-consulting-group-limited/docs/2013-10-21_RESOLUTIONS_resolutions-res13-agreement-20-03-2013.txt
07160664,ALPHA FINANCIAL MARKETS CONSULTING GROUP LIMITED,2013-10-22,SH20,companies/07160664_alpha-financial-markets-consulting-group-limited/docs/2013-10-22_SH20_statement-by-directors.pdf,companies/07160664_alpha-financial-markets-consulting-group-limited/docs/2013-10-22_SH20_statement-by-directors.txt
07160664,ALPHA FINANCIAL MARKETS CONSULTING GROUP LIMITED,2013-10-29,MR01,companies/07160664_alpha-financial-markets-consulting-group-limited/docs/2013-10-29_MR01_registration-of-charge-071606640001.pdf,companies/07160664_alpha-financial-markets-consulting-group-limited/docs/2013-10-29_MR01_registration-of-charge-071606640001.txt
07160664,ALPHA FINANCIAL MARKETS CONSULTING GROUP LIMITED,2013-10-30,MEM-ARTS,companies/07160664_alpha-financial-markets-consulting-group-limited/docs/2013-10-30_MEM-ARTS_memorandum-and-articles-of-association.pdf,companies/07160664_alpha-financial-markets-consulting-group-limited/docs/2013-10-30_MEM-ARTS_memorandum-and-articles-of-association.txt
07160664,ALPHA FINANCIAL MARKETS CONSULTING GROUP LIMITED,2013-10-30,RESOLUTIONS,companies/07160664_alpha-financial-markets-consulting-group-limited/docs/2013-10-30_RESOLUTIONS_resolutions-res01-resolution-of-memorandum-and-or--2.pdf,companies/07160664_alpha-financial-markets-consulting-group-limited/docs/2013-10-30_RESOLUTIONS_resolutions-res01-resolution-of-memorandum-and-or--2.txt
07160664,ALPHA FINANCIAL MARKETS CONSULTING GROUP LIMITED,2013-10-30,RESOLUTIONS,companies/07160664_alpha-financial-markets-consulting-group-limited/docs/2013-10-30_RESOLUTIONS_resolutions-res01-resolution-of-memorandum-and-or-.pdf,companies/07160664_alpha-financial-markets-consulting-group-limited/docs/2013-10-30_RESOLUTIONS_resolutions-res01-resolution-of-memorandum-and-or-.txt
07160664,ALPHA FINANCIAL MARKETS CONSULTING GROUP LIMITED,2013-11-05,SH01,companies/07160664_alpha-financial-markets-consulting-group-limited/docs/2013-11-05_SH01_statement-of-capital-following-an-allotment-of-sha.pdf,companies/07160664_alpha-financial-markets-consulting-group-limited/docs/2013-11-05_SH01_statement-of-capital-following-an-allotment-of-sha.txt
07160664,ALPHA FINANCIAL MARKETS CONSULTING GROUP LIMITED,2013-11-06,MR01,companies/07160664_alpha-financial-markets-consulting-group-limited/docs/2013-11-06_MR01_registration-of-charge-071606640002.pdf,companies/07160664_alpha-financial-markets-consulting-group-limited/docs/2013-11-06_MR01_registration-of-charge-071606640002.txt
07160664,ALPHA FINANCIAL MARKETS CONSULTING GROUP LIMITED,2013-12-11,AA,companies/07160664_alpha-financial-markets-consulting-group-limited/docs/2013-12-11_AA_group-of-companies-accounts-made-up-to-31-march-20.pdf,companies/07160664_alpha-financial-markets-consulting-group-limited/docs/2013-12-11_AA_group-of-companies-accounts-made-up-to-31-march-20.txt
07160664,ALPHA FINANCIAL MARKETS CONSULTING GROUP LIMITED,2014-02-25,RESOLUTIONS,companies/07160664_alpha-financial-markets-consulting-group-limited/docs/2014-02-25_RESOLUTIONS_resolutions-res10-resolution-of-allotment-of-secur.pdf,companies/07160664_alpha-financial-markets-consulting-group-limited/docs/2014-02-25_RESOLUTIONS_resolutions-res10-resolution-of-allotment-of-secur.txt
07160664,ALPHA FINANCIAL MARKETS CONSULTING GROUP LIMITED,2014-02-25,SH01,companies/07160664_alpha-financial-markets-consulting-group-limited/docs/2014-02-25_SH01_statement-of-capital-following-an-allotment-of-sha.pdf,companies/07160664_alpha-financial-markets-consulting-group-limited/docs/2014-02-25_SH01_statement-of-capital-following-an-allotment-of-sha.txt
07160664,ALPHA FINANCIAL MARKETS CONSULTING GROUP LIMITED,2014-04-07,AR01,companies/07160664_alpha-financial-markets-consulting-group-limited/docs/2014-04-07_AR01_annual-return-made-up-to-17-february-2014-with-ful.pdf,companies/07160664_alpha-financial-markets-consulting-group-limited/docs/2014-04-07_AR01_annual-return-made-up-to-17-february-2014-with-ful.txt
07160664,ALPHA FINANCIAL MARKETS CONSULTING GROUP LIMITED,2015-02-06,AA,companies/07160664_alpha-financial-markets-consulting-group-limited/docs/2015-02-06_AA_group-of-companies-accounts-made-up-to-31-march-20.pdf,companies/07160664_alpha-financial-markets-consulting-group-limited/docs/2015-02-06_AA_group-of-companies-accounts-made-up-to-31-march-20.txt
07160664,ALPHA FINANCIAL MARKETS CONSULTING GROUP LIMITED,2015-03-06,AR01,companies/07160664_alpha-financial-markets-consulting-group-limited/docs/2015-03-06_AR01_annual-return-made-up-to-17-february-2015-with-ful.pdf,companies/07160664_alpha-financial-markets-consulting-group-limited/docs/2015-03-06_AR01_annual-return-made-up-to-17-february-2015-with-ful.txt
07160664,ALPHA FINANCIAL MARKETS CONSULTING GROUP LIMITED,2016-01-06,AA,companies/07160664_alpha-financial-markets-consulting-group-limited/docs/2016-01-06_AA_group-of-companies-accounts-made-up-to-31-march-20.pdf,companies/07160664_alpha-financial-markets-consulting-group-limited/docs/2016-01-06_AA_group-of-companies-accounts-made-up-to-31-march-20.txt
07160664,ALPHA FINANCIAL MARKETS CONSULTING GROUP LIMITED,2016-02-06,MR01,companies/07160664_alpha-financial-markets-consulting-group-limited/docs/2016-02-06_MR01_registration-of-charge-071606640003-created-on-3-f.pdf,companies/07160664_alpha-financial-markets-consulting-group-limited/docs/2016-02-06_MR01_registration-of-charge-071606640003-created-on-3-f.txt
07160664,ALPHA FINANCIAL MARKETS CONSULTING GROUP LIMITED,2016-02-12,MR01,companies/07160664_alpha-financial-markets-consulting-group-limited/docs/2016-02-12_MR01_registration-of-charge-071606640004-created-on-3-f.pdf,companies/07160664_alpha-financial-markets-consulting-group-limited/docs/2016-02-12_MR01_registration-of-charge-071606640004-created-on-3-f.txt
07160664,ALPHA FINANCIAL MARKETS CONSULTING GROUP LIMITED,2016-02-18,MA,companies/07160664_alpha-financial-markets-consulting-group-limited/docs/2016-02-18_MA_memorandum-and-articles-of-association.pdf,companies/07160664_alpha-financial-markets-consulting-group-limited/docs/2016-02-18_MA_memorandum-and-articles-of-association.txt
07160664,ALPHA FINANCIAL MARKETS CONSULTING GROUP LIMITED,2016-02-18,RESOLUTIONS,companies/07160664_alpha-financial-markets-consulting-group-limited/docs/2016-02-18_RESOLUTIONS_resolutions-res01-resolution-of-alteration-of-arti.pdf,companies/07160664_alpha-financial-markets-consulting-group-limited/docs/2016-02-18_RESOLUTIONS_resolutions-res01-resolution-of-alteration-of-arti.txt
07160664,ALPHA FINANCIAL MARKETS CONSULTING GROUP LIMITED,2016-02-19,RESOLUTIONS,companies/07160664_alpha-financial-markets-consulting-group-limited/docs/2016-02-19_RESOLUTIONS_resolutions-res01-resolution-of-adoption-of-articl.pdf,companies/07160664_alpha-financial-markets-consulting-group-limited/docs/2016-02-19_RESOLUTIONS_resolutions-res01-resolution-of-adoption-of-articl.txt
07160664,ALPHA FINANCIAL MARKETS CONSULTING GROUP LIMITED,2016-02-19,SH02,companies/07160664_alpha-financial-markets-consulting-group-limited/docs/2016-02-19_SH02_sub-division-of-shares-on-3-february-2016.pdf,companies/07160664_alpha-financial-markets-consulting-group-limited/docs/2016-02-19_SH02_sub-division-of-shares-on-3-february-2016.txt
07160664,ALPHA FINANCIAL MARKETS CONSULTING GROUP LIMITED,2016-02-19,SH08,companies/07160664_alpha-financial-markets-consulting-group-limited/docs/2016-02-19_SH08_change-of-share-class-name-or-designation.pdf,companies/07160664_alpha-financial-markets-consulting-group-limited/docs/2016-02-19_SH08_change-of-share-class-name-or-designation.txt
07160664,ALPHA FINANCIAL MARKETS CONSULTING GROUP LIMITED,2016-02-19,SH10,companies/07160664_alpha-financial-markets-consulting-group-limited/docs/2016-02-19_SH10_particulars-of-variation-of-rights-attached-to-sha.pdf,companies/07160664_alpha-financial-markets-consulting-group-limited/docs/2016-02-19_SH10_particulars-of-variation-of-rights-attached-to-sha.txt
07160664,ALPHA FINANCIAL MARKETS CONSULTING GROUP LIMITED,2016-02-29,AR01,companies/07160664_alpha-financial-markets-consulting-group-limited/docs/2016-02-29_AR01_annual-return-made-up-to-17-february-2016-with-ful.pdf,companies/07160664_alpha-financial-markets-consulting-group-limited/docs/2016-02-29_AR01_annual-return-made-up-to-17-february-2016-with-ful.txt
07160664,ALPHA FINANCIAL MARKETS CONSULTING GROUP LIMITED,2016-03-12,MR01,companies/07160664_alpha-financial-markets-consulting-group-limited/docs/2016-03-12_MR01_registration-of-charge-071606640005-created-on-9-m.pdf,companies/07160664_alpha-financial-markets-consulting-group-limited/docs/2016-03-12_MR01_registration-of-charge-071606640005-created-on-9-m.txt
07160664,ALPHA FINANCIAL MARKETS CONSULTING GROUP LIMITED,2016-03-18,MR01,companies/07160664_alpha-financial-markets-consulting-group-limited/docs/2016-03-18_MR01_registration-of-charge-071606640006-created-on-9-m.pdf,companies/07160664_alpha-financial-markets-consulting-group-limited/docs/2016-03-18_MR01_registration-of-charge-071606640006-created-on-9-m.txt
07160664,ALPHA FINANCIAL MARKETS CONSULTING GROUP LIMITED,2016-04-11,MR01,companies/07160664_alpha-financial-markets-consulting-group-limited/docs/2016-04-11_MR01_registration-of-charge-071606640007-created-on-1-a.pdf,companies/07160664_alpha-financial-markets-consulting-group-limited/docs/2016-04-11_MR01_registration-of-charge-071606640007-created-on-1-a.txt
07160664,ALPHA FINANCIAL MARKETS CONSULTING GROUP LIMITED,2016-09-13,MR04,companies/07160664_alpha-financial-markets-consulting-group-limited/docs/2016-09-13_MR04_satisfaction-of-charge-071606640001-in-full.pdf,companies/07160664_alpha-financial-markets-consulting-group-limited/docs/2016-09-13_MR04_satisfaction-of-charge-071606640001-in-full.txt
07160664,ALPHA FINANCIAL MARKETS CONSULTING GROUP LIMITED,2016-09-13,MR04,companies/07160664_alpha-financial-markets-consulting-group-limited/docs/2016-09-13_MR04_satisfaction-of-charge-071606640002-in-full.pdf,companies/07160664_alpha-financial-markets-consulting-group-limited/docs/2016-09-13_MR04_satisfaction-of-charge-071606640002-in-full.txt
07160664,ALPHA FINANCIAL MARKETS CONSULTING GROUP LIMITED,2016-10-14,AA,companies/07160664_alpha-financial-markets-consulting-group-limited/docs/2016-10-14_AA_full-accounts-made-up-to-31-march-2016.pdf,companies/07160664_alpha-financial-markets-consulting-group-limited/docs/2016-10-14_AA_full-accounts-made-up-to-31-march-2016.txt
07160664,ALPHA FINANCIAL MARKETS CONSULTING GROUP LIMITED,2017-03-16,CS01,companies/07160664_alpha-financial-markets-consulting-group-limited/docs/2017-03-16_CS01_17-02-17-statement-of-capital-gbp-6035893-25-17-02.pdf,companies/07160664_alpha-financial-markets-consulting-group-limited/docs/2017-03-16_CS01_17-02-17-statement-of-capital-gbp-6035893-25-17-02.txt
07160664,ALPHA FINANCIAL MARKETS CONSULTING GROUP LIMITED,2017-11-06,MR04,companies/07160664_alpha-financial-markets-consulting-group-limited/docs/2017-11-06_MR04_satisfaction-of-charge-071606640003-in-full.pdf,companies/07160664_alpha-financial-markets-consulting-group-limited/docs/2017-11-06_MR04_satisfaction-of-charge-071606640003-in-full.txt
07160664,ALPHA FINANCIAL MARKETS CONSULTING GROUP LIMITED,2017-11-06,MR04,companies/07160664_alpha-financial-markets-consulting-group-limited/docs/2017-11-06_MR04_satisfaction-of-charge-071606640004-in-full.pdf,companies/07160664_alpha-financial-markets-consulting-group-limited/docs/2017-11-06_MR04_satisfaction-of-charge-071606640004-in-full.txt
07160664,ALPHA FINANCIAL MARKETS CONSULTING GROUP LIMITED,2017-11-06,MR04,companies/07160664_alpha-financial-markets-consulting-group-limited/docs/2017-11-06_MR04_satisfaction-of-charge-071606640007-in-full.pdf,companies/07160664_alpha-financial-markets-consulting-group-limited/docs/2017-11-06_MR04_satisfaction-of-charge-071606640007-in-full.txt
07160664,ALPHA FINANCIAL MARKETS CONSULTING GROUP LIMITED,2017-11-22,AA,companies/07160664_alpha-financial-markets-consulting-group-limited/docs/2017-11-22_AA_full-accounts-made-up-to-31-march-2017.pdf,companies/07160664_alpha-financial-markets-consulting-group-limited/docs/2017-11-22_AA_full-accounts-made-up-to-31-march-2017.txt
07160664,ALPHA FINANCIAL MARKETS CONSULTING GROUP LIMITED,2018-02-23,CS01,companies/07160664_alpha-financial-markets-consulting-group-limited/docs/2018-02-23_CS01_confirmation-statement-made-on-17-february-2018-wi.pdf,companies/07160664_alpha-financial-markets-consulting-group-limited/docs/2018-02-23_CS01_confirmation-statement-made-on-17-february-2018-wi.txt
07160664,ALPHA FINANCIAL MARKETS CONSULTING GROUP LIMITED,2019-01-05,AA,companies/07160664_alpha-financial-markets-consulting-group-limited/docs/2019-01-05_AA_full-accounts-made-up-to-31-march-2018.pdf,companies/07160664_alpha-financial-markets-consulting-group-limited/docs/2019-01-05_AA_full-accounts-made-up-to-31-march-2018.txt
07160664,ALPHA FINANCIAL MARKETS CONSULTING GROUP LIMITED,2019-03-05,CS01,companies/07160664_alpha-financial-markets-consulting-group-limited/docs/2019-03-05_CS01_confirmation-statement-made-on-17-february-2019-wi.pdf,companies/07160664_alpha-financial-markets-consulting-group-limited/docs/2019-03-05_CS01_confirmation-statement-made-on-17-february-2019-wi.txt
07160664,ALPHA FINANCIAL MARKETS CONSULTING GROUP LIMITED,2020-01-03,AA,companies/07160664_alpha-financial-markets-consulting-group-limited/docs/2020-01-03_AA_full-accounts-made-up-to-31-march-2019.pdf,companies/07160664_alpha-financial-markets-consulting-group-limited/docs/2020-01-03_AA_full-accounts-made-up-to-31-march-2019.txt
07160664,ALPHA FINANCIAL MARKETS CONSULTING GROUP LIMITED,2020-03-18,CS01,companies/07160664_alpha-financial-markets-consulting-group-limited/docs/2020-03-18_CS01_confirmation-statement-made-on-17-february-2020-wi.pdf,companies/07160664_alpha-financial-markets-consulting-group-limited/docs/2020-03-18_CS01_confirmation-statement-made-on-17-february-2020-wi.txt
07160664,ALPHA FINANCIAL MARKETS CONSULTING GROUP LIMITED,2021-02-18,CS01,companies/07160664_alpha-financial-markets-consulting-group-limited/docs/2021-02-18_CS01_confirmation-statement-made-on-17-february-2021-wi.pdf,companies/07160664_alpha-financial-markets-consulting-group-limited/docs/2021-02-18_CS01_confirmation-statement-made-on-17-february-2021-wi.txt
07160664,ALPHA FINANCIAL MARKETS CONSULTING GROUP LIMITED,2021-03-30,AA,companies/07160664_alpha-financial-markets-consulting-group-limited/docs/2021-03-30_AA_full-accounts-made-up-to-31-march-2020.pdf,companies/07160664_alpha-financial-markets-consulting-group-limited/docs/2021-03-30_AA_full-accounts-made-up-to-31-march-2020.txt
07160664,ALPHA FINANCIAL MARKETS CONSULTING GROUP LIMITED,2021-12-22,AA,companies/07160664_alpha-financial-markets-consulting-group-limited/docs/2021-12-22_AA_full-accounts-made-up-to-31-march-2021.pdf,companies/07160664_alpha-financial-markets-consulting-group-limited/docs/2021-12-22_AA_full-accounts-made-up-to-31-march-2021.txt
07160664,ALPHA FINANCIAL MARKETS CONSULTING GROUP LIMITED,2022-03-03,CS01,companies/07160664_alpha-financial-markets-consulting-group-limited/docs/2022-03-03_CS01_confirmation-statement-made-on-17-february-2022-wi.pdf,companies/07160664_alpha-financial-markets-consulting-group-limited/docs/2022-03-03_CS01_confirmation-statement-made-on-17-february-2022-wi.txt
07160664,ALPHA FINANCIAL MARKETS CONSULTING GROUP LIMITED,2022-03-09,CS01,companies/07160664_alpha-financial-markets-consulting-group-limited/docs/2022-03-09_CS01_confirmation-statement-made-on-1-march-2022-with-n.pdf,companies/07160664_alpha-financial-markets-consulting-group-limited/docs/2022-03-09_CS01_confirmation-statement-made-on-1-march-2022-with-n.txt
07160664,ALPHA FINANCIAL MARKETS CONSULTING GROUP LIMITED,2022-10-20,AA,companies/07160664_alpha-financial-markets-consulting-group-limited/docs/2022-10-20_AA_full-accounts-made-up-to-31-march-2022.pdf,companies/07160664_alpha-financial-markets-consulting-group-limited/docs/2022-10-20_AA_full-accounts-made-up-to-31-march-2022.txt
07160664,ALPHA FINANCIAL MARKETS CONSULTING GROUP LIMITED,2023-03-08,CS01,companies/07160664_alpha-financial-markets-consulting-group-limited/docs/2023-03-08_CS01_confirmation-statement-made-on-1-march-2023-with-n.pdf,companies/07160664_alpha-financial-markets-consulting-group-limited/docs/2023-03-08_CS01_confirmation-statement-made-on-1-march-2023-with-n.txt
07160664,ALPHA FINANCIAL MARKETS CONSULTING GROUP LIMITED,2023-11-20,AA,companies/07160664_alpha-financial-markets-consulting-group-limited/docs/2023-11-20_AA_full-accounts-made-up-to-31-march-2023.pdf,companies/07160664_alpha-financial-markets-consulting-group-limited/docs/2023-11-20_AA_full-accounts-made-up-to-31-march-2023.txt
07160664,ALPHA FINANCIAL MARKETS CONSULTING GROUP LIMITED,2023-11-21,RP04CS01,companies/07160664_alpha-financial-markets-consulting-group-limited/docs/2023-11-21_RP04CS01_second-filing-of-confirmation-statement-dated-17-f.pdf,companies/07160664_alpha-financial-markets-consulting-group-limited/docs/2023-11-21_RP04CS01_second-filing-of-confirmation-statement-dated-17-f.txt
07160664,ALPHA FINANCIAL MARKETS CONSULTING GROUP LIMITED,2024-02-27,PSC02,companies/07160664_alpha-financial-markets-consulting-group-limited/docs/2024-02-27_PSC02_notification-of-alpha-fmc-bidco-limited-as-a-perso.pdf,companies/07160664_alpha-financial-markets-consulting-group-limited/docs/2024-02-27_PSC02_notification-of-alpha-fmc-bidco-limited-as-a-perso.txt
07160664,ALPHA FINANCIAL MARKETS CONSULTING GROUP LIMITED,2024-02-27,PSC07,companies/07160664_alpha-financial-markets-consulting-group-limited/docs/2024-02-27_PSC07_cessation-of-alpha-fmc-group-limited-as-a-person-w.pdf,companies/07160664_alpha-financial-markets-consulting-group-limited/docs/2024-02-27_PSC07_cessation-of-alpha-fmc-group-limited-as-a-person-w.txt
07160664,ALPHA FINANCIAL MARKETS CONSULTING GROUP LIMITED,2024-03-01,CS01,companies/07160664_alpha-financial-markets-consulting-group-limited/docs/2024-03-01_CS01_confirmation-statement-made-on-1-march-2024-with-u.pdf,companies/07160664_alpha-financial-markets-consulting-group-limited/docs/2024-03-01_CS01_confirmation-statement-made-on-1-march-2024-with-u.txt
07160664,ALPHA FINANCIAL MARKETS CONSULTING GROUP LIMITED,2024-12-13,MR01,companies/07160664_alpha-financial-markets-consulting-group-limited/docs/2024-12-13_MR01_registration-of-charge-071606640008-created-on-10-.pdf,companies/07160664_alpha-financial-markets-consulting-group-limited/docs/2024-12-13_MR01_registration-of-charge-071606640008-created-on-10-.txt
07160664,ALPHA FINANCIAL MARKETS CONSULTING GROUP LIMITED,2024-12-13,MR01,companies/07160664_alpha-financial-markets-consulting-group-limited/docs/2024-12-13_MR01_registration-of-charge-071606640009-created-on-10-.pdf,companies/07160664_alpha-financial-markets-consulting-group-limited/docs/2024-12-13_MR01_registration-of-charge-071606640009-created-on-10-.txt
07160664,ALPHA FINANCIAL MARKETS CONSULTING GROUP LIMITED,2024-12-23,AA,companies/07160664_alpha-financial-markets-consulting-group-limited/docs/2024-12-23_AA_full-accounts-made-up-to-31-march-2024.pdf,companies/07160664_alpha-financial-markets-consulting-group-limited/docs/2024-12-23_AA_full-accounts-made-up-to-31-march-2024.txt
07160664,ALPHA FINANCIAL MARKETS CONSULTING GROUP LIMITED,2025-03-07,CS01,companies/07160664_alpha-financial-markets-consulting-group-limited/docs/2025-03-07_CS01_confirmation-statement-made-on-1-march-2025-with-u.pdf,companies/07160664_alpha-financial-markets-consulting-group-limited/docs/2025-03-07_CS01_confirmation-statement-made-on-1-march-2025-with-u.txt
07160664,ALPHA FINANCIAL MARKETS CONSULTING GROUP LIMITED,2025-10-29,AGREEMENT2,companies/07160664_alpha-financial-markets-consulting-group-limited/docs/2025-10-29_AGREEMENT2_notice-of-agreement-to-exemption-from-audit-of-acc.pdf,companies/07160664_alpha-financial-markets-consulting-group-limited/docs/2025-10-29_AGREEMENT2_notice-of-agreement-to-exemption-from-audit-of-acc.txt
07160664,ALPHA FINANCIAL MARKETS CONSULTING GROUP LIMITED,2025-10-29,GUARANTEE2,companies/07160664_alpha-financial-markets-consulting-group-limited/docs/2025-10-29_GUARANTEE2_audit-exemption-statement-of-guarantee-by-parent-c.pdf,companies/07160664_alpha-financial-markets-consulting-group-limited/docs/2025-10-29_GUARANTEE2_audit-exemption-statement-of-guarantee-by-parent-c.txt
07160664,ALPHA FINANCIAL MARKETS CONSULTING GROUP LIMITED,2025-10-29,PARENT-ACC,companies/07160664_alpha-financial-markets-consulting-group-limited/docs/2025-10-29_PARENT-ACC_consolidated-accounts-of-parent-company-for-subsid.pdf,companies/07160664_alpha-financial-markets-consulting-group-limited/docs/2025-10-29_PARENT-ACC_consolidated-accounts-of-parent-company-for-subsid.txt
07160664,ALPHA FINANCIAL MARKETS CONSULTING GROUP LIMITED,2025-10-29,PARENT,companies/07160664_alpha-financial-markets-consulting-group-limited/docs/2025-10-29_PARENT_ACC_consolidated-accounts-of-parent-company-for-subsid.pdf,companies/07160664_alpha-financial-markets-consulting-group-limited/docs/2025-10-29_PARENT_ACC_consolidated-accounts-of-parent-company-for-subsid.txt
07160664,ALPHA FINANCIAL MARKETS CONSULTING GROUP LIMITED,2026-01-08,AA,companies/07160664_alpha-financial-markets-consulting-group-limited/docs/2026-01-08_AA_audit-exemption-subsidiary-accounts-made-up-to-31-.pdf,companies/07160664_alpha-financial-markets-consulting-group-limited/docs/2026-01-08_AA_audit-exemption-subsidiary-accounts-made-up-to-31-.txt
07160664,ALPHA FINANCIAL MARKETS CONSULTING GROUP LIMITED,2026-03-12,CS01,companies/07160664_alpha-financial-markets-consulting-group-limited/docs/2026-03-12_CS01_confirmation-statement-made-on-1-march-2026-with-n.pdf,companies/07160664_alpha-financial-markets-consulting-group-limited/docs/2026-03-12_CS01_confirmation-statement-made-on-1-march-2026-with-n.txt
07160664,ALPHA FINANCIAL MARKETS CONSULTING GROUP LIMITED,2026-08-06,AGREEMENT2,companies/07160664_alpha-financial-markets-consulting-group-limited/docs/2026-08-06_AGREEMENT2_notice-of-agreement-to-exemption-from-audit-of-acc.pdf,companies/07160664_alpha-financial-markets-consulting-group-limited/docs/2026-08-06_AGREEMENT2_notice-of-agreement-to-exemption-from-audit-of-acc.txt
07160664,ALPHA FINANCIAL MARKETS CONSULTING GROUP LIMITED,2026-08-06,GUARANTEE2,companies/07160664_alpha-financial-markets-consulting-group-limited/docs/2026-08-06_GUARANTEE2_audit-exemption-statement-of-guarantee-by-parent-c.pdf,companies/07160664_alpha-financial-markets-consulting-group-limited/docs/2026-08-06_GUARANTEE2_audit-exemption-statement-of-guarantee-by-parent-c.txt
07160664,ALPHA FINANCIAL MARKETS CONSULTING GROUP LIMITED,2026-08-06,PARENT-ACC,companies/07160664_alpha-financial-markets-consulting-group-limited/docs/2026-08-06_PARENT-ACC_consolidated-accounts-of-parent-company-for-subsid.pdf,companies/07160664_alpha-financial-markets-consulting-group-limited/docs/2026-08-06_PARENT-ACC_consolidated-accounts-of-parent-company-for-subsid.txt
07160664,ALPHA FINANCIAL MARKETS CONSULTING GROUP LIMITED,2026-08-06,PARENT,companies/07160664_alpha-financial-markets-consulting-group-limited/docs/2026-08-06_PARENT_ACC_consolidated-accounts-of-parent-company-for-subsid.pdf,companies/07160664_alpha-financial-markets-consulting-group-limited/docs/2026-08-06_PARENT_ACC_consolidated-accounts-of-parent-company-for-subsid.txt
08506571,ALPHA FMC GROUP LIMITED,2013-04-26,NEWINC,companies/08506571_alpha-fmc-group-limited/docs/2013-04-26_NEWINC_incorporation-sh01-statement-of-capital-following-.pdf,companies/08506571_alpha-fmc-group-limited/docs/2013-04-26_NEWINC_incorporation-sh01-statement-of-capital-following-.txt
08506571,ALPHA FMC GROUP LIMITED,2013-05-08,AA01,companies/08506571_alpha-fmc-group-limited/docs/2013-05-08_AA01_current-accounting-period-extended-from-30-april-2.pdf,companies/08506571_alpha-fmc-group-limited/docs/2013-05-08_AA01_current-accounting-period-extended-from-30-april-2.txt
08506571,ALPHA FMC GROUP LIMITED,2013-08-30,CERTNM,companies/08506571_alpha-fmc-group-limited/docs/2013-08-30_CERTNM_company-name-changed-ems-powerstar-limited-certifi.pdf,companies/08506571_alpha-fmc-group-limited/docs/2013-08-30_CERTNM_company-name-changed-ems-powerstar-limited-certifi.txt
08506571,ALPHA FMC GROUP LIMITED,2013-08-30,CONNOT,companies/08506571_alpha-fmc-group-limited/docs/2013-08-30_CONNOT_change-of-name-notice.pdf,companies/08506571_alpha-fmc-group-limited/docs/2013-08-30_CONNOT_change-of-name-notice.txt
08506571,ALPHA FMC GROUP LIMITED,2013-10-25,AA01,companies/08506571_alpha-fmc-group-limited/docs/2013-10-25_AA01_current-accounting-period-shortened-from-31-may-20.pdf,companies/08506571_alpha-fmc-group-limited/docs/2013-10-25_AA01_current-accounting-period-shortened-from-31-may-20.txt
08506571,ALPHA FMC GROUP LIMITED,2013-10-29,MR01,companies/08506571_alpha-fmc-group-limited/docs/2013-10-29_MR01_registration-of-charge-085065710001.pdf,companies/08506571_alpha-fmc-group-limited/docs/2013-10-29_MR01_registration-of-charge-085065710001.txt
08506571,ALPHA FMC GROUP LIMITED,2013-11-04,RESOLUTIONS,companies/08506571_alpha-fmc-group-limited/docs/2013-11-04_RESOLUTIONS_resolutions-res13-company-transactions-and-busines.pdf,companies/08506571_alpha-fmc-group-limited/docs/2013-11-04_RESOLUTIONS_resolutions-res13-company-transactions-and-busines.txt
08506571,ALPHA FMC GROUP LIMITED,2013-11-06,MR01,companies/08506571_alpha-fmc-group-limited/docs/2013-11-06_MR01_registration-of-charge-085065710002.pdf,companies/08506571_alpha-fmc-group-limited/docs/2013-11-06_MR01_registration-of-charge-085065710002.txt
08506571,ALPHA FMC GROUP LIMITED,2013-11-14,MEM-ARTS,companies/08506571_alpha-fmc-group-limited/docs/2013-11-14_MEM-ARTS_memorandum-and-articles-of-association.pdf,companies/08506571_alpha-fmc-group-limited/docs/2013-11-14_MEM-ARTS_memorandum-and-articles-of-association.txt
08506571,ALPHA FMC GROUP LIMITED,2014-07-31,AR01,companies/08506571_alpha-fmc-group-limited/docs/2014-07-31_AR01_annual-return-made-up-to-26-april-2014-with-full-l.pdf,companies/08506571_alpha-fmc-group-limited/docs/2014-07-31_AR01_annual-return-made-up-to-26-april-2014-with-full-l.txt
08506571,ALPHA FMC GROUP LIMITED,2015-02-06,AA,companies/08506571_alpha-fmc-group-limited/docs/2015-02-06_AA_full-accounts-made-up-to-31-march-2014.pdf,companies/08506571_alpha-fmc-group-limited/docs/2015-02-06_AA_full-accounts-made-up-to-31-march-2014.txt
08506571,ALPHA FMC GROUP LIMITED,2015-07-01,AR01,companies/08506571_alpha-fmc-group-limited/docs/2015-07-01_AR01_annual-return-made-up-to-26-april-2015-with-full-l.pdf,companies/08506571_alpha-fmc-group-limited/docs/2015-07-01_AR01_annual-return-made-up-to-26-april-2015-with-full-l.txt
08506571,ALPHA FMC GROUP LIMITED,2016-01-06,AA,companies/08506571_alpha-fmc-group-limited/docs/2016-01-06_AA_full-accounts-made-up-to-31-march-2015.pdf,companies/08506571_alpha-fmc-group-limited/docs/2016-01-06_AA_full-accounts-made-up-to-31-march-2015.txt
08506571,ALPHA FMC GROUP LIMITED,2016-02-06,MR01,companies/08506571_alpha-fmc-group-limited/docs/2016-02-06_MR01_registration-of-charge-085065710003-created-on-3-f.pdf,companies/08506571_alpha-fmc-group-limited/docs/2016-02-06_MR01_registration-of-charge-085065710003-created-on-3-f.txt
08506571,ALPHA FMC GROUP LIMITED,2016-02-12,MR01,companies/08506571_alpha-fmc-group-limited/docs/2016-02-12_MR01_registration-of-charge-085065710004-created-on-3-f.pdf,companies/08506571_alpha-fmc-group-limited/docs/2016-02-12_MR01_registration-of-charge-085065710004-created-on-3-f.txt
08506571,ALPHA FMC GROUP LIMITED,2016-02-19,RESOLUTIONS,companies/08506571_alpha-fmc-group-limited/docs/2016-02-19_RESOLUTIONS_resolutions-res01-resolution-of-adoption-of-articl.pdf,companies/08506571_alpha-fmc-group-limited/docs/2016-02-19_RESOLUTIONS_resolutions-res01-resolution-of-adoption-of-articl.txt
08506571,ALPHA FMC GROUP LIMITED,2016-05-20,AR01,companies/08506571_alpha-fmc-group-limited/docs/2016-05-20_AR01_annual-return-made-up-to-26-april-2016-with-full-l.pdf,companies/08506571_alpha-fmc-group-limited/docs/2016-05-20_AR01_annual-return-made-up-to-26-april-2016-with-full-l.txt
08506571,ALPHA FMC GROUP LIMITED,2016-09-13,MR04,companies/08506571_alpha-fmc-group-limited/docs/2016-09-13_MR04_satisfaction-of-charge-085065710001-in-full.pdf,companies/08506571_alpha-fmc-group-limited/docs/2016-09-13_MR04_satisfaction-of-charge-085065710001-in-full.txt
08506571,ALPHA FMC GROUP LIMITED,2016-09-13,MR04,companies/08506571_alpha-fmc-group-limited/docs/2016-09-13_MR04_satisfaction-of-charge-085065710002-in-full.pdf,companies/08506571_alpha-fmc-group-limited/docs/2016-09-13_MR04_satisfaction-of-charge-085065710002-in-full.txt
08506571,ALPHA FMC GROUP LIMITED,2016-10-13,AA,companies/08506571_alpha-fmc-group-limited/docs/2016-10-13_AA_full-accounts-made-up-to-31-march-2016.pdf,companies/08506571_alpha-fmc-group-limited/docs/2016-10-13_AA_full-accounts-made-up-to-31-march-2016.txt
08506571,ALPHA FMC GROUP LIMITED,2017-06-02,CS01,companies/08506571_alpha-fmc-group-limited/docs/2017-06-02_CS01_confirmation-statement-made-on-26-april-2017-with-.pdf,companies/08506571_alpha-fmc-group-limited/docs/2017-06-02_CS01_confirmation-statement-made-on-26-april-2017-with-.txt
08506571,ALPHA FMC GROUP LIMITED,2017-10-03,CAP-SS,companies/08506571_alpha-fmc-group-limited/docs/2017-10-03_CAP-SS_solvency-statement-dated-02-10-17.pdf,companies/08506571_alpha-fmc-group-limited/docs/2017-10-03_CAP-SS_solvency-statement-dated-02-10-17.txt
08506571,ALPHA FMC GROUP LIMITED,2017-10-03,RESOLUTIONS,companies/08506571_alpha-fmc-group-limited/docs/2017-10-03_RESOLUTIONS_resolutions-res06-resolution-of-reduction-in-issue.pdf,companies/08506571_alpha-fmc-group-limited/docs/2017-10-03_RESOLUTIONS_resolutions-res06-resolution-of-reduction-in-issue.txt
08506571,ALPHA FMC GROUP LIMITED,2017-10-03,SH19,companies/08506571_alpha-fmc-group-limited/docs/2017-10-03_SH19_statement-of-capital-on-3-october-2017-gbp-22-420-.pdf,companies/08506571_alpha-fmc-group-limited/docs/2017-10-03_SH19_statement-of-capital-on-3-october-2017-gbp-22-420-.txt
08506571,ALPHA FMC GROUP LIMITED,2017-10-03,SH20,companies/08506571_alpha-fmc-group-limited/docs/2017-10-03_SH20_statement-by-directors.pdf,companies/08506571_alpha-fmc-group-limited/docs/2017-10-03_SH20_statement-by-directors.txt
08506571,ALPHA FMC GROUP LIMITED,2017-10-11,RESOLUTIONS,companies/08506571_alpha-fmc-group-limited/docs/2017-10-11_RESOLUTIONS_resolutions-res10-resolution-of-allotment-of-secur.pdf,companies/08506571_alpha-fmc-group-limited/docs/2017-10-11_RESOLUTIONS_resolutions-res10-resolution-of-allotment-of-secur.txt
08506571,ALPHA FMC GROUP LIMITED,2017-10-11,SH01,companies/08506571_alpha-fmc-group-limited/docs/2017-10-11_SH01_statement-of-capital-following-an-allotment-of-sha.pdf,companies/08506571_alpha-fmc-group-limited/docs/2017-10-11_SH01_statement-of-capital-following-an-allotment-of-sha.txt
08506571,ALPHA FMC GROUP LIMITED,2017-10-11,SH06,companies/08506571_alpha-fmc-group-limited/docs/2017-10-11_SH06_cancellation-of-shares-statement-of-capital-on-2-o.pdf,companies/08506571_alpha-fmc-group-limited/docs/2017-10-11_SH06_cancellation-of-shares-statement-of-capital-on-2-o.txt
08506571,ALPHA FMC GROUP LIMITED,2017-10-26,AA,companies/08506571_alpha-fmc-group-limited/docs/2017-10-26_AA_full-accounts-made-up-to-31-march-2017.pdf,companies/08506571_alpha-fmc-group-limited/docs/2017-10-26_AA_full-accounts-made-up-to-31-march-2017.txt
08506571,ALPHA FMC GROUP LIMITED,2017-11-06,MR04,companies/08506571_alpha-fmc-group-limited/docs/2017-11-06_MR04_satisfaction-of-charge-085065710003-in-full.pdf,companies/08506571_alpha-fmc-group-limited/docs/2017-11-06_MR04_satisfaction-of-charge-085065710003-in-full.txt
08506571,ALPHA FMC GROUP LIMITED,2017-11-06,MR04,companies/08506571_alpha-fmc-group-limited/docs/2017-11-06_MR04_satisfaction-of-charge-085065710004-in-full.pdf,companies/08506571_alpha-fmc-group-limited/docs/2017-11-06_MR04_satisfaction-of-charge-085065710004-in-full.txt
08506571,ALPHA FMC GROUP LIMITED,2018-05-03,CS01,companies/08506571_alpha-fmc-group-limited/docs/2018-05-03_CS01_confirmation-statement-made-on-26-april-2018-with-.pdf,companies/08506571_alpha-fmc-group-limited/docs/2018-05-03_CS01_confirmation-statement-made-on-26-april-2018-with-.txt
08506571,ALPHA FMC GROUP LIMITED,2019-01-07,AA,companies/08506571_alpha-fmc-group-limited/docs/2019-01-07_AA_full-accounts-made-up-to-31-march-2018.pdf,companies/08506571_alpha-fmc-group-limited/docs/2019-01-07_AA_full-accounts-made-up-to-31-march-2018.txt
08506571,ALPHA FMC GROUP LIMITED,2019-05-02,CS01,companies/08506571_alpha-fmc-group-limited/docs/2019-05-02_CS01_confirmation-statement-made-on-26-april-2019-with-.pdf,companies/08506571_alpha-fmc-group-limited/docs/2019-05-02_CS01_confirmation-statement-made-on-26-april-2019-with-.txt
08506571,ALPHA FMC GROUP LIMITED,2020-01-03,AA,companies/08506571_alpha-fmc-group-limited/docs/2020-01-03_AA_full-accounts-made-up-to-31-march-2019.pdf,companies/08506571_alpha-fmc-group-limited/docs/2020-01-03_AA_full-accounts-made-up-to-31-march-2019.txt
08506571,ALPHA FMC GROUP LIMITED,2020-06-08,CS01,companies/08506571_alpha-fmc-group-limited/docs/2020-06-08_CS01_confirmation-statement-made-on-26-april-2020-with-.pdf,companies/08506571_alpha-fmc-group-limited/docs/2020-06-08_CS01_confirmation-statement-made-on-26-april-2020-with-.txt
08506571,ALPHA FMC GROUP LIMITED,2020-12-15,AA,companies/08506571_alpha-fmc-group-limited/docs/2020-12-15_AA_full-accounts-made-up-to-31-march-2020.pdf,companies/08506571_alpha-fmc-group-limited/docs/2020-12-15_AA_full-accounts-made-up-to-31-march-2020.txt
08506571,ALPHA FMC GROUP LIMITED,2021-04-28,CS01,companies/08506571_alpha-fmc-group-limited/docs/2021-04-28_CS01_confirmation-statement-made-on-26-april-2021-with-.pdf,companies/08506571_alpha-fmc-group-limited/docs/2021-04-28_CS01_confirmation-statement-made-on-26-april-2021-with-.txt
08506571,ALPHA FMC GROUP LIMITED,2021-12-22,AA,companies/08506571_alpha-fmc-group-limited/docs/2021-12-22_AA_full-accounts-made-up-to-31-march-2021.pdf,companies/08506571_alpha-fmc-group-limited/docs/2021-12-22_AA_full-accounts-made-up-to-31-march-2021.txt
08506571,ALPHA FMC GROUP LIMITED,2022-03-09,CS01,companies/08506571_alpha-fmc-group-limited/docs/2022-03-09_CS01_confirmation-statement-made-on-1-march-2022-with-n.pdf,companies/08506571_alpha-fmc-group-limited/docs/2022-03-09_CS01_confirmation-statement-made-on-1-march-2022-with-n.txt
08506571,ALPHA FMC GROUP LIMITED,2022-10-20,AA,companies/08506571_alpha-fmc-group-limited/docs/2022-10-20_AA_full-accounts-made-up-to-31-march-2022.pdf,companies/08506571_alpha-fmc-group-limited/docs/2022-10-20_AA_full-accounts-made-up-to-31-march-2022.txt
08506571,ALPHA FMC GROUP LIMITED,2023-03-08,CS01,companies/08506571_alpha-fmc-group-limited/docs/2023-03-08_CS01_confirmation-statement-made-on-1-march-2023-with-n.pdf,companies/08506571_alpha-fmc-group-limited/docs/2023-03-08_CS01_confirmation-statement-made-on-1-march-2023-with-n.txt
08506571,ALPHA FMC GROUP LIMITED,2023-10-18,CAP-SS,companies/08506571_alpha-fmc-group-limited/docs/2023-10-18_CAP-SS_solvency-statement-dated-17-10-23.pdf,companies/08506571_alpha-fmc-group-limited/docs/2023-10-18_CAP-SS_solvency-statement-dated-17-10-23.txt
08506571,ALPHA FMC GROUP LIMITED,2023-10-18,RESOLUTIONS,companies/08506571_alpha-fmc-group-limited/docs/2023-10-18_RESOLUTIONS_resolutions-res06-resolution-of-reduction-in-issue.pdf,companies/08506571_alpha-fmc-group-limited/docs/2023-10-18_RESOLUTIONS_resolutions-res06-resolution-of-reduction-in-issue.txt
08506571,ALPHA FMC GROUP LIMITED,2023-10-18,SH01,companies/08506571_alpha-fmc-group-limited/docs/2023-10-18_SH01_statement-of-capital-following-an-allotment-of-sha.pdf,companies/08506571_alpha-fmc-group-limited/docs/2023-10-18_SH01_statement-of-capital-following-an-allotment-of-sha.txt
08506571,ALPHA FMC GROUP LIMITED,2023-10-18,SH19,companies/08506571_alpha-fmc-group-limited/docs/2023-10-18_SH19_statement-of-capital-on-18-october-2023-gbp-1.pdf,companies/08506571_alpha-fmc-group-limited/docs/2023-10-18_SH19_statement-of-capital-on-18-october-2023-gbp-1.txt
08506571,ALPHA FMC GROUP LIMITED,2023-10-18,SH20,companies/08506571_alpha-fmc-group-limited/docs/2023-10-18_SH20_statement-by-directors.pdf,companies/08506571_alpha-fmc-group-limited/docs/2023-10-18_SH20_statement-by-directors.txt
08506571,ALPHA FMC GROUP LIMITED,2023-10-25,RESOLUTIONS,companies/08506571_alpha-fmc-group-limited/docs/2023-10-25_RESOLUTIONS_resolutions-res11-resolution-of-removal-of-pre-emp.pdf,companies/08506571_alpha-fmc-group-limited/docs/2023-10-25_RESOLUTIONS_resolutions-res11-resolution-of-removal-of-pre-emp.txt
08506571,ALPHA FMC GROUP LIMITED,2023-12-21,600,companies/08506571_alpha-fmc-group-limited/docs/2023-12-21_600_appointment-of-a-voluntary-liquidator.pdf,companies/08506571_alpha-fmc-group-limited/docs/2023-12-21_600_appointment-of-a-voluntary-liquidator.txt
08506571,ALPHA FMC GROUP LIMITED,2023-12-21,LIQ01,companies/08506571_alpha-fmc-group-limited/docs/2023-12-21_LIQ01_declaration-of-solvency.pdf,companies/08506571_alpha-fmc-group-limited/docs/2023-12-21_LIQ01_declaration-of-solvency.txt
08506571,ALPHA FMC GROUP LIMITED,2023-12-21,RESOLUTIONS,companies/08506571_alpha-fmc-group-limited/docs/2023-12-21_RESOLUTIONS_resolutions-lressp-special-resolution-to-wind-up-o.pdf,companies/08506571_alpha-fmc-group-limited/docs/2023-12-21_RESOLUTIONS_resolutions-lressp-special-resolution-to-wind-up-o.txt
08506571,ALPHA FMC GROUP LIMITED,2024-11-14,LIQ13,companies/08506571_alpha-fmc-group-limited/docs/2024-11-14_LIQ13_return-of-final-meeting-in-a-members-voluntary-win.pdf,companies/08506571_alpha-fmc-group-limited/docs/2024-11-14_LIQ13_return-of-final-meeting-in-a-members-voluntary-win.txt
08506571,ALPHA FMC GROUP LIMITED,2025-02-14,GAZ2,companies/08506571_alpha-fmc-group-limited/docs/2025-02-14_GAZ2_final-gazette-dissolved-following-liquidation.pdf,companies/08506571_alpha-fmc-group-limited/docs/2025-02-14_GAZ2_final-gazette-dissolved-following-liquidation.txt
08555831,ALPHA FMC GROUP HOLDINGS LIMITED,2013-06-04,NEWINC,companies/08555831_alpha-fmc-group-holdings-limited/docs/2013-06-04_NEWINC_incorporation.pdf,companies/08555831_alpha-fmc-group-holdings-limited/docs/2013-06-04_NEWINC_incorporation.txt
08555831,ALPHA FMC GROUP HOLDINGS LIMITED,2013-06-14,AA01,companies/08555831_alpha-fmc-group-holdings-limited/docs/2013-06-14_AA01_current-accounting-period-shortened-from-30-june-2.pdf,companies/08555831_alpha-fmc-group-holdings-limited/docs/2013-06-14_AA01_current-accounting-period-shortened-from-30-june-2.txt
08555831,ALPHA FMC GROUP HOLDINGS LIMITED,2013-08-30,CERTNM,companies/08555831_alpha-fmc-group-holdings-limited/docs/2013-08-30_CERTNM_company-name-changed-ems-powerstar-group-limited-c.pdf,companies/08555831_alpha-fmc-group-holdings-limited/docs/2013-08-30_CERTNM_company-name-changed-ems-powerstar-group-limited-c.txt
08555831,ALPHA FMC GROUP HOLDINGS LIMITED,2013-08-30,CONNOT,companies/08555831_alpha-fmc-group-holdings-limited/docs/2013-08-30_CONNOT_change-of-name-notice.pdf,companies/08555831_alpha-fmc-group-holdings-limited/docs/2013-08-30_CONNOT_change-of-name-notice.txt
08555831,ALPHA FMC GROUP HOLDINGS LIMITED,2013-10-25,AA01,companies/08555831_alpha-fmc-group-holdings-limited/docs/2013-10-25_AA01_current-accounting-period-shortened-from-31-may-20.pdf,companies/08555831_alpha-fmc-group-holdings-limited/docs/2013-10-25_AA01_current-accounting-period-shortened-from-31-may-20.txt
08555831,ALPHA FMC GROUP HOLDINGS LIMITED,2013-10-29,MR01,companies/08555831_alpha-fmc-group-holdings-limited/docs/2013-10-29_MR01_registration-of-charge-085558310001.pdf,companies/08555831_alpha-fmc-group-holdings-limited/docs/2013-10-29_MR01_registration-of-charge-085558310001.txt
08555831,ALPHA FMC GROUP HOLDINGS LIMITED,2013-10-30,RESOLUTIONS,companies/08555831_alpha-fmc-group-holdings-limited/docs/2013-10-30_RESOLUTIONS_resolutions-res01-resolution-of-memorandum-and-or-.pdf,companies/08555831_alpha-fmc-group-holdings-limited/docs/2013-10-30_RESOLUTIONS_resolutions-res01-resolution-of-memorandum-and-or-.txt
08555831,ALPHA FMC GROUP HOLDINGS LIMITED,2013-11-05,SH01,companies/08555831_alpha-fmc-group-holdings-limited/docs/2013-11-05_SH01_statement-of-capital-following-an-allotment-of-sha.pdf,companies/08555831_alpha-fmc-group-holdings-limited/docs/2013-11-05_SH01_statement-of-capital-following-an-allotment-of-sha.txt
08555831,ALPHA FMC GROUP HOLDINGS LIMITED,2013-11-05,SH02,companies/08555831_alpha-fmc-group-holdings-limited/docs/2013-11-05_SH02_sub-division-of-shares-on-24-october-2013.pdf,companies/08555831_alpha-fmc-group-holdings-limited/docs/2013-11-05_SH02_sub-division-of-shares-on-24-october-2013.txt
08555831,ALPHA FMC GROUP HOLDINGS LIMITED,2013-11-05,SH08,companies/08555831_alpha-fmc-group-holdings-limited/docs/2013-11-05_SH08_change-of-share-class-name-or-designation.pdf,companies/08555831_alpha-fmc-group-holdings-limited/docs/2013-11-05_SH08_change-of-share-class-name-or-designation.txt
08555831,ALPHA FMC GROUP HOLDINGS LIMITED,2013-11-05,SH10,companies/08555831_alpha-fmc-group-holdings-limited/docs/2013-11-05_SH10_particulars-of-variation-of-rights-attached-to-sha.pdf,companies/08555831_alpha-fmc-group-holdings-limited/docs/2013-11-05_SH10_particulars-of-variation-of-rights-attached-to-sha.txt
08555831,ALPHA FMC GROUP HOLDINGS LIMITED,2013-11-06,MR01,companies/08555831_alpha-fmc-group-holdings-limited/docs/2013-11-06_MR01_registration-of-charge-085558310002.pdf,companies/08555831_alpha-fmc-group-holdings-limited/docs/2013-11-06_MR01_registration-of-charge-085558310002.txt
08555831,ALPHA FMC GROUP HOLDINGS LIMITED,2013-11-25,SH01,companies/08555831_alpha-fmc-group-holdings-limited/docs/2013-11-25_SH01_statement-of-capital-following-an-allotment-of-sha.pdf,companies/08555831_alpha-fmc-group-holdings-limited/docs/2013-11-25_SH01_statement-of-capital-following-an-allotment-of-sha.txt
08555831,ALPHA FMC GROUP HOLDINGS LIMITED,2014-04-28,MEM-ARTS,companies/08555831_alpha-fmc-group-holdings-limited/docs/2014-04-28_MEM-ARTS_memorandum-and-articles-of-association.pdf,companies/08555831_alpha-fmc-group-holdings-limited/docs/2014-04-28_MEM-ARTS_memorandum-and-articles-of-association.txt
08555831,ALPHA FMC GROUP HOLDINGS LIMITED,2014-04-28,SH01,companies/08555831_alpha-fmc-group-holdings-limited/docs/2014-04-28_SH01_statement-of-capital-following-an-allotment-of-sha.pdf,companies/08555831_alpha-fmc-group-holdings-limited/docs/2014-04-28_SH01_statement-of-capital-following-an-allotment-of-sha.txt
08555831,ALPHA FMC GROUP HOLDINGS LIMITED,2014-05-02,RESOLUTIONS,companies/08555831_alpha-fmc-group-holdings-limited/docs/2014-05-02_RESOLUTIONS_resolutions-res13-company-buy-back-capitalisation-.pdf,companies/08555831_alpha-fmc-group-holdings-limited/docs/2014-05-02_RESOLUTIONS_resolutions-res13-company-buy-back-capitalisation-.txt
08555831,ALPHA FMC GROUP HOLDINGS LIMITED,2014-07-21,SH10,companies/08555831_alpha-fmc-group-holdings-limited/docs/2014-07-21_SH10_particulars-of-variation-of-rights-attached-to-sha.pdf,companies/08555831_alpha-fmc-group-holdings-limited/docs/2014-07-21_SH10_particulars-of-variation-of-rights-attached-to-sha.txt
08555831,ALPHA FMC GROUP HOLDINGS LIMITED,2014-08-08,RP04,companies/08555831_alpha-fmc-group-holdings-limited/docs/2014-08-08_RP04_second-filing-of-sh01-previously-delivered-to-comp.pdf,companies/08555831_alpha-fmc-group-holdings-limited/docs/2014-08-08_RP04_second-filing-of-sh01-previously-delivered-to-comp.txt
08555831,ALPHA FMC GROUP HOLDINGS LIMITED,2014-09-02,AR01,companies/08555831_alpha-fmc-group-holdings-limited/docs/2014-09-02_AR01_annual-return-made-up-to-4-june-2014-with-full-lis.pdf,companies/08555831_alpha-fmc-group-holdings-limited/docs/2014-09-02_AR01_annual-return-made-up-to-4-june-2014-with-full-lis.txt
08555831,ALPHA FMC GROUP HOLDINGS LIMITED,2014-11-05,SH01,companies/08555831_alpha-fmc-group-holdings-limited/docs/2014-11-05_SH01_statement-of-capital-following-an-allotment-of-sha.pdf,companies/08555831_alpha-fmc-group-holdings-limited/docs/2014-11-05_SH01_statement-of-capital-following-an-allotment-of-sha.txt
08555831,ALPHA FMC GROUP HOLDINGS LIMITED,2014-11-05,SH03,companies/08555831_alpha-fmc-group-holdings-limited/docs/2014-11-05_SH03_purchase-of-own-shares-shares-purchased-into-treas.pdf,companies/08555831_alpha-fmc-group-holdings-limited/docs/2014-11-05_SH03_purchase-of-own-shares-shares-purchased-into-treas.txt
08555831,ALPHA FMC GROUP HOLDINGS LIMITED,2014-11-05,SH04,companies/08555831_alpha-fmc-group-holdings-limited/docs/2014-11-05_SH04_sale-or-transfer-of-treasury-shares-treasury-capit.pdf,companies/08555831_alpha-fmc-group-holdings-limited/docs/2014-11-05_SH04_sale-or-transfer-of-treasury-shares-treasury-capit.txt
08555831,ALPHA FMC GROUP HOLDINGS LIMITED,2014-11-07,SH03,companies/08555831_alpha-fmc-group-holdings-limited/docs/2014-11-07_SH03_purchase-of-own-shares-shares-purchased-into-treas.pdf,companies/08555831_alpha-fmc-group-holdings-limited/docs/2014-11-07_SH03_purchase-of-own-shares-shares-purchased-into-treas.txt
08555831,ALPHA FMC GROUP HOLDINGS LIMITED,2015-02-06,AA,companies/08555831_alpha-fmc-group-holdings-limited/docs/2015-02-06_AA_group-of-companies-accounts-made-up-to-31-march-20.pdf,companies/08555831_alpha-fmc-group-holdings-limited/docs/2015-02-06_AA_group-of-companies-accounts-made-up-to-31-march-20.txt
08555831,ALPHA FMC GROUP HOLDINGS LIMITED,2015-03-06,SH01,companies/08555831_alpha-fmc-group-holdings-limited/docs/2015-03-06_SH01_statement-of-capital-following-an-allotment-of-sha.pdf,companies/08555831_alpha-fmc-group-holdings-limited/docs/2015-03-06_SH01_statement-of-capital-following-an-allotment-of-sha.txt
08555831,ALPHA FMC GROUP HOLDINGS LIMITED,2015-03-06,SH04,companies/08555831_alpha-fmc-group-holdings-limited/docs/2015-03-06_SH04_sale-or-transfer-of-treasury-shares-treasury-capit.pdf,companies/08555831_alpha-fmc-group-holdings-limited/docs/2015-03-06_SH04_sale-or-transfer-of-treasury-shares-treasury-capit.txt
08555831,ALPHA FMC GROUP HOLDINGS LIMITED,2015-09-10,AR01,companies/08555831_alpha-fmc-group-holdings-limited/docs/2015-09-10_AR01_annual-return-made-up-to-4-june-2015-with-full-lis.pdf,companies/08555831_alpha-fmc-group-holdings-limited/docs/2015-09-10_AR01_annual-return-made-up-to-4-june-2015-with-full-lis.txt
08555831,ALPHA FMC GROUP HOLDINGS LIMITED,2015-09-25,SH01,companies/08555831_alpha-fmc-group-holdings-limited/docs/2015-09-25_SH01_statement-of-capital-following-an-allotment-of-sha.pdf,companies/08555831_alpha-fmc-group-holdings-limited/docs/2015-09-25_SH01_statement-of-capital-following-an-allotment-of-sha.txt
08555831,ALPHA FMC GROUP HOLDINGS LIMITED,2015-12-10,SH03,companies/08555831_alpha-fmc-group-holdings-limited/docs/2015-12-10_SH03_purchase-of-own-shares-shares-purchased-into-treas.pdf,companies/08555831_alpha-fmc-group-holdings-limited/docs/2015-12-10_SH03_purchase-of-own-shares-shares-purchased-into-treas.txt
08555831,ALPHA FMC GROUP HOLDINGS LIMITED,2015-12-10,SH04,companies/08555831_alpha-fmc-group-holdings-limited/docs/2015-12-10_SH04_sale-or-transfer-of-treasury-shares-treasury-capit.pdf,companies/08555831_alpha-fmc-group-holdings-limited/docs/2015-12-10_SH04_sale-or-transfer-of-treasury-shares-treasury-capit.txt
08555831,ALPHA FMC GROUP HOLDINGS LIMITED,2015-12-11,SH01,companies/08555831_alpha-fmc-group-holdings-limited/docs/2015-12-11_SH01_statement-of-capital-following-an-allotment-of-sha-2.pdf,companies/08555831_alpha-fmc-group-holdings-limited/docs/2015-12-11_SH01_statement-of-capital-following-an-allotment-of-sha-2.txt
08555831,ALPHA FMC GROUP HOLDINGS LIMITED,2015-12-11,SH01,companies/08555831_alpha-fmc-group-holdings-limited/docs/2015-12-11_SH01_statement-of-capital-following-an-allotment-of-sha.pdf,companies/08555831_alpha-fmc-group-holdings-limited/docs/2015-12-11_SH01_statement-of-capital-following-an-allotment-of-sha.txt
08555831,ALPHA FMC GROUP HOLDINGS LIMITED,2016-01-06,AA,companies/08555831_alpha-fmc-group-holdings-limited/docs/2016-01-06_AA_group-of-companies-accounts-made-up-to-31-march-20.pdf,companies/08555831_alpha-fmc-group-holdings-limited/docs/2016-01-06_AA_group-of-companies-accounts-made-up-to-31-march-20.txt
08555831,ALPHA FMC GROUP HOLDINGS LIMITED,2016-01-14,RP04,companies/08555831_alpha-fmc-group-holdings-limited/docs/2016-01-14_RP04_second-filing-of-ar01-previously-delivered-to-comp.pdf,companies/08555831_alpha-fmc-group-holdings-limited/docs/2016-01-14_RP04_second-filing-of-ar01-previously-delivered-to-comp.txt
08555831,ALPHA FMC GROUP HOLDINGS LIMITED,2016-01-14,RP04,companies/08555831_alpha-fmc-group-holdings-limited/docs/2016-01-14_RP04_second-filing-of-sh01-previously-delivered-to-comp.pdf,companies/08555831_alpha-fmc-group-holdings-limited/docs/2016-01-14_RP04_second-filing-of-sh01-previously-delivered-to-comp.txt
08555831,ALPHA FMC GROUP HOLDINGS LIMITED,2016-01-20,SH01,companies/08555831_alpha-fmc-group-holdings-limited/docs/2016-01-20_SH01_statement-of-capital-following-an-allotment-of-sha.pdf,companies/08555831_alpha-fmc-group-holdings-limited/docs/2016-01-20_SH01_statement-of-capital-following-an-allotment-of-sha.txt
08555831,ALPHA FMC GROUP HOLDINGS LIMITED,2016-01-20,SH03,companies/08555831_alpha-fmc-group-holdings-limited/docs/2016-01-20_SH03_purchase-of-own-shares-shares-purchased-into-treas.pdf,companies/08555831_alpha-fmc-group-holdings-limited/docs/2016-01-20_SH03_purchase-of-own-shares-shares-purchased-into-treas.txt
08555831,ALPHA FMC GROUP HOLDINGS LIMITED,2016-01-20,SH04,companies/08555831_alpha-fmc-group-holdings-limited/docs/2016-01-20_SH04_sale-or-transfer-of-treasury-shares-treasury-capit.pdf,companies/08555831_alpha-fmc-group-holdings-limited/docs/2016-01-20_SH04_sale-or-transfer-of-treasury-shares-treasury-capit.txt
08555831,ALPHA FMC GROUP HOLDINGS LIMITED,2016-02-06,MR01,companies/08555831_alpha-fmc-group-holdings-limited/docs/2016-02-06_MR01_registration-of-charge-085558310003-created-on-3-f.pdf,companies/08555831_alpha-fmc-group-holdings-limited/docs/2016-02-06_MR01_registration-of-charge-085558310003-created-on-3-f.txt
08555831,ALPHA FMC GROUP HOLDINGS LIMITED,2016-02-12,MR01,companies/08555831_alpha-fmc-group-holdings-limited/docs/2016-02-12_MR01_registration-of-charge-085558310004-created-on-3-f.pdf,companies/08555831_alpha-fmc-group-holdings-limited/docs/2016-02-12_MR01_registration-of-charge-085558310004-created-on-3-f.txt
08555831,ALPHA FMC GROUP HOLDINGS LIMITED,2016-02-19,RESOLUTIONS,companies/08555831_alpha-fmc-group-holdings-limited/docs/2016-02-19_RESOLUTIONS_resolutions-res01-resolution-of-adoption-of-articl.pdf,companies/08555831_alpha-fmc-group-holdings-limited/docs/2016-02-19_RESOLUTIONS_resolutions-res01-resolution-of-adoption-of-articl.txt
08555831,ALPHA FMC GROUP HOLDINGS LIMITED,2016-02-19,SH02,companies/08555831_alpha-fmc-group-holdings-limited/docs/2016-02-19_SH02_sub-division-of-shares-on-3-february-2016.pdf,companies/08555831_alpha-fmc-group-holdings-limited/docs/2016-02-19_SH02_sub-division-of-shares-on-3-february-2016.txt
08555831,ALPHA FMC GROUP HOLDINGS LIMITED,2016-02-19,SH08,companies/08555831_alpha-fmc-group-holdings-limited/docs/2016-02-19_SH08_change-of-share-class-name-or-designation.pdf,companies/08555831_alpha-fmc-group-holdings-limited/docs/2016-02-19_SH08_change-of-share-class-name-or-designation.txt
08555831,ALPHA FMC GROUP HOLDINGS LIMITED,2016-02-19,SH10,companies/08555831_alpha-fmc-group-holdings-limited/docs/2016-02-19_SH10_particulars-of-variation-of-rights-attached-to-sha.pdf,companies/08555831_alpha-fmc-group-holdings-limited/docs/2016-02-19_SH10_particulars-of-variation-of-rights-attached-to-sha.txt
08555831,ALPHA FMC GROUP HOLDINGS LIMITED,2016-07-06,AR01,companies/08555831_alpha-fmc-group-holdings-limited/docs/2016-07-06_AR01_annual-return-made-up-to-4-june-2016-with-full-lis.pdf,companies/08555831_alpha-fmc-group-holdings-limited/docs/2016-07-06_AR01_annual-return-made-up-to-4-june-2016-with-full-lis.txt
08555831,ALPHA FMC GROUP HOLDINGS LIMITED,2016-09-13,MR04,companies/08555831_alpha-fmc-group-holdings-limited/docs/2016-09-13_MR04_satisfaction-of-charge-085558310001-in-full.pdf,companies/08555831_alpha-fmc-group-holdings-limited/docs/2016-09-13_MR04_satisfaction-of-charge-085558310001-in-full.txt
08555831,ALPHA FMC GROUP HOLDINGS LIMITED,2016-09-13,MR04,companies/08555831_alpha-fmc-group-holdings-limited/docs/2016-09-13_MR04_satisfaction-of-charge-085558310002-in-full.pdf,companies/08555831_alpha-fmc-group-holdings-limited/docs/2016-09-13_MR04_satisfaction-of-charge-085558310002-in-full.txt
08555831,ALPHA FMC GROUP HOLDINGS LIMITED,2016-10-14,AA,companies/08555831_alpha-fmc-group-holdings-limited/docs/2016-10-14_AA_group-of-companies-accounts-made-up-to-31-march-20.pdf,companies/08555831_alpha-fmc-group-holdings-limited/docs/2016-10-14_AA_group-of-companies-accounts-made-up-to-31-march-20.txt
08555831,ALPHA FMC GROUP HOLDINGS LIMITED,2017-06-15,CS01,companies/08555831_alpha-fmc-group-holdings-limited/docs/2017-06-15_CS01_confirmation-statement-made-on-4-june-2017-with-up.pdf,companies/08555831_alpha-fmc-group-holdings-limited/docs/2017-06-15_CS01_confirmation-statement-made-on-4-june-2017-with-up.txt
08555831,ALPHA FMC GROUP HOLDINGS LIMITED,2017-11-06,MR04,companies/08555831_alpha-fmc-group-holdings-limited/docs/2017-11-06_MR04_satisfaction-of-charge-085558310003-in-full.pdf,companies/08555831_alpha-fmc-group-holdings-limited/docs/2017-11-06_MR04_satisfaction-of-charge-085558310003-in-full.txt
08555831,ALPHA FMC GROUP HOLDINGS LIMITED,2017-11-06,MR04,companies/08555831_alpha-fmc-group-holdings-limited/docs/2017-11-06_MR04_satisfaction-of-charge-085558310004-in-full.pdf,companies/08555831_alpha-fmc-group-holdings-limited/docs/2017-11-06_MR04_satisfaction-of-charge-085558310004-in-full.txt
08555831,ALPHA FMC GROUP HOLDINGS LIMITED,2017-11-22,AA,companies/08555831_alpha-fmc-group-holdings-limited/docs/2017-11-22_AA_full-accounts-made-up-to-31-march-2017.pdf,companies/08555831_alpha-fmc-group-holdings-limited/docs/2017-11-22_AA_full-accounts-made-up-to-31-march-2017.txt
08555831,ALPHA FMC GROUP HOLDINGS LIMITED,2018-06-14,PSC05,companies/08555831_alpha-fmc-group-holdings-limited/docs/2018-06-14_PSC05_change-of-details-for-caelius-bidco-limited-as-a-p.pdf,companies/08555831_alpha-fmc-group-holdings-limited/docs/2018-06-14_PSC05_change-of-details-for-caelius-bidco-limited-as-a-p.txt
08555831,ALPHA FMC GROUP HOLDINGS LIMITED,2018-07-02,CS01,companies/08555831_alpha-fmc-group-holdings-limited/docs/2018-07-02_CS01_confirmation-statement-made-on-4-june-2018-with-no.pdf,companies/08555831_alpha-fmc-group-holdings-limited/docs/2018-07-02_CS01_confirmation-statement-made-on-4-june-2018-with-no.txt
08555831,ALPHA FMC GROUP HOLDINGS LIMITED,2019-01-07,AA,companies/08555831_alpha-fmc-group-holdings-limited/docs/2019-01-07_AA_full-accounts-made-up-to-31-march-2018.pdf,companies/08555831_alpha-fmc-group-holdings-limited/docs/2019-01-07_AA_full-accounts-made-up-to-31-march-2018.txt
08555831,ALPHA FMC GROUP HOLDINGS LIMITED,2019-06-25,CS01,companies/08555831_alpha-fmc-group-holdings-limited/docs/2019-06-25_CS01_confirmation-statement-made-on-4-june-2019-with-no.pdf,companies/08555831_alpha-fmc-group-holdings-limited/docs/2019-06-25_CS01_confirmation-statement-made-on-4-june-2019-with-no.txt
08555831,ALPHA FMC GROUP HOLDINGS LIMITED,2020-01-03,AA,companies/08555831_alpha-fmc-group-holdings-limited/docs/2020-01-03_AA_full-accounts-made-up-to-31-march-2019.pdf,companies/08555831_alpha-fmc-group-holdings-limited/docs/2020-01-03_AA_full-accounts-made-up-to-31-march-2019.txt
08555831,ALPHA FMC GROUP HOLDINGS LIMITED,2020-06-08,CS01,companies/08555831_alpha-fmc-group-holdings-limited/docs/2020-06-08_CS01_confirmation-statement-made-on-4-june-2020-with-no.pdf,companies/08555831_alpha-fmc-group-holdings-limited/docs/2020-06-08_CS01_confirmation-statement-made-on-4-june-2020-with-no.txt
08555831,ALPHA FMC GROUP HOLDINGS LIMITED,2020-12-15,AA,companies/08555831_alpha-fmc-group-holdings-limited/docs/2020-12-15_AA_full-accounts-made-up-to-31-march-2020.pdf,companies/08555831_alpha-fmc-group-holdings-limited/docs/2020-12-15_AA_full-accounts-made-up-to-31-march-2020.txt
08555831,ALPHA FMC GROUP HOLDINGS LIMITED,2021-06-17,CS01,companies/08555831_alpha-fmc-group-holdings-limited/docs/2021-06-17_CS01_confirmation-statement-made-on-4-june-2021-with-no.pdf,companies/08555831_alpha-fmc-group-holdings-limited/docs/2021-06-17_CS01_confirmation-statement-made-on-4-june-2021-with-no.txt
08555831,ALPHA FMC GROUP HOLDINGS LIMITED,2021-12-22,AA,companies/08555831_alpha-fmc-group-holdings-limited/docs/2021-12-22_AA_full-accounts-made-up-to-31-march-2021.pdf,companies/08555831_alpha-fmc-group-holdings-limited/docs/2021-12-22_AA_full-accounts-made-up-to-31-march-2021.txt
08555831,ALPHA FMC GROUP HOLDINGS LIMITED,2022-03-09,CS01,companies/08555831_alpha-fmc-group-holdings-limited/docs/2022-03-09_CS01_confirmation-statement-made-on-1-march-2022-with-n.pdf,companies/08555831_alpha-fmc-group-holdings-limited/docs/2022-03-09_CS01_confirmation-statement-made-on-1-march-2022-with-n.txt
08555831,ALPHA FMC GROUP HOLDINGS LIMITED,2022-10-20,AA,companies/08555831_alpha-fmc-group-holdings-limited/docs/2022-10-20_AA_full-accounts-made-up-to-31-march-2022.pdf,companies/08555831_alpha-fmc-group-holdings-limited/docs/2022-10-20_AA_full-accounts-made-up-to-31-march-2022.txt
08555831,ALPHA FMC GROUP HOLDINGS LIMITED,2023-03-08,CS01,companies/08555831_alpha-fmc-group-holdings-limited/docs/2023-03-08_CS01_confirmation-statement-made-on-1-march-2023-with-n.pdf,companies/08555831_alpha-fmc-group-holdings-limited/docs/2023-03-08_CS01_confirmation-statement-made-on-1-march-2023-with-n.txt
08555831,ALPHA FMC GROUP HOLDINGS LIMITED,2023-10-12,SH01,companies/08555831_alpha-fmc-group-holdings-limited/docs/2023-10-12_SH01_statement-of-capital-following-an-allotment-of-sha.pdf,companies/08555831_alpha-fmc-group-holdings-limited/docs/2023-10-12_SH01_statement-of-capital-following-an-allotment-of-sha.txt
08555831,ALPHA FMC GROUP HOLDINGS LIMITED,2023-10-17,CAP-SS,companies/08555831_alpha-fmc-group-holdings-limited/docs/2023-10-17_CAP-SS_solvency-statement-dated-11-10-23.pdf,companies/08555831_alpha-fmc-group-holdings-limited/docs/2023-10-17_CAP-SS_solvency-statement-dated-11-10-23.txt
08555831,ALPHA FMC GROUP HOLDINGS LIMITED,2023-10-17,RESOLUTIONS,companies/08555831_alpha-fmc-group-holdings-limited/docs/2023-10-17_RESOLUTIONS_resolutions-res13-share-premium-account-reduced-11.pdf,companies/08555831_alpha-fmc-group-holdings-limited/docs/2023-10-17_RESOLUTIONS_resolutions-res13-share-premium-account-reduced-11.txt
08555831,ALPHA FMC GROUP HOLDINGS LIMITED,2023-10-17,SH19,companies/08555831_alpha-fmc-group-holdings-limited/docs/2023-10-17_SH19_statement-of-capital-on-17-october-2023-gbp-1-00.pdf,companies/08555831_alpha-fmc-group-holdings-limited/docs/2023-10-17_SH19_statement-of-capital-on-17-october-2023-gbp-1-00.txt
08555831,ALPHA FMC GROUP HOLDINGS LIMITED,2023-10-17,SH20,companies/08555831_alpha-fmc-group-holdings-limited/docs/2023-10-17_SH20_statement-by-directors.pdf,companies/08555831_alpha-fmc-group-holdings-limited/docs/2023-10-17_SH20_statement-by-directors.txt
08555831,ALPHA FMC GROUP HOLDINGS LIMITED,2023-12-21,LIQ01,companies/08555831_alpha-fmc-group-holdings-limited/docs/2023-12-21_LIQ01_declaration-of-solvency.pdf,companies/08555831_alpha-fmc-group-holdings-limited/docs/2023-12-21_LIQ01_declaration-of-solvency.txt
08555831,ALPHA FMC GROUP HOLDINGS LIMITED,2023-12-21,RESOLUTIONS,companies/08555831_alpha-fmc-group-holdings-limited/docs/2023-12-21_RESOLUTIONS_resolutions-lressp-special-resolution-to-wind-up-o.pdf,companies/08555831_alpha-fmc-group-holdings-limited/docs/2023-12-21_RESOLUTIONS_resolutions-lressp-special-resolution-to-wind-up-o.txt
08555831,ALPHA FMC GROUP HOLDINGS LIMITED,2023-12-22,600,companies/08555831_alpha-fmc-group-holdings-limited/docs/2023-12-22_600_appointment-of-a-voluntary-liquidator.pdf,companies/08555831_alpha-fmc-group-holdings-limited/docs/2023-12-22_600_appointment-of-a-voluntary-liquidator.txt
08555831,ALPHA FMC GROUP HOLDINGS LIMITED,2024-11-14,LIQ13,companies/08555831_alpha-fmc-group-holdings-limited/docs/2024-11-14_LIQ13_return-of-final-meeting-in-a-members-voluntary-win.pdf,companies/08555831_alpha-fmc-group-holdings-limited/docs/2024-11-14_LIQ13_return-of-final-meeting-in-a-members-voluntary-win.txt
08555831,ALPHA FMC GROUP HOLDINGS LIMITED,2025-02-14,GAZ2,companies/08555831_alpha-fmc-group-holdings-limited/docs/2025-02-14_GAZ2_final-gazette-dissolved-following-liquidation.pdf,companies/08555831_alpha-fmc-group-holdings-limited/docs/2025-02-14_GAZ2_final-gazette-dissolved-following-liquidation.txt
08936452,ALPHA FMC GROUP NOMINEES LTD,2014-03-12,NEWINC,companies/08936452_alpha-fmc-group-nominees-ltd/docs/2014-03-12_NEWINC_incorporation-statement-of-capital-on-2014-03-12-g.pdf,companies/08936452_alpha-fmc-group-nominees-ltd/docs/2014-03-12_NEWINC_incorporation-statement-of-capital-on-2014-03-12-g.txt
08936452,ALPHA FMC GROUP NOMINEES LTD,2015-07-14,GAZ1,companies/08936452_alpha-fmc-group-nominees-ltd/docs/2015-07-14_GAZ1_first-gazette-notice-for-compulsory-strike-off.pdf,companies/08936452_alpha-fmc-group-nominees-ltd/docs/2015-07-14_GAZ1_first-gazette-notice-for-compulsory-strike-off.txt
08936452,ALPHA FMC GROUP NOMINEES LTD,2015-08-18,AR01,companies/08936452_alpha-fmc-group-nominees-ltd/docs/2015-08-18_AR01_annual-return-made-up-to-12-march-2015-with-full-l.pdf,companies/08936452_alpha-fmc-group-nominees-ltd/docs/2015-08-18_AR01_annual-return-made-up-to-12-march-2015-with-full-l.txt
08936452,ALPHA FMC GROUP NOMINEES LTD,2015-08-19,DISS40,companies/08936452_alpha-fmc-group-nominees-ltd/docs/2015-08-19_DISS40_compulsory-strike-off-action-has-been-discontinued.pdf,companies/08936452_alpha-fmc-group-nominees-ltd/docs/2015-08-19_DISS40_compulsory-strike-off-action-has-been-discontinued.txt
08936452,ALPHA FMC GROUP NOMINEES LTD,2015-12-09,AA,companies/08936452_alpha-fmc-group-nominees-ltd/docs/2015-12-09_AA_total-exemption-small-company-accounts-made-up-to-.pdf,companies/08936452_alpha-fmc-group-nominees-ltd/docs/2015-12-09_AA_total-exemption-small-company-accounts-made-up-to-.txt
08936452,ALPHA FMC GROUP NOMINEES LTD,2016-03-22,AR01,companies/08936452_alpha-fmc-group-nominees-ltd/docs/2016-03-22_AR01_annual-return-made-up-to-12-march-2016-with-full-l.pdf,companies/08936452_alpha-fmc-group-nominees-ltd/docs/2016-03-22_AR01_annual-return-made-up-to-12-march-2016-with-full-l.txt
08936452,ALPHA FMC GROUP NOMINEES LTD,2017-01-07,AA,companies/08936452_alpha-fmc-group-nominees-ltd/docs/2017-01-07_AA_total-exemption-full-accounts-made-up-to-31-march-.pdf,companies/08936452_alpha-fmc-group-nominees-ltd/docs/2017-01-07_AA_total-exemption-full-accounts-made-up-to-31-march-.txt
08936452,ALPHA FMC GROUP NOMINEES LTD,2017-04-07,CS01,companies/08936452_alpha-fmc-group-nominees-ltd/docs/2017-04-07_CS01_confirmation-statement-made-on-12-march-2017-with-.pdf,companies/08936452_alpha-fmc-group-nominees-ltd/docs/2017-04-07_CS01_confirmation-statement-made-on-12-march-2017-with-.txt
08936452,ALPHA FMC GROUP NOMINEES LTD,2017-12-21,AA,companies/08936452_alpha-fmc-group-nominees-ltd/docs/2017-12-21_AA_accounts-for-a-dormant-company-made-up-to-31-march.pdf,companies/08936452_alpha-fmc-group-nominees-ltd/docs/2017-12-21_AA_accounts-for-a-dormant-company-made-up-to-31-march.txt
08936452,ALPHA FMC GROUP NOMINEES LTD,2018-03-22,CS01,companies/08936452_alpha-fmc-group-nominees-ltd/docs/2018-03-22_CS01_confirmation-statement-made-on-12-march-2018-with-.pdf,companies/08936452_alpha-fmc-group-nominees-ltd/docs/2018-03-22_CS01_confirmation-statement-made-on-12-march-2018-with-.txt
08936452,ALPHA FMC GROUP NOMINEES LTD,2019-02-08,AA,companies/08936452_alpha-fmc-group-nominees-ltd/docs/2019-02-08_AA_accounts-for-a-dormant-company-made-up-to-31-march.pdf,companies/08936452_alpha-fmc-group-nominees-ltd/docs/2019-02-08_AA_accounts-for-a-dormant-company-made-up-to-31-march.txt
08936452,ALPHA FMC GROUP NOMINEES LTD,2019-05-01,CS01,companies/08936452_alpha-fmc-group-nominees-ltd/docs/2019-05-01_CS01_confirmation-statement-made-on-12-march-2019-with-.pdf,companies/08936452_alpha-fmc-group-nominees-ltd/docs/2019-05-01_CS01_confirmation-statement-made-on-12-march-2019-with-.txt
08936452,ALPHA FMC GROUP NOMINEES LTD,2019-12-24,AA,companies/08936452_alpha-fmc-group-nominees-ltd/docs/2019-12-24_AA_accounts-for-a-dormant-company-made-up-to-31-march.pdf,companies/08936452_alpha-fmc-group-nominees-ltd/docs/2019-12-24_AA_accounts-for-a-dormant-company-made-up-to-31-march.txt
08936452,ALPHA FMC GROUP NOMINEES LTD,2020-03-18,CS01,companies/08936452_alpha-fmc-group-nominees-ltd/docs/2020-03-18_CS01_confirmation-statement-made-on-12-march-2020-with-.pdf,companies/08936452_alpha-fmc-group-nominees-ltd/docs/2020-03-18_CS01_confirmation-statement-made-on-12-march-2020-with-.txt
08936452,ALPHA FMC GROUP NOMINEES LTD,2020-12-03,AA,companies/08936452_alpha-fmc-group-nominees-ltd/docs/2020-12-03_AA_accounts-for-a-dormant-company-made-up-to-31-march.pdf,companies/08936452_alpha-fmc-group-nominees-ltd/docs/2020-12-03_AA_accounts-for-a-dormant-company-made-up-to-31-march.txt
08936452,ALPHA FMC GROUP NOMINEES LTD,2021-03-17,CS01,companies/08936452_alpha-fmc-group-nominees-ltd/docs/2021-03-17_CS01_confirmation-statement-made-on-12-march-2021-with-.pdf,companies/08936452_alpha-fmc-group-nominees-ltd/docs/2021-03-17_CS01_confirmation-statement-made-on-12-march-2021-with-.txt
08936452,ALPHA FMC GROUP NOMINEES LTD,2021-12-13,AA,companies/08936452_alpha-fmc-group-nominees-ltd/docs/2021-12-13_AA_accounts-for-a-dormant-company-made-up-to-31-march.pdf,companies/08936452_alpha-fmc-group-nominees-ltd/docs/2021-12-13_AA_accounts-for-a-dormant-company-made-up-to-31-march.txt
08936452,ALPHA FMC GROUP NOMINEES LTD,2022-03-09,CS01,companies/08936452_alpha-fmc-group-nominees-ltd/docs/2022-03-09_CS01_confirmation-statement-made-on-1-march-2022-with-n.pdf,companies/08936452_alpha-fmc-group-nominees-ltd/docs/2022-03-09_CS01_confirmation-statement-made-on-1-march-2022-with-n.txt
08936452,ALPHA FMC GROUP NOMINEES LTD,2022-10-18,AA,companies/08936452_alpha-fmc-group-nominees-ltd/docs/2022-10-18_AA_accounts-for-a-dormant-company-made-up-to-31-march.pdf,companies/08936452_alpha-fmc-group-nominees-ltd/docs/2022-10-18_AA_accounts-for-a-dormant-company-made-up-to-31-march.txt
08936452,ALPHA FMC GROUP NOMINEES LTD,2023-03-08,CS01,companies/08936452_alpha-fmc-group-nominees-ltd/docs/2023-03-08_CS01_confirmation-statement-made-on-1-march-2023-with-n.pdf,companies/08936452_alpha-fmc-group-nominees-ltd/docs/2023-03-08_CS01_confirmation-statement-made-on-1-march-2023-with-n.txt
08936452,ALPHA FMC GROUP NOMINEES LTD,2023-11-13,AA,companies/08936452_alpha-fmc-group-nominees-ltd/docs/2023-11-13_AA_accounts-for-a-dormant-company-made-up-to-31-march.pdf,companies/08936452_alpha-fmc-group-nominees-ltd/docs/2023-11-13_AA_accounts-for-a-dormant-company-made-up-to-31-march.txt
08936452,ALPHA FMC GROUP NOMINEES LTD,2023-11-27,PSC02,companies/08936452_alpha-fmc-group-nominees-ltd/docs/2023-11-27_PSC02_notification-of-alpha-fmc-bidco-limited-as-a-perso.pdf,companies/08936452_alpha-fmc-group-nominees-ltd/docs/2023-11-27_PSC02_notification-of-alpha-fmc-bidco-limited-as-a-perso.txt
08936452,ALPHA FMC GROUP NOMINEES LTD,2023-11-27,PSC07,companies/08936452_alpha-fmc-group-nominees-ltd/docs/2023-11-27_PSC07_cessation-of-alpha-fmc-group-holdings-limited-as-a.pdf,companies/08936452_alpha-fmc-group-nominees-ltd/docs/2023-11-27_PSC07_cessation-of-alpha-fmc-group-holdings-limited-as-a.txt
08936452,ALPHA FMC GROUP NOMINEES LTD,2024-03-01,CS01,companies/08936452_alpha-fmc-group-nominees-ltd/docs/2024-03-01_CS01_confirmation-statement-made-on-1-march-2024-with-u.pdf,companies/08936452_alpha-fmc-group-nominees-ltd/docs/2024-03-01_CS01_confirmation-statement-made-on-1-march-2024-with-u.txt
08936452,ALPHA FMC GROUP NOMINEES LTD,2024-12-17,AA,companies/08936452_alpha-fmc-group-nominees-ltd/docs/2024-12-17_AA_accounts-for-a-dormant-company-made-up-to-31-march.pdf,companies/08936452_alpha-fmc-group-nominees-ltd/docs/2024-12-17_AA_accounts-for-a-dormant-company-made-up-to-31-march.txt
08936452,ALPHA FMC GROUP NOMINEES LTD,2025-03-07,CS01,companies/08936452_alpha-fmc-group-nominees-ltd/docs/2025-03-07_CS01_confirmation-statement-made-on-1-march-2025-with-n.pdf,companies/08936452_alpha-fmc-group-nominees-ltd/docs/2025-03-07_CS01_confirmation-statement-made-on-1-march-2025-with-n.txt
08936452,ALPHA FMC GROUP NOMINEES LTD,2025-08-19,AA,companies/08936452_alpha-fmc-group-nominees-ltd/docs/2025-08-19_AA_accounts-for-a-dormant-company-made-up-to-31-march.pdf,companies/08936452_alpha-fmc-group-nominees-ltd/docs/2025-08-19_AA_accounts-for-a-dormant-company-made-up-to-31-march.txt
08936452,ALPHA FMC GROUP NOMINEES LTD,2026-03-12,CS01,companies/08936452_alpha-fmc-group-nominees-ltd/docs/2026-03-12_CS01_confirmation-statement-made-on-1-march-2026-with-n.pdf,companies/08936452_alpha-fmc-group-nominees-ltd/docs/2026-03-12_CS01_confirmation-statement-made-on-1-march-2026-with-n.txt
08936452,ALPHA FMC GROUP NOMINEES LTD,2026-07-13,AA,companies/08936452_alpha-fmc-group-nominees-ltd/docs/2026-07-13_AA_accounts-for-a-dormant-company-made-up-to-31-march.pdf,companies/08936452_alpha-fmc-group-nominees-ltd/docs/2026-07-13_AA_accounts-for-a-dormant-company-made-up-to-31-march.txt
09027730,WHITE MARBLE CONSULTING LIMITED,2014-05-07,NEWINC,companies/09027730_white-marble-consulting-limited/docs/2014-05-07_NEWINC_incorporation-statement-of-capital-on-2014-05-07-g.pdf,companies/09027730_white-marble-consulting-limited/docs/2014-05-07_NEWINC_incorporation-statement-of-capital-on-2014-05-07-g.txt
09027730,WHITE MARBLE CONSULTING LIMITED,2014-11-28,RESOLUTIONS,companies/09027730_white-marble-consulting-limited/docs/2014-11-28_RESOLUTIONS_resolutions-res01-resolution-of-adoption-of-articl.pdf,companies/09027730_white-marble-consulting-limited/docs/2014-11-28_RESOLUTIONS_resolutions-res01-resolution-of-adoption-of-articl.txt
09027730,WHITE MARBLE CONSULTING LIMITED,2014-11-28,SH01,companies/09027730_white-marble-consulting-limited/docs/2014-11-28_SH01_statement-of-capital-following-an-allotment-of-sha.pdf,companies/09027730_white-marble-consulting-limited/docs/2014-11-28_SH01_statement-of-capital-following-an-allotment-of-sha.txt
09027730,WHITE MARBLE CONSULTING LIMITED,2015-05-11,AR01,companies/09027730_white-marble-consulting-limited/docs/2015-05-11_AR01_annual-return-made-up-to-7-may-2015-with-full-list.pdf,companies/09027730_white-marble-consulting-limited/docs/2015-05-11_AR01_annual-return-made-up-to-7-may-2015-with-full-list.txt
09027730,WHITE MARBLE CONSULTING LIMITED,2016-02-05,AA,companies/09027730_white-marble-consulting-limited/docs/2016-02-05_AA_total-exemption-small-company-accounts-made-up-to-.pdf,companies/09027730_white-marble-consulting-limited/docs/2016-02-05_AA_total-exemption-small-company-accounts-made-up-to-.txt
09027730,WHITE MARBLE CONSULTING LIMITED,2016-05-13,AR01,companies/09027730_white-marble-consulting-limited/docs/2016-05-13_AR01_annual-return-made-up-to-7-may-2016-with-full-list.pdf,companies/09027730_white-marble-consulting-limited/docs/2016-05-13_AR01_annual-return-made-up-to-7-may-2016-with-full-list.txt
09027730,WHITE MARBLE CONSULTING LIMITED,2016-12-04,SH01,companies/09027730_white-marble-consulting-limited/docs/2016-12-04_SH01_statement-of-capital-following-an-allotment-of-sha.pdf,companies/09027730_white-marble-consulting-limited/docs/2016-12-04_SH01_statement-of-capital-following-an-allotment-of-sha.txt
09027730,WHITE MARBLE CONSULTING LIMITED,2016-12-05,RESOLUTIONS,companies/09027730_white-marble-consulting-limited/docs/2016-12-05_RESOLUTIONS_resolutions-res01-resolution-of-adoption-of-articl.pdf,companies/09027730_white-marble-consulting-limited/docs/2016-12-05_RESOLUTIONS_resolutions-res01-resolution-of-adoption-of-articl.txt
09027730,WHITE MARBLE CONSULTING LIMITED,2017-02-07,AA,companies/09027730_white-marble-consulting-limited/docs/2017-02-07_AA_total-exemption-small-company-accounts-made-up-to-.pdf,companies/09027730_white-marble-consulting-limited/docs/2017-02-07_AA_total-exemption-small-company-accounts-made-up-to-.txt
09027730,WHITE MARBLE CONSULTING LIMITED,2017-05-18,CS01,companies/09027730_white-marble-consulting-limited/docs/2017-05-18_CS01_confirmation-statement-made-on-7-may-2017-with-upd.pdf,companies/09027730_white-marble-consulting-limited/docs/2017-05-18_CS01_confirmation-statement-made-on-7-may-2017-with-upd.txt
09027730,WHITE MARBLE CONSULTING LIMITED,2017-07-20,SH01,companies/09027730_white-marble-consulting-limited/docs/2017-07-20_SH01_statement-of-capital-following-an-allotment-of-sha.pdf,companies/09027730_white-marble-consulting-limited/docs/2017-07-20_SH01_statement-of-capital-following-an-allotment-of-sha.txt
09027730,WHITE MARBLE CONSULTING LIMITED,2018-01-18,AA,companies/09027730_white-marble-consulting-limited/docs/2018-01-18_AA_total-exemption-full-accounts-made-up-to-31-may-20.pdf,companies/09027730_white-marble-consulting-limited/docs/2018-01-18_AA_total-exemption-full-accounts-made-up-to-31-may-20.txt
09027730,WHITE MARBLE CONSULTING LIMITED,2018-05-21,CS01,companies/09027730_white-marble-consulting-limited/docs/2018-05-21_CS01_confirmation-statement-made-on-7-may-2018-with-upd.pdf,companies/09027730_white-marble-consulting-limited/docs/2018-05-21_CS01_confirmation-statement-made-on-7-may-2018-with-upd.txt
09027730,WHITE MARBLE CONSULTING LIMITED,2018-09-07,SH01,companies/09027730_white-marble-consulting-limited/docs/2018-09-07_SH01_statement-of-capital-following-an-allotment-of-sha.pdf,companies/09027730_white-marble-consulting-limited/docs/2018-09-07_SH01_statement-of-capital-following-an-allotment-of-sha.txt
09027730,WHITE MARBLE CONSULTING LIMITED,2018-09-25,SH01,companies/09027730_white-marble-consulting-limited/docs/2018-09-25_SH01_statement-of-capital-following-an-allotment-of-sha.pdf,companies/09027730_white-marble-consulting-limited/docs/2018-09-25_SH01_statement-of-capital-following-an-allotment-of-sha.txt
09027730,WHITE MARBLE CONSULTING LIMITED,2018-10-03,RESOLUTIONS,companies/09027730_white-marble-consulting-limited/docs/2018-10-03_RESOLUTIONS_resolutions-res01-resolution-of-adoption-of-articl.pdf,companies/09027730_white-marble-consulting-limited/docs/2018-10-03_RESOLUTIONS_resolutions-res01-resolution-of-adoption-of-articl.txt
09027730,WHITE MARBLE CONSULTING LIMITED,2018-12-12,CS01,companies/09027730_white-marble-consulting-limited/docs/2018-12-12_CS01_confirmation-statement-made-on-12-december-2018-wi.pdf,companies/09027730_white-marble-consulting-limited/docs/2018-12-12_CS01_confirmation-statement-made-on-12-december-2018-wi.txt
09027730,WHITE MARBLE CONSULTING LIMITED,2018-12-14,AA,companies/09027730_white-marble-consulting-limited/docs/2018-12-14_AA_total-exemption-full-accounts-made-up-to-31-may-20.pdf,companies/09027730_white-marble-consulting-limited/docs/2018-12-14_AA_total-exemption-full-accounts-made-up-to-31-may-20.txt
09027730,WHITE MARBLE CONSULTING LIMITED,2019-06-14,CS01,companies/09027730_white-marble-consulting-limited/docs/2019-06-14_CS01_confirmation-statement-made-on-14-june-2019-with-u.pdf,companies/09027730_white-marble-consulting-limited/docs/2019-06-14_CS01_confirmation-statement-made-on-14-june-2019-with-u.txt
09027730,WHITE MARBLE CONSULTING LIMITED,2019-06-25,SH03,companies/09027730_white-marble-consulting-limited/docs/2019-06-25_SH03_purchase-of-own-shares.pdf,companies/09027730_white-marble-consulting-limited/docs/2019-06-25_SH03_purchase-of-own-shares.txt
09027730,WHITE MARBLE CONSULTING LIMITED,2019-07-10,SH06,companies/09027730_white-marble-consulting-limited/docs/2019-07-10_SH06_cancellation-of-shares-statement-of-capital-on-31-.pdf,companies/09027730_white-marble-consulting-limited/docs/2019-07-10_SH06_cancellation-of-shares-statement-of-capital-on-31-.txt
09027730,WHITE MARBLE CONSULTING LIMITED,2019-07-23,PSC07,companies/09027730_white-marble-consulting-limited/docs/2019-07-23_PSC07_cessation-of-tara-mccorquodale-as-a-person-with-si.pdf,companies/09027730_white-marble-consulting-limited/docs/2019-07-23_PSC07_cessation-of-tara-mccorquodale-as-a-person-with-si.txt
09027730,WHITE MARBLE CONSULTING LIMITED,2019-08-16,SH03,companies/09027730_white-marble-consulting-limited/docs/2019-08-16_SH03_purchase-of-own-shares.pdf,companies/09027730_white-marble-consulting-limited/docs/2019-08-16_SH03_purchase-of-own-shares.txt
09027730,WHITE MARBLE CONSULTING LIMITED,2019-08-16,SH06,companies/09027730_white-marble-consulting-limited/docs/2019-08-16_SH06_cancellation-of-shares-statement-of-capital-on-31-.pdf,companies/09027730_white-marble-consulting-limited/docs/2019-08-16_SH06_cancellation-of-shares-statement-of-capital-on-31-.txt
09027730,WHITE MARBLE CONSULTING LIMITED,2019-09-12,SH03,companies/09027730_white-marble-consulting-limited/docs/2019-09-12_SH03_purchase-of-own-shares.pdf,companies/09027730_white-marble-consulting-limited/docs/2019-09-12_SH03_purchase-of-own-shares.txt
09027730,WHITE MARBLE CONSULTING LIMITED,2019-09-12,SH06,companies/09027730_white-marble-consulting-limited/docs/2019-09-12_SH06_cancellation-of-shares-statement-of-capital-on-31-.pdf,companies/09027730_white-marble-consulting-limited/docs/2019-09-12_SH06_cancellation-of-shares-statement-of-capital-on-31-.txt
09027730,WHITE MARBLE CONSULTING LIMITED,2019-10-31,SH03,companies/09027730_white-marble-consulting-limited/docs/2019-10-31_SH03_purchase-of-own-shares.pdf,companies/09027730_white-marble-consulting-limited/docs/2019-10-31_SH03_purchase-of-own-shares.txt
09027730,WHITE MARBLE CONSULTING LIMITED,2019-11-12,SH06,companies/09027730_white-marble-consulting-limited/docs/2019-11-12_SH06_cancellation-of-shares-statement-of-capital-on-30-.pdf,companies/09027730_white-marble-consulting-limited/docs/2019-11-12_SH06_cancellation-of-shares-statement-of-capital-on-30-.txt
09027730,WHITE MARBLE CONSULTING LIMITED,2020-02-11,AA,companies/09027730_white-marble-consulting-limited/docs/2020-02-11_AA_total-exemption-full-accounts-made-up-to-31-may-20.pdf,companies/09027730_white-marble-consulting-limited/docs/2020-02-11_AA_total-exemption-full-accounts-made-up-to-31-may-20.txt
09027730,WHITE MARBLE CONSULTING LIMITED,2020-04-29,SH01,companies/09027730_white-marble-consulting-limited/docs/2020-04-29_SH01_statement-of-capital-following-an-allotment-of-sha.pdf,companies/09027730_white-marble-consulting-limited/docs/2020-04-29_SH01_statement-of-capital-following-an-allotment-of-sha.txt
09027730,WHITE MARBLE CONSULTING LIMITED,2020-06-16,MR01,companies/09027730_white-marble-consulting-limited/docs/2020-06-16_MR01_registration-of-charge-090277300001-created-on-28-.pdf,companies/09027730_white-marble-consulting-limited/docs/2020-06-16_MR01_registration-of-charge-090277300001-created-on-28-.txt
09027730,WHITE MARBLE CONSULTING LIMITED,2020-06-22,CS01,companies/09027730_white-marble-consulting-limited/docs/2020-06-22_CS01_confirmation-statement-made-on-14-june-2020-with-u.pdf,companies/09027730_white-marble-consulting-limited/docs/2020-06-22_CS01_confirmation-statement-made-on-14-june-2020-with-u.txt
09027730,WHITE MARBLE CONSULTING LIMITED,2021-03-04,SH02,companies/09027730_white-marble-consulting-limited/docs/2021-03-04_SH02_sub-division-of-shares-on-3-february-2021.pdf,companies/09027730_white-marble-consulting-limited/docs/2021-03-04_SH02_sub-division-of-shares-on-3-february-2021.txt
09027730,WHITE MARBLE CONSULTING LIMITED,2021-03-09,RESOLUTIONS,companies/09027730_white-marble-consulting-limited/docs/2021-03-09_RESOLUTIONS_resolutions-res13-re-sub-div-03-02-2021.pdf,companies/09027730_white-marble-consulting-limited/docs/2021-03-09_RESOLUTIONS_resolutions-res13-re-sub-div-03-02-2021.txt
09027730,WHITE MARBLE CONSULTING LIMITED,2021-04-08,PSC02,companies/09027730_white-marble-consulting-limited/docs/2021-04-08_PSC02_notification-of-white-marble-marketing-group-limit.pdf,companies/09027730_white-marble-consulting-limited/docs/2021-04-08_PSC02_notification-of-white-marble-marketing-group-limit.txt
09027730,WHITE MARBLE CONSULTING LIMITED,2021-04-08,PSC07,companies/09027730_white-marble-consulting-limited/docs/2021-04-08_PSC07_cessation-of-georgina-rosemary-jane-field-as-a-per.pdf,companies/09027730_white-marble-consulting-limited/docs/2021-04-08_PSC07_cessation-of-georgina-rosemary-jane-field-as-a-per.txt
09027730,WHITE MARBLE CONSULTING LIMITED,2021-04-12,AA,companies/09027730_white-marble-consulting-limited/docs/2021-04-12_AA_total-exemption-full-accounts-made-up-to-31-may-20.pdf,companies/09027730_white-marble-consulting-limited/docs/2021-04-12_AA_total-exemption-full-accounts-made-up-to-31-may-20.txt
09027730,WHITE MARBLE CONSULTING LIMITED,2021-06-18,CS01,companies/09027730_white-marble-consulting-limited/docs/2021-06-18_CS01_confirmation-statement-made-on-14-june-2021-with-u.pdf,companies/09027730_white-marble-consulting-limited/docs/2021-06-18_CS01_confirmation-statement-made-on-14-june-2021-with-u.txt
09027730,WHITE MARBLE CONSULTING LIMITED,2021-10-14,CERTNM,companies/09027730_white-marble-consulting-limited/docs/2021-10-14_CERTNM_company-name-changed-white-marble-marketing-limite.pdf,companies/09027730_white-marble-consulting-limited/docs/2021-10-14_CERTNM_company-name-changed-white-marble-marketing-limite.txt
09027730,WHITE MARBLE CONSULTING LIMITED,2021-10-14,CONNOT,companies/09027730_white-marble-consulting-limited/docs/2021-10-14_CONNOT_change-of-name-notice.pdf,companies/09027730_white-marble-consulting-limited/docs/2021-10-14_CONNOT_change-of-name-notice.txt
09027730,WHITE MARBLE CONSULTING LIMITED,2021-11-03,PSC05,companies/09027730_white-marble-consulting-limited/docs/2021-11-03_PSC05_change-of-details-for-white-marble-marketing-group.pdf,companies/09027730_white-marble-consulting-limited/docs/2021-11-03_PSC05_change-of-details-for-white-marble-marketing-group.txt
09027730,WHITE MARBLE CONSULTING LIMITED,2022-03-10,AA,companies/09027730_white-marble-consulting-limited/docs/2022-03-10_AA_total-exemption-full-accounts-made-up-to-31-may-20.pdf,companies/09027730_white-marble-consulting-limited/docs/2022-03-10_AA_total-exemption-full-accounts-made-up-to-31-may-20.txt
09027730,WHITE MARBLE CONSULTING LIMITED,2022-06-20,CS01,companies/09027730_white-marble-consulting-limited/docs/2022-06-20_CS01_confirmation-statement-made-on-14-june-2022-with-u.pdf,companies/09027730_white-marble-consulting-limited/docs/2022-06-20_CS01_confirmation-statement-made-on-14-june-2022-with-u.txt
09027730,WHITE MARBLE CONSULTING LIMITED,2023-02-24,AA,companies/09027730_white-marble-consulting-limited/docs/2023-02-24_AA_total-exemption-full-accounts-made-up-to-31-may-20.pdf,companies/09027730_white-marble-consulting-limited/docs/2023-02-24_AA_total-exemption-full-accounts-made-up-to-31-may-20.txt
09027730,WHITE MARBLE CONSULTING LIMITED,2023-06-15,CS01,companies/09027730_white-marble-consulting-limited/docs/2023-06-15_CS01_confirmation-statement-made-on-14-june-2023-with-n.pdf,companies/09027730_white-marble-consulting-limited/docs/2023-06-15_CS01_confirmation-statement-made-on-14-june-2023-with-n.txt
09027730,WHITE MARBLE CONSULTING LIMITED,2024-02-29,AA,companies/09027730_white-marble-consulting-limited/docs/2024-02-29_AA_total-exemption-full-accounts-made-up-to-31-may-20.pdf,companies/09027730_white-marble-consulting-limited/docs/2024-02-29_AA_total-exemption-full-accounts-made-up-to-31-may-20.txt
09027730,WHITE MARBLE CONSULTING LIMITED,2024-06-18,CS01,companies/09027730_white-marble-consulting-limited/docs/2024-06-18_CS01_confirmation-statement-made-on-14-june-2024-with-u.pdf,companies/09027730_white-marble-consulting-limited/docs/2024-06-18_CS01_confirmation-statement-made-on-14-june-2024-with-u.txt
09027730,WHITE MARBLE CONSULTING LIMITED,2024-09-17,MA,companies/09027730_white-marble-consulting-limited/docs/2024-09-17_MA_memorandum-and-articles-of-association.pdf,companies/09027730_white-marble-consulting-limited/docs/2024-09-17_MA_memorandum-and-articles-of-association.txt
09027730,WHITE MARBLE CONSULTING LIMITED,2024-09-17,RESOLUTIONS,companies/09027730_white-marble-consulting-limited/docs/2024-09-17_RESOLUTIONS_resolutions-res01-resolution-of-adoption-of-articl.pdf,companies/09027730_white-marble-consulting-limited/docs/2024-09-17_RESOLUTIONS_resolutions-res01-resolution-of-adoption-of-articl.txt
09027730,WHITE MARBLE CONSULTING LIMITED,2025-02-07,AA,companies/09027730_white-marble-consulting-limited/docs/2025-02-07_AA_total-exemption-full-accounts-made-up-to-31-may-20.pdf,companies/09027730_white-marble-consulting-limited/docs/2025-02-07_AA_total-exemption-full-accounts-made-up-to-31-may-20.txt
09027730,WHITE MARBLE CONSULTING LIMITED,2025-02-21,AA01,companies/09027730_white-marble-consulting-limited/docs/2025-02-21_AA01_current-accounting-period-shortened-from-31-may-20.pdf,companies/09027730_white-marble-consulting-limited/docs/2025-02-21_AA01_current-accounting-period-shortened-from-31-may-20.txt
09027730,WHITE MARBLE CONSULTING LIMITED,2025-06-20,CS01,companies/09027730_white-marble-consulting-limited/docs/2025-06-20_CS01_confirmation-statement-made-on-14-june-2025-with-n.pdf,companies/09027730_white-marble-consulting-limited/docs/2025-06-20_CS01_confirmation-statement-made-on-14-june-2025-with-n.txt
09027730,WHITE MARBLE CONSULTING LIMITED,2025-10-29,AGREEMENT2,companies/09027730_white-marble-consulting-limited/docs/2025-10-29_AGREEMENT2_notice-of-agreement-to-exemption-from-audit-of-acc.pdf,companies/09027730_white-marble-consulting-limited/docs/2025-10-29_AGREEMENT2_notice-of-agreement-to-exemption-from-audit-of-acc.txt
09027730,WHITE MARBLE CONSULTING LIMITED,2025-10-29,GUARANTEE2,companies/09027730_white-marble-consulting-limited/docs/2025-10-29_GUARANTEE2_audit-exemption-statement-of-guarantee-by-parent-c.pdf,companies/09027730_white-marble-consulting-limited/docs/2025-10-29_GUARANTEE2_audit-exemption-statement-of-guarantee-by-parent-c.txt
09027730,WHITE MARBLE CONSULTING LIMITED,2025-10-29,PARENT,companies/09027730_white-marble-consulting-limited/docs/2025-10-29_PARENT_ACC_consolidated-accounts-of-parent-company-for-subsid.pdf,companies/09027730_white-marble-consulting-limited/docs/2025-10-29_PARENT_ACC_consolidated-accounts-of-parent-company-for-subsid.txt
09027730,WHITE MARBLE CONSULTING LIMITED,2026-01-08,AA,companies/09027730_white-marble-consulting-limited/docs/2026-01-08_AA_audit-exemption-subsidiary-accounts-made-up-to-31-.pdf,companies/09027730_white-marble-consulting-limited/docs/2026-01-08_AA_audit-exemption-subsidiary-accounts-made-up-to-31-.txt
09027730,WHITE MARBLE CONSULTING LIMITED,2026-06-22,CS01,companies/09027730_white-marble-consulting-limited/docs/2026-06-22_CS01_confirmation-statement-made-on-14-june-2026-with-u.pdf,companies/09027730_white-marble-consulting-limited/docs/2026-06-22_CS01_confirmation-statement-made-on-14-june-2026-with-u.txt
09027730,WHITE MARBLE CONSULTING LIMITED,2026-08-07,AGREEMENT2,companies/09027730_white-marble-consulting-limited/docs/2026-08-07_AGREEMENT2_notice-of-agreement-to-exemption-from-audit-of-acc.pdf,companies/09027730_white-marble-consulting-limited/docs/2026-08-07_AGREEMENT2_notice-of-agreement-to-exemption-from-audit-of-acc.txt
09027730,WHITE MARBLE CONSULTING LIMITED,2026-08-07,GUARANTEE2,companies/09027730_white-marble-consulting-limited/docs/2026-08-07_GUARANTEE2_audit-exemption-statement-of-guarantee-by-parent-c.pdf,companies/09027730_white-marble-consulting-limited/docs/2026-08-07_GUARANTEE2_audit-exemption-statement-of-guarantee-by-parent-c.txt
09027730,WHITE MARBLE CONSULTING LIMITED,2026-08-07,PARENT,companies/09027730_white-marble-consulting-limited/docs/2026-08-07_PARENT_ACC_consolidated-accounts-of-parent-company-for-subsid.pdf,companies/09027730_white-marble-consulting-limited/docs/2026-08-07_PARENT_ACC_consolidated-accounts-of-parent-company-for-subsid.txt
09244222,ALPHA TECHNOLOGY SERVICES CONSULTING LIMITED,2014-10-01,NEWINC,companies/09244222_alpha-technology-services-consulting-limited/docs/2014-10-01_NEWINC_incorporation-statement-of-capital-on-2014-10-01-g.pdf,companies/09244222_alpha-technology-services-consulting-limited/docs/2014-10-01_NEWINC_incorporation-statement-of-capital-on-2014-10-01-g.txt
09244222,ALPHA TECHNOLOGY SERVICES CONSULTING LIMITED,2014-11-24,AA01,companies/09244222_alpha-technology-services-consulting-limited/docs/2014-11-24_AA01_current-accounting-period-extended-from-31-october.pdf,companies/09244222_alpha-technology-services-consulting-limited/docs/2014-11-24_AA01_current-accounting-period-extended-from-31-october.txt
09244222,ALPHA TECHNOLOGY SERVICES CONSULTING LIMITED,2015-12-29,GAZ1,companies/09244222_alpha-technology-services-consulting-limited/docs/2015-12-29_GAZ1_first-gazette-notice-for-compulsory-strike-off.pdf,companies/09244222_alpha-technology-services-consulting-limited/docs/2015-12-29_GAZ1_first-gazette-notice-for-compulsory-strike-off.txt
09244222,ALPHA TECHNOLOGY SERVICES CONSULTING LIMITED,2016-01-05,AR01,companies/09244222_alpha-technology-services-consulting-limited/docs/2016-01-05_AR01_annual-return-made-up-to-1-october-2015-with-full-.pdf,companies/09244222_alpha-technology-services-consulting-limited/docs/2016-01-05_AR01_annual-return-made-up-to-1-october-2015-with-full-.txt
09244222,ALPHA TECHNOLOGY SERVICES CONSULTING LIMITED,2016-01-06,DISS40,companies/09244222_alpha-technology-services-consulting-limited/docs/2016-01-06_DISS40_compulsory-strike-off-action-has-been-discontinued.pdf,companies/09244222_alpha-technology-services-consulting-limited/docs/2016-01-06_DISS40_compulsory-strike-off-action-has-been-discontinued.txt
09244222,ALPHA TECHNOLOGY SERVICES CONSULTING LIMITED,2016-02-19,RESOLUTIONS,companies/09244222_alpha-technology-services-consulting-limited/docs/2016-02-19_RESOLUTIONS_resolutions-res01-resolution-of-adoption-of-articl.pdf,companies/09244222_alpha-technology-services-consulting-limited/docs/2016-02-19_RESOLUTIONS_resolutions-res01-resolution-of-adoption-of-articl.txt
09244222,ALPHA TECHNOLOGY SERVICES CONSULTING LIMITED,2016-07-22,AA,companies/09244222_alpha-technology-services-consulting-limited/docs/2016-07-22_AA_accounts-for-a-dormant-company-made-up-to-31-march.pdf,companies/09244222_alpha-technology-services-consulting-limited/docs/2016-07-22_AA_accounts-for-a-dormant-company-made-up-to-31-march.txt
09244222,ALPHA TECHNOLOGY SERVICES CONSULTING LIMITED,2016-10-06,CS01,companies/09244222_alpha-technology-services-consulting-limited/docs/2016-10-06_CS01_confirmation-statement-made-on-1-october-2016-with.pdf,companies/09244222_alpha-technology-services-consulting-limited/docs/2016-10-06_CS01_confirmation-statement-made-on-1-october-2016-with.txt
09244222,ALPHA TECHNOLOGY SERVICES CONSULTING LIMITED,2017-02-06,CS01,companies/09244222_alpha-technology-services-consulting-limited/docs/2017-02-06_CS01_confirmation-statement-made-on-12-january-2017-wit.pdf,companies/09244222_alpha-technology-services-consulting-limited/docs/2017-02-06_CS01_confirmation-statement-made-on-12-january-2017-wit.txt
09244222,ALPHA TECHNOLOGY SERVICES CONSULTING LIMITED,2017-12-21,AA,companies/09244222_alpha-technology-services-consulting-limited/docs/2017-12-21_AA_accounts-for-a-dormant-company-made-up-to-31-march.pdf,companies/09244222_alpha-technology-services-consulting-limited/docs/2017-12-21_AA_accounts-for-a-dormant-company-made-up-to-31-march.txt
09244222,ALPHA TECHNOLOGY SERVICES CONSULTING LIMITED,2018-02-13,CS01,companies/09244222_alpha-technology-services-consulting-limited/docs/2018-02-13_CS01_confirmation-statement-made-on-12-january-2018-wit.pdf,companies/09244222_alpha-technology-services-consulting-limited/docs/2018-02-13_CS01_confirmation-statement-made-on-12-january-2018-wit.txt
09244222,ALPHA TECHNOLOGY SERVICES CONSULTING LIMITED,2019-02-05,CS01,companies/09244222_alpha-technology-services-consulting-limited/docs/2019-02-05_CS01_confirmation-statement-made-on-12-january-2019-wit.pdf,companies/09244222_alpha-technology-services-consulting-limited/docs/2019-02-05_CS01_confirmation-statement-made-on-12-january-2019-wit.txt
09244222,ALPHA TECHNOLOGY SERVICES CONSULTING LIMITED,2019-02-08,AA,companies/09244222_alpha-technology-services-consulting-limited/docs/2019-02-08_AA_accounts-for-a-dormant-company-made-up-to-31-march.pdf,companies/09244222_alpha-technology-services-consulting-limited/docs/2019-02-08_AA_accounts-for-a-dormant-company-made-up-to-31-march.txt
09244222,ALPHA TECHNOLOGY SERVICES CONSULTING LIMITED,2019-12-24,AA,companies/09244222_alpha-technology-services-consulting-limited/docs/2019-12-24_AA_accounts-for-a-dormant-company-made-up-to-31-march.pdf,companies/09244222_alpha-technology-services-consulting-limited/docs/2019-12-24_AA_accounts-for-a-dormant-company-made-up-to-31-march.txt
09244222,ALPHA TECHNOLOGY SERVICES CONSULTING LIMITED,2020-01-15,CS01,companies/09244222_alpha-technology-services-consulting-limited/docs/2020-01-15_CS01_confirmation-statement-made-on-12-january-2020-wit.pdf,companies/09244222_alpha-technology-services-consulting-limited/docs/2020-01-15_CS01_confirmation-statement-made-on-12-january-2020-wit.txt
09244222,ALPHA TECHNOLOGY SERVICES CONSULTING LIMITED,2020-12-03,AA,companies/09244222_alpha-technology-services-consulting-limited/docs/2020-12-03_AA_accounts-for-a-dormant-company-made-up-to-31-march.pdf,companies/09244222_alpha-technology-services-consulting-limited/docs/2020-12-03_AA_accounts-for-a-dormant-company-made-up-to-31-march.txt
09244222,ALPHA TECHNOLOGY SERVICES CONSULTING LIMITED,2021-01-15,CS01,companies/09244222_alpha-technology-services-consulting-limited/docs/2021-01-15_CS01_confirmation-statement-made-on-12-january-2021-wit.pdf,companies/09244222_alpha-technology-services-consulting-limited/docs/2021-01-15_CS01_confirmation-statement-made-on-12-january-2021-wit.txt
09244222,ALPHA TECHNOLOGY SERVICES CONSULTING LIMITED,2021-12-13,AA,companies/09244222_alpha-technology-services-consulting-limited/docs/2021-12-13_AA_accounts-for-a-dormant-company-made-up-to-31-march.pdf,companies/09244222_alpha-technology-services-consulting-limited/docs/2021-12-13_AA_accounts-for-a-dormant-company-made-up-to-31-march.txt
09244222,ALPHA TECHNOLOGY SERVICES CONSULTING LIMITED,2022-01-14,CS01,companies/09244222_alpha-technology-services-consulting-limited/docs/2022-01-14_CS01_confirmation-statement-made-on-12-january-2022-wit.pdf,companies/09244222_alpha-technology-services-consulting-limited/docs/2022-01-14_CS01_confirmation-statement-made-on-12-january-2022-wit.txt
09244222,ALPHA TECHNOLOGY SERVICES CONSULTING LIMITED,2022-03-09,CS01,companies/09244222_alpha-technology-services-consulting-limited/docs/2022-03-09_CS01_confirmation-statement-made-on-1-march-2022-with-n.pdf,companies/09244222_alpha-technology-services-consulting-limited/docs/2022-03-09_CS01_confirmation-statement-made-on-1-march-2022-with-n.txt
09244222,ALPHA TECHNOLOGY SERVICES CONSULTING LIMITED,2022-10-18,AA,companies/09244222_alpha-technology-services-consulting-limited/docs/2022-10-18_AA_accounts-for-a-dormant-company-made-up-to-31-march.pdf,companies/09244222_alpha-technology-services-consulting-limited/docs/2022-10-18_AA_accounts-for-a-dormant-company-made-up-to-31-march.txt
09244222,ALPHA TECHNOLOGY SERVICES CONSULTING LIMITED,2023-03-08,CS01,companies/09244222_alpha-technology-services-consulting-limited/docs/2023-03-08_CS01_confirmation-statement-made-on-1-march-2023-with-n.pdf,companies/09244222_alpha-technology-services-consulting-limited/docs/2023-03-08_CS01_confirmation-statement-made-on-1-march-2023-with-n.txt
09244222,ALPHA TECHNOLOGY SERVICES CONSULTING LIMITED,2023-11-13,AA,companies/09244222_alpha-technology-services-consulting-limited/docs/2023-11-13_AA_accounts-for-a-dormant-company-made-up-to-31-march.pdf,companies/09244222_alpha-technology-services-consulting-limited/docs/2023-11-13_AA_accounts-for-a-dormant-company-made-up-to-31-march.txt
09244222,ALPHA TECHNOLOGY SERVICES CONSULTING LIMITED,2024-03-01,CS01,companies/09244222_alpha-technology-services-consulting-limited/docs/2024-03-01_CS01_confirmation-statement-made-on-1-march-2024-with-n.pdf,companies/09244222_alpha-technology-services-consulting-limited/docs/2024-03-01_CS01_confirmation-statement-made-on-1-march-2024-with-n.txt
09244222,ALPHA TECHNOLOGY SERVICES CONSULTING LIMITED,2024-12-17,AA,companies/09244222_alpha-technology-services-consulting-limited/docs/2024-12-17_AA_accounts-for-a-dormant-company-made-up-to-31-march.pdf,companies/09244222_alpha-technology-services-consulting-limited/docs/2024-12-17_AA_accounts-for-a-dormant-company-made-up-to-31-march.txt
09244222,ALPHA TECHNOLOGY SERVICES CONSULTING LIMITED,2025-03-07,CS01,companies/09244222_alpha-technology-services-consulting-limited/docs/2025-03-07_CS01_confirmation-statement-made-on-1-march-2025-with-n.pdf,companies/09244222_alpha-technology-services-consulting-limited/docs/2025-03-07_CS01_confirmation-statement-made-on-1-march-2025-with-n.txt
09244222,ALPHA TECHNOLOGY SERVICES CONSULTING LIMITED,2025-08-19,AA,companies/09244222_alpha-technology-services-consulting-limited/docs/2025-08-19_AA_accounts-for-a-dormant-company-made-up-to-31-march.pdf,companies/09244222_alpha-technology-services-consulting-limited/docs/2025-08-19_AA_accounts-for-a-dormant-company-made-up-to-31-march.txt
09244222,ALPHA TECHNOLOGY SERVICES CONSULTING LIMITED,2026-03-12,CS01,companies/09244222_alpha-technology-services-consulting-limited/docs/2026-03-12_CS01_confirmation-statement-made-on-1-march-2026-with-n.pdf,companies/09244222_alpha-technology-services-consulting-limited/docs/2026-03-12_CS01_confirmation-statement-made-on-1-march-2026-with-n.txt
09244222,ALPHA TECHNOLOGY SERVICES CONSULTING LIMITED,2026-07-01,PSC05,companies/09244222_alpha-technology-services-consulting-limited/docs/2026-07-01_PSC05_change-of-details-for-alpha-financial-markets-cons.pdf,companies/09244222_alpha-technology-services-consulting-limited/docs/2026-07-01_PSC05_change-of-details-for-alpha-financial-markets-cons.txt
09244222,ALPHA TECHNOLOGY SERVICES CONSULTING LIMITED,2026-07-13,AA,companies/09244222_alpha-technology-services-consulting-limited/docs/2026-07-13_AA_accounts-for-a-dormant-company-made-up-to-31-march.pdf,companies/09244222_alpha-technology-services-consulting-limited/docs/2026-07-13_AA_accounts-for-a-dormant-company-made-up-to-31-march.txt
09303968,BRIDGEPOINT GROUP HOLDINGS LIMITED,2024-06-24,AA,companies/09303968_bridgepoint-group-holdings-limited/docs/2024-06-24_AA_full-accounts-made-up-to-31-december-2023.pdf,companies/09303968_bridgepoint-group-holdings-limited/docs/2024-06-24_AA_full-accounts-made-up-to-31-december-2023.txt
09303968,BRIDGEPOINT GROUP HOLDINGS LIMITED,2024-11-20,CS01,companies/09303968_bridgepoint-group-holdings-limited/docs/2024-11-20_CS01_confirmation-statement-made-on-10-november-2024-wi.pdf,companies/09303968_bridgepoint-group-holdings-limited/docs/2024-11-20_CS01_confirmation-statement-made-on-10-november-2024-wi.txt
09303968,BRIDGEPOINT GROUP HOLDINGS LIMITED,2025-08-01,AA,companies/09303968_bridgepoint-group-holdings-limited/docs/2025-08-01_AA_full-accounts-made-up-to-31-december-2024.pdf,companies/09303968_bridgepoint-group-holdings-limited/docs/2025-08-01_AA_full-accounts-made-up-to-31-december-2024.txt
09303968,BRIDGEPOINT GROUP HOLDINGS LIMITED,2025-11-11,CS01,companies/09303968_bridgepoint-group-holdings-limited/docs/2025-11-11_CS01_confirmation-statement-made-on-10-november-2025-wi.pdf,companies/09303968_bridgepoint-group-holdings-limited/docs/2025-11-11_CS01_confirmation-statement-made-on-10-november-2025-wi.txt
09303968,BRIDGEPOINT GROUP HOLDINGS LIMITED,2026-08-13,AA,companies/09303968_bridgepoint-group-holdings-limited/docs/2026-08-13_AA_full-accounts-made-up-to-31-december-2025.pdf,companies/09303968_bridgepoint-group-holdings-limited/docs/2026-08-13_AA_full-accounts-made-up-to-31-december-2025.txt
09737564,OBSIDIAN SOLUTIONS LTD,2015-08-18,NEWINC,companies/09737564_obsidian-solutions-ltd/docs/2015-08-18_NEWINC_incorporation-statement-of-capital-on-2015-08-18-g.pdf,companies/09737564_obsidian-solutions-ltd/docs/2015-08-18_NEWINC_incorporation-statement-of-capital-on-2015-08-18-g.txt
09737564,OBSIDIAN SOLUTIONS LTD,2016-01-15,RESOLUTIONS,companies/09737564_obsidian-solutions-ltd/docs/2016-01-15_RESOLUTIONS_resolutions-res01-resolution-of-adoption-of-articl.pdf,companies/09737564_obsidian-solutions-ltd/docs/2016-01-15_RESOLUTIONS_resolutions-res01-resolution-of-adoption-of-articl.txt
09737564,OBSIDIAN SOLUTIONS LTD,2016-01-15,SH01,companies/09737564_obsidian-solutions-ltd/docs/2016-01-15_SH01_statement-of-capital-following-an-allotment-of-sha.pdf,companies/09737564_obsidian-solutions-ltd/docs/2016-01-15_SH01_statement-of-capital-following-an-allotment-of-sha.txt
09737564,OBSIDIAN SOLUTIONS LTD,2016-09-07,CS01,companies/09737564_obsidian-solutions-ltd/docs/2016-09-07_CS01_confirmation-statement-made-on-17-august-2016-with.pdf,companies/09737564_obsidian-solutions-ltd/docs/2016-09-07_CS01_confirmation-statement-made-on-17-august-2016-with.txt
09737564,OBSIDIAN SOLUTIONS LTD,2017-05-11,AA01,companies/09737564_obsidian-solutions-ltd/docs/2017-05-11_AA01_previous-accounting-period-shortened-from-31-augus.pdf,companies/09737564_obsidian-solutions-ltd/docs/2017-05-11_AA01_previous-accounting-period-shortened-from-31-augus.txt
09737564,OBSIDIAN SOLUTIONS LTD,2017-07-24,SH01,companies/09737564_obsidian-solutions-ltd/docs/2017-07-24_SH01_statement-of-capital-following-an-allotment-of-sha.pdf,companies/09737564_obsidian-solutions-ltd/docs/2017-07-24_SH01_statement-of-capital-following-an-allotment-of-sha.txt
09737564,OBSIDIAN SOLUTIONS LTD,2017-08-11,AA,companies/09737564_obsidian-solutions-ltd/docs/2017-08-11_AA_total-exemption-small-company-accounts-made-up-to-.pdf,companies/09737564_obsidian-solutions-ltd/docs/2017-08-11_AA_total-exemption-small-company-accounts-made-up-to-.txt
09737564,OBSIDIAN SOLUTIONS LTD,2017-08-16,CS01,companies/09737564_obsidian-solutions-ltd/docs/2017-08-16_CS01_confirmation-statement-made-on-9-august-2017-with-.pdf,companies/09737564_obsidian-solutions-ltd/docs/2017-08-16_CS01_confirmation-statement-made-on-9-august-2017-with-.txt
09737564,OBSIDIAN SOLUTIONS LTD,2018-04-16,AA,companies/09737564_obsidian-solutions-ltd/docs/2018-04-16_AA_micro-company-accounts-made-up-to-31-august-2017.pdf,companies/09737564_obsidian-solutions-ltd/docs/2018-04-16_AA_micro-company-accounts-made-up-to-31-august-2017.txt
09737564,OBSIDIAN SOLUTIONS LTD,2018-08-09,CS01,companies/09737564_obsidian-solutions-ltd/docs/2018-08-09_CS01_confirmation-statement-made-on-9-august-2018-with-.pdf,companies/09737564_obsidian-solutions-ltd/docs/2018-08-09_CS01_confirmation-statement-made-on-9-august-2018-with-.txt
09737564,OBSIDIAN SOLUTIONS LTD,2019-05-30,AA,companies/09737564_obsidian-solutions-ltd/docs/2019-05-30_AA_micro-company-accounts-made-up-to-31-august-2018.pdf,companies/09737564_obsidian-solutions-ltd/docs/2019-05-30_AA_micro-company-accounts-made-up-to-31-august-2018.txt
09737564,OBSIDIAN SOLUTIONS LTD,2019-08-21,CS01,companies/09737564_obsidian-solutions-ltd/docs/2019-08-21_CS01_confirmation-statement-made-on-9-august-2019-with-.pdf,companies/09737564_obsidian-solutions-ltd/docs/2019-08-21_CS01_confirmation-statement-made-on-9-august-2019-with-.txt
09737564,OBSIDIAN SOLUTIONS LTD,2019-11-12,SH01,companies/09737564_obsidian-solutions-ltd/docs/2019-11-12_SH01_statement-of-capital-following-an-allotment-of-sha.pdf,companies/09737564_obsidian-solutions-ltd/docs/2019-11-12_SH01_statement-of-capital-following-an-allotment-of-sha.txt
09737564,OBSIDIAN SOLUTIONS LTD,2019-11-13,AA01,companies/09737564_obsidian-solutions-ltd/docs/2019-11-13_AA01_current-accounting-period-shortened-from-30-august.pdf,companies/09737564_obsidian-solutions-ltd/docs/2019-11-13_AA01_current-accounting-period-shortened-from-30-august.txt
09737564,OBSIDIAN SOLUTIONS LTD,2019-11-21,RESOLUTIONS,companies/09737564_obsidian-solutions-ltd/docs/2019-11-21_RESOLUTIONS_resolutions-res01-resolution-of-adoption-of-articl.pdf,companies/09737564_obsidian-solutions-ltd/docs/2019-11-21_RESOLUTIONS_resolutions-res01-resolution-of-adoption-of-articl.txt
09737564,OBSIDIAN SOLUTIONS LTD,2019-11-21,RESOLUTIONS,companies/09737564_obsidian-solutions-ltd/docs/2019-11-21_RESOLUTIONS_resolutions-res11-resolution-of-removal-of-pre-emp.pdf,companies/09737564_obsidian-solutions-ltd/docs/2019-11-21_RESOLUTIONS_resolutions-res11-resolution-of-removal-of-pre-emp.txt
09737564,OBSIDIAN SOLUTIONS LTD,2019-11-22,PSC02,companies/09737564_obsidian-solutions-ltd/docs/2019-11-22_PSC02_notification-of-alpha-financial-markets-consulting.pdf,companies/09737564_obsidian-solutions-ltd/docs/2019-11-22_PSC02_notification-of-alpha-financial-markets-consulting.txt
09737564,OBSIDIAN SOLUTIONS LTD,2019-11-22,PSC07,companies/09737564_obsidian-solutions-ltd/docs/2019-11-22_PSC07_cessation-of-lazar-radenovic-as-a-person-with-sign.pdf,companies/09737564_obsidian-solutions-ltd/docs/2019-11-22_PSC07_cessation-of-lazar-radenovic-as-a-person-with-sign.txt
09737564,OBSIDIAN SOLUTIONS LTD,2019-11-22,PSC07,companies/09737564_obsidian-solutions-ltd/docs/2019-11-22_PSC07_cessation-of-sasha-skerletovic-as-a-person-with-si.pdf,companies/09737564_obsidian-solutions-ltd/docs/2019-11-22_PSC07_cessation-of-sasha-skerletovic-as-a-person-with-si.txt
09737564,OBSIDIAN SOLUTIONS LTD,2019-11-25,RP04SH01,companies/09737564_obsidian-solutions-ltd/docs/2019-11-25_RP04SH01_second-filing-of-a-statement-of-capital-following-.pdf,companies/09737564_obsidian-solutions-ltd/docs/2019-11-25_RP04SH01_second-filing-of-a-statement-of-capital-following-.txt
09737564,OBSIDIAN SOLUTIONS LTD,2019-12-11,RP04SH01,companies/09737564_obsidian-solutions-ltd/docs/2019-12-11_RP04SH01_second-filing-of-a-statement-of-capital-following-.pdf,companies/09737564_obsidian-solutions-ltd/docs/2019-12-11_RP04SH01_second-filing-of-a-statement-of-capital-following-.txt
09737564,OBSIDIAN SOLUTIONS LTD,2020-04-20,MR01,companies/09737564_obsidian-solutions-ltd/docs/2020-04-20_MR01_registration-of-charge-097375640001-created-on-16-.pdf,companies/09737564_obsidian-solutions-ltd/docs/2020-04-20_MR01_registration-of-charge-097375640001-created-on-16-.txt
09737564,OBSIDIAN SOLUTIONS LTD,2020-08-11,AA,companies/09737564_obsidian-solutions-ltd/docs/2020-08-11_AA_total-exemption-full-accounts-made-up-to-31-august.pdf,companies/09737564_obsidian-solutions-ltd/docs/2020-08-11_AA_total-exemption-full-accounts-made-up-to-31-august.txt
09737564,OBSIDIAN SOLUTIONS LTD,2020-12-02,CS01,companies/09737564_obsidian-solutions-ltd/docs/2020-12-02_CS01_confirmation-statement-made-on-9-august-2020-with-.pdf,companies/09737564_obsidian-solutions-ltd/docs/2020-12-02_CS01_confirmation-statement-made-on-9-august-2020-with-.txt
09737564,OBSIDIAN SOLUTIONS LTD,2021-03-30,AA,companies/09737564_obsidian-solutions-ltd/docs/2021-03-30_AA_full-accounts-made-up-to-31-march-2020.pdf,companies/09737564_obsidian-solutions-ltd/docs/2021-03-30_AA_full-accounts-made-up-to-31-march-2020.txt
09737564,OBSIDIAN SOLUTIONS LTD,2021-08-11,CS01,companies/09737564_obsidian-solutions-ltd/docs/2021-08-11_CS01_confirmation-statement-made-on-9-august-2021-with-.pdf,companies/09737564_obsidian-solutions-ltd/docs/2021-08-11_CS01_confirmation-statement-made-on-9-august-2021-with-.txt
09737564,OBSIDIAN SOLUTIONS LTD,2021-12-22,AA,companies/09737564_obsidian-solutions-ltd/docs/2021-12-22_AA_full-accounts-made-up-to-31-march-2021.pdf,companies/09737564_obsidian-solutions-ltd/docs/2021-12-22_AA_full-accounts-made-up-to-31-march-2021.txt
09737564,OBSIDIAN SOLUTIONS LTD,2022-03-09,CS01,companies/09737564_obsidian-solutions-ltd/docs/2022-03-09_CS01_confirmation-statement-made-on-1-march-2022-with-n.pdf,companies/09737564_obsidian-solutions-ltd/docs/2022-03-09_CS01_confirmation-statement-made-on-1-march-2022-with-n.txt
09737564,OBSIDIAN SOLUTIONS LTD,2022-10-26,AA,companies/09737564_obsidian-solutions-ltd/docs/2022-10-26_AA_full-accounts-made-up-to-31-march-2022.pdf,companies/09737564_obsidian-solutions-ltd/docs/2022-10-26_AA_full-accounts-made-up-to-31-march-2022.txt
09737564,OBSIDIAN SOLUTIONS LTD,2023-03-08,CS01,companies/09737564_obsidian-solutions-ltd/docs/2023-03-08_CS01_confirmation-statement-made-on-1-march-2023-with-n.pdf,companies/09737564_obsidian-solutions-ltd/docs/2023-03-08_CS01_confirmation-statement-made-on-1-march-2023-with-n.txt
09737564,OBSIDIAN SOLUTIONS LTD,2023-10-09,MR04,companies/09737564_obsidian-solutions-ltd/docs/2023-10-09_MR04_satisfaction-of-charge-097375640001-in-full.pdf,companies/09737564_obsidian-solutions-ltd/docs/2023-10-09_MR04_satisfaction-of-charge-097375640001-in-full.txt
09737564,OBSIDIAN SOLUTIONS LTD,2023-11-20,AA,companies/09737564_obsidian-solutions-ltd/docs/2023-11-20_AA_full-accounts-made-up-to-31-march-2023.pdf,companies/09737564_obsidian-solutions-ltd/docs/2023-11-20_AA_full-accounts-made-up-to-31-march-2023.txt
09737564,OBSIDIAN SOLUTIONS LTD,2024-03-01,CS01,companies/09737564_obsidian-solutions-ltd/docs/2024-03-01_CS01_confirmation-statement-made-on-1-march-2024-with-n.pdf,companies/09737564_obsidian-solutions-ltd/docs/2024-03-01_CS01_confirmation-statement-made-on-1-march-2024-with-n.txt
09737564,OBSIDIAN SOLUTIONS LTD,2024-08-20,AGREEMENT2,companies/09737564_obsidian-solutions-ltd/docs/2024-08-20_AGREEMENT2_notice-of-agreement-to-exemption-from-audit-of-acc.pdf,companies/09737564_obsidian-solutions-ltd/docs/2024-08-20_AGREEMENT2_notice-of-agreement-to-exemption-from-audit-of-acc.txt
09737564,OBSIDIAN SOLUTIONS LTD,2024-08-20,GUARANTEE2,companies/09737564_obsidian-solutions-ltd/docs/2024-08-20_GUARANTEE2_audit-exemption-statement-of-guarantee-by-parent-c.pdf,companies/09737564_obsidian-solutions-ltd/docs/2024-08-20_GUARANTEE2_audit-exemption-statement-of-guarantee-by-parent-c.txt
09737564,OBSIDIAN SOLUTIONS LTD,2024-08-20,PARENT,companies/09737564_obsidian-solutions-ltd/docs/2024-08-20_PARENT_ACC_consolidated-accounts-of-parent-company-for-subsid.pdf,companies/09737564_obsidian-solutions-ltd/docs/2024-08-20_PARENT_ACC_consolidated-accounts-of-parent-company-for-subsid.txt
09737564,OBSIDIAN SOLUTIONS LTD,2025-01-06,AA,companies/09737564_obsidian-solutions-ltd/docs/2025-01-06_AA_audit-exemption-subsidiary-accounts-made-up-to-31-.pdf,companies/09737564_obsidian-solutions-ltd/docs/2025-01-06_AA_audit-exemption-subsidiary-accounts-made-up-to-31-.txt
09737564,OBSIDIAN SOLUTIONS LTD,2025-03-07,CS01,companies/09737564_obsidian-solutions-ltd/docs/2025-03-07_CS01_confirmation-statement-made-on-1-march-2025-with-n.pdf,companies/09737564_obsidian-solutions-ltd/docs/2025-03-07_CS01_confirmation-statement-made-on-1-march-2025-with-n.txt
09737564,OBSIDIAN SOLUTIONS LTD,2025-10-29,AGREEMENT2,companies/09737564_obsidian-solutions-ltd/docs/2025-10-29_AGREEMENT2_notice-of-agreement-to-exemption-from-audit-of-acc.pdf,companies/09737564_obsidian-solutions-ltd/docs/2025-10-29_AGREEMENT2_notice-of-agreement-to-exemption-from-audit-of-acc.txt
09737564,OBSIDIAN SOLUTIONS LTD,2025-10-29,GUARANTEE2,companies/09737564_obsidian-solutions-ltd/docs/2025-10-29_GUARANTEE2_audit-exemption-statement-of-guarantee-by-parent-c.pdf,companies/09737564_obsidian-solutions-ltd/docs/2025-10-29_GUARANTEE2_audit-exemption-statement-of-guarantee-by-parent-c.txt
09737564,OBSIDIAN SOLUTIONS LTD,2025-10-29,PARENT,companies/09737564_obsidian-solutions-ltd/docs/2025-10-29_PARENT_ACC_consolidated-accounts-of-parent-company-for-subsid.pdf,companies/09737564_obsidian-solutions-ltd/docs/2025-10-29_PARENT_ACC_consolidated-accounts-of-parent-company-for-subsid.txt
09737564,OBSIDIAN SOLUTIONS LTD,2026-01-08,AA,companies/09737564_obsidian-solutions-ltd/docs/2026-01-08_AA_audit-exemption-subsidiary-accounts-made-up-to-31-.pdf,companies/09737564_obsidian-solutions-ltd/docs/2026-01-08_AA_audit-exemption-subsidiary-accounts-made-up-to-31-.txt
09737564,OBSIDIAN SOLUTIONS LTD,2026-03-12,CS01,companies/09737564_obsidian-solutions-ltd/docs/2026-03-12_CS01_confirmation-statement-made-on-1-march-2026-with-n.pdf,companies/09737564_obsidian-solutions-ltd/docs/2026-03-12_CS01_confirmation-statement-made-on-1-march-2026-with-n.txt
09737564,OBSIDIAN SOLUTIONS LTD,2026-07-01,PSC05,companies/09737564_obsidian-solutions-ltd/docs/2026-07-01_PSC05_change-of-details-for-alpha-financial-markets-cons.pdf,companies/09737564_obsidian-solutions-ltd/docs/2026-07-01_PSC05_change-of-details-for-alpha-financial-markets-cons.txt
09737564,OBSIDIAN SOLUTIONS LTD,2026-08-06,AGREEMENT2,companies/09737564_obsidian-solutions-ltd/docs/2026-08-06_AGREEMENT2_notice-of-agreement-to-exemption-from-audit-of-acc.pdf,companies/09737564_obsidian-solutions-ltd/docs/2026-08-06_AGREEMENT2_notice-of-agreement-to-exemption-from-audit-of-acc.txt
09737564,OBSIDIAN SOLUTIONS LTD,2026-08-06,GUARANTEE2,companies/09737564_obsidian-solutions-ltd/docs/2026-08-06_GUARANTEE2_audit-exemption-statement-of-guarantee-by-parent-c.pdf,companies/09737564_obsidian-solutions-ltd/docs/2026-08-06_GUARANTEE2_audit-exemption-statement-of-guarantee-by-parent-c.txt
09737564,OBSIDIAN SOLUTIONS LTD,2026-08-06,PARENT,companies/09737564_obsidian-solutions-ltd/docs/2026-08-06_PARENT_ACC_consolidated-accounts-of-parent-company-for-subsid.pdf,companies/09737564_obsidian-solutions-ltd/docs/2026-08-06_PARENT_ACC_consolidated-accounts-of-parent-company-for-subsid.txt
09869494,ALPHA ALTERNATIVES UK LIMITED,2015-11-12,NEWINC,companies/09869494_alpha-alternatives-uk-limited/docs/2015-11-12_NEWINC_incorporation-statement-of-capital-on-2015-11-12-g.pdf,companies/09869494_alpha-alternatives-uk-limited/docs/2015-11-12_NEWINC_incorporation-statement-of-capital-on-2015-11-12-g.txt
09869494,ALPHA ALTERNATIVES UK LIMITED,2016-03-09,AA01,companies/09869494_alpha-alternatives-uk-limited/docs/2016-03-09_AA01_current-accounting-period-extended-from-30-novembe.pdf,companies/09869494_alpha-alternatives-uk-limited/docs/2016-03-09_AA01_current-accounting-period-extended-from-30-novembe.txt
09869494,ALPHA ALTERNATIVES UK LIMITED,2016-11-24,CS01,companies/09869494_alpha-alternatives-uk-limited/docs/2016-11-24_CS01_confirmation-statement-made-on-11-november-2016-wi.pdf,companies/09869494_alpha-alternatives-uk-limited/docs/2016-11-24_CS01_confirmation-statement-made-on-11-november-2016-wi.txt
09869494,ALPHA ALTERNATIVES UK LIMITED,2017-03-03,AA,companies/09869494_alpha-alternatives-uk-limited/docs/2017-03-03_AA_total-exemption-full-accounts-made-up-to-31-decemb.pdf,companies/09869494_alpha-alternatives-uk-limited/docs/2017-03-03_AA_total-exemption-full-accounts-made-up-to-31-decemb.txt
09869494,ALPHA ALTERNATIVES UK LIMITED,2017-11-28,CS01,companies/09869494_alpha-alternatives-uk-limited/docs/2017-11-28_CS01_confirmation-statement-made-on-11-november-2017-wi.pdf,companies/09869494_alpha-alternatives-uk-limited/docs/2017-11-28_CS01_confirmation-statement-made-on-11-november-2017-wi.txt
09869494,ALPHA ALTERNATIVES UK LIMITED,2018-06-20,AA,companies/09869494_alpha-alternatives-uk-limited/docs/2018-06-20_AA_unaudited-abridged-accounts-made-up-to-31-december.pdf,companies/09869494_alpha-alternatives-uk-limited/docs/2018-06-20_AA_unaudited-abridged-accounts-made-up-to-31-december.txt
09869494,ALPHA ALTERNATIVES UK LIMITED,2019-01-04,CS01,companies/09869494_alpha-alternatives-uk-limited/docs/2019-01-04_CS01_confirmation-statement-made-on-11-november-2018-wi.pdf,companies/09869494_alpha-alternatives-uk-limited/docs/2019-01-04_CS01_confirmation-statement-made-on-11-november-2018-wi.txt
09869494,ALPHA ALTERNATIVES UK LIMITED,2019-09-14,AA,companies/09869494_alpha-alternatives-uk-limited/docs/2019-09-14_AA_unaudited-abridged-accounts-made-up-to-31-december.pdf,companies/09869494_alpha-alternatives-uk-limited/docs/2019-09-14_AA_unaudited-abridged-accounts-made-up-to-31-december.txt
09869494,ALPHA ALTERNATIVES UK LIMITED,2019-09-24,MA,companies/09869494_alpha-alternatives-uk-limited/docs/2019-09-24_MA_memorandum-and-articles-of-association.pdf,companies/09869494_alpha-alternatives-uk-limited/docs/2019-09-24_MA_memorandum-and-articles-of-association.txt
09869494,ALPHA ALTERNATIVES UK LIMITED,2019-11-15,CS01,companies/09869494_alpha-alternatives-uk-limited/docs/2019-11-15_CS01_confirmation-statement-made-on-11-november-2019-wi.pdf,companies/09869494_alpha-alternatives-uk-limited/docs/2019-11-15_CS01_confirmation-statement-made-on-11-november-2019-wi.txt
09869494,ALPHA ALTERNATIVES UK LIMITED,2020-09-11,AA,companies/09869494_alpha-alternatives-uk-limited/docs/2020-09-11_AA_unaudited-abridged-accounts-made-up-to-31-december.pdf,companies/09869494_alpha-alternatives-uk-limited/docs/2020-09-11_AA_unaudited-abridged-accounts-made-up-to-31-december.txt
09869494,ALPHA ALTERNATIVES UK LIMITED,2020-11-16,CS01,companies/09869494_alpha-alternatives-uk-limited/docs/2020-11-16_CS01_confirmation-statement-made-on-11-november-2020-wi.pdf,companies/09869494_alpha-alternatives-uk-limited/docs/2020-11-16_CS01_confirmation-statement-made-on-11-november-2020-wi.txt
09869494,ALPHA ALTERNATIVES UK LIMITED,2021-05-19,RP04CS01,companies/09869494_alpha-alternatives-uk-limited/docs/2021-05-19_RP04CS01_second-filing-of-confirmation-statement-dated-11-n-2.pdf,companies/09869494_alpha-alternatives-uk-limited/docs/2021-05-19_RP04CS01_second-filing-of-confirmation-statement-dated-11-n-2.txt
09869494,ALPHA ALTERNATIVES UK LIMITED,2021-05-19,RP04CS01,companies/09869494_alpha-alternatives-uk-limited/docs/2021-05-19_RP04CS01_second-filing-of-confirmation-statement-dated-11-n.pdf,companies/09869494_alpha-alternatives-uk-limited/docs/2021-05-19_RP04CS01_second-filing-of-confirmation-statement-dated-11-n.txt
09869494,ALPHA ALTERNATIVES UK LIMITED,2021-06-07,PSC02,companies/09869494_alpha-alternatives-uk-limited/docs/2021-06-07_PSC02_notification-of-alpha-financial-markets-consulting.pdf,companies/09869494_alpha-alternatives-uk-limited/docs/2021-06-07_PSC02_notification-of-alpha-financial-markets-consulting.txt
09869494,ALPHA ALTERNATIVES UK LIMITED,2021-06-07,PSC07,companies/09869494_alpha-alternatives-uk-limited/docs/2021-06-07_PSC07_cessation-of-nicholas-ashley-moore-as-a-person-wit.pdf,companies/09869494_alpha-alternatives-uk-limited/docs/2021-06-07_PSC07_cessation-of-nicholas-ashley-moore-as-a-person-wit.txt
09869494,ALPHA ALTERNATIVES UK LIMITED,2021-06-18,MA,companies/09869494_alpha-alternatives-uk-limited/docs/2021-06-18_MA_memorandum-and-articles-of-association.pdf,companies/09869494_alpha-alternatives-uk-limited/docs/2021-06-18_MA_memorandum-and-articles-of-association.txt
09869494,ALPHA ALTERNATIVES UK LIMITED,2021-06-18,RESOLUTIONS,companies/09869494_alpha-alternatives-uk-limited/docs/2021-06-18_RESOLUTIONS_resolutions-res01-resolution-of-adoption-of-articl.pdf,companies/09869494_alpha-alternatives-uk-limited/docs/2021-06-18_RESOLUTIONS_resolutions-res01-resolution-of-adoption-of-articl.txt
09869494,ALPHA ALTERNATIVES UK LIMITED,2021-07-31,AA,companies/09869494_alpha-alternatives-uk-limited/docs/2021-07-31_AA_total-exemption-full-accounts-made-up-to-31-decemb.pdf,companies/09869494_alpha-alternatives-uk-limited/docs/2021-07-31_AA_total-exemption-full-accounts-made-up-to-31-decemb.txt
09869494,ALPHA ALTERNATIVES UK LIMITED,2021-12-13,AA01,companies/09869494_alpha-alternatives-uk-limited/docs/2021-12-13_AA01_current-accounting-period-extended-from-31-decembe.pdf,companies/09869494_alpha-alternatives-uk-limited/docs/2021-12-13_AA01_current-accounting-period-extended-from-31-decembe.txt
09869494,ALPHA ALTERNATIVES UK LIMITED,2021-12-13,CS01,companies/09869494_alpha-alternatives-uk-limited/docs/2021-12-13_CS01_confirmation-statement-made-on-11-november-2021-wi.pdf,companies/09869494_alpha-alternatives-uk-limited/docs/2021-12-13_CS01_confirmation-statement-made-on-11-november-2021-wi.txt
09869494,ALPHA ALTERNATIVES UK LIMITED,2022-03-09,CS01,companies/09869494_alpha-alternatives-uk-limited/docs/2022-03-09_CS01_confirmation-statement-made-on-1-march-2022-with-n.pdf,companies/09869494_alpha-alternatives-uk-limited/docs/2022-03-09_CS01_confirmation-statement-made-on-1-march-2022-with-n.txt
09869494,ALPHA ALTERNATIVES UK LIMITED,2022-10-26,AA,companies/09869494_alpha-alternatives-uk-limited/docs/2022-10-26_AA_full-accounts-made-up-to-31-march-2022.pdf,companies/09869494_alpha-alternatives-uk-limited/docs/2022-10-26_AA_full-accounts-made-up-to-31-march-2022.txt
09869494,ALPHA ALTERNATIVES UK LIMITED,2023-03-10,PSC02,companies/09869494_alpha-alternatives-uk-limited/docs/2023-03-10_PSC02_notification-of-alpha-financial-markets-consulting.pdf,companies/09869494_alpha-alternatives-uk-limited/docs/2023-03-10_PSC02_notification-of-alpha-financial-markets-consulting.txt
09869494,ALPHA ALTERNATIVES UK LIMITED,2023-03-10,PSC07,companies/09869494_alpha-alternatives-uk-limited/docs/2023-03-10_PSC07_cessation-of-alpha-financial-markets-consulting-pl.pdf,companies/09869494_alpha-alternatives-uk-limited/docs/2023-03-10_PSC07_cessation-of-alpha-financial-markets-consulting-pl.txt
09869494,ALPHA ALTERNATIVES UK LIMITED,2023-03-13,CS01,companies/09869494_alpha-alternatives-uk-limited/docs/2023-03-13_CS01_confirmation-statement-made-on-1-march-2023-with-n.pdf,companies/09869494_alpha-alternatives-uk-limited/docs/2023-03-13_CS01_confirmation-statement-made-on-1-march-2023-with-n.txt
09869494,ALPHA ALTERNATIVES UK LIMITED,2023-05-20,RP04CS01,companies/09869494_alpha-alternatives-uk-limited/docs/2023-05-20_RP04CS01_second-filing-of-confirmation-statement-dated-11-n.pdf,companies/09869494_alpha-alternatives-uk-limited/docs/2023-05-20_RP04CS01_second-filing-of-confirmation-statement-dated-11-n.txt
09869494,ALPHA ALTERNATIVES UK LIMITED,2023-11-20,AA,companies/09869494_alpha-alternatives-uk-limited/docs/2023-11-20_AA_full-accounts-made-up-to-31-march-2023.pdf,companies/09869494_alpha-alternatives-uk-limited/docs/2023-11-20_AA_full-accounts-made-up-to-31-march-2023.txt
09869494,ALPHA ALTERNATIVES UK LIMITED,2024-03-01,CS01,companies/09869494_alpha-alternatives-uk-limited/docs/2024-03-01_CS01_confirmation-statement-made-on-1-march-2024-with-n.pdf,companies/09869494_alpha-alternatives-uk-limited/docs/2024-03-01_CS01_confirmation-statement-made-on-1-march-2024-with-n.txt
09869494,ALPHA ALTERNATIVES UK LIMITED,2024-09-26,PSC02,companies/09869494_alpha-alternatives-uk-limited/docs/2024-09-26_PSC02_notification-of-actium-midco-3-uk-limited-as-a-per.pdf,companies/09869494_alpha-alternatives-uk-limited/docs/2024-09-26_PSC02_notification-of-actium-midco-3-uk-limited-as-a-per.txt
09869494,ALPHA ALTERNATIVES UK LIMITED,2024-09-26,PSC07,companies/09869494_alpha-alternatives-uk-limited/docs/2024-09-26_PSC07_cessation-of-alpha-financial-markets-consulting-gr.pdf,companies/09869494_alpha-alternatives-uk-limited/docs/2024-09-26_PSC07_cessation-of-alpha-financial-markets-consulting-gr.txt
09869494,ALPHA ALTERNATIVES UK LIMITED,2024-12-23,AA,companies/09869494_alpha-alternatives-uk-limited/docs/2024-12-23_AA_full-accounts-made-up-to-31-march-2024.pdf,companies/09869494_alpha-alternatives-uk-limited/docs/2024-12-23_AA_full-accounts-made-up-to-31-march-2024.txt
09869494,ALPHA ALTERNATIVES UK LIMITED,2025-03-07,CS01,companies/09869494_alpha-alternatives-uk-limited/docs/2025-03-07_CS01_confirmation-statement-made-on-1-march-2025-with-n.pdf,companies/09869494_alpha-alternatives-uk-limited/docs/2025-03-07_CS01_confirmation-statement-made-on-1-march-2025-with-n.txt
09869494,ALPHA ALTERNATIVES UK LIMITED,2025-10-29,AGREEMENT2,companies/09869494_alpha-alternatives-uk-limited/docs/2025-10-29_AGREEMENT2_notice-of-agreement-to-exemption-from-audit-of-acc.pdf,companies/09869494_alpha-alternatives-uk-limited/docs/2025-10-29_AGREEMENT2_notice-of-agreement-to-exemption-from-audit-of-acc.txt
09869494,ALPHA ALTERNATIVES UK LIMITED,2025-10-29,GUARANTEE2,companies/09869494_alpha-alternatives-uk-limited/docs/2025-10-29_GUARANTEE2_audit-exemption-statement-of-guarantee-by-parent-c.pdf,companies/09869494_alpha-alternatives-uk-limited/docs/2025-10-29_GUARANTEE2_audit-exemption-statement-of-guarantee-by-parent-c.txt
09869494,ALPHA ALTERNATIVES UK LIMITED,2025-10-29,PARENT-ACC,companies/09869494_alpha-alternatives-uk-limited/docs/2025-10-29_PARENT-ACC_consolidated-accounts-of-parent-company-for-subsid.pdf,companies/09869494_alpha-alternatives-uk-limited/docs/2025-10-29_PARENT-ACC_consolidated-accounts-of-parent-company-for-subsid.txt
09869494,ALPHA ALTERNATIVES UK LIMITED,2025-10-29,PARENT,companies/09869494_alpha-alternatives-uk-limited/docs/2025-10-29_PARENT_ACC_consolidated-accounts-of-parent-company-for-subsid.pdf,companies/09869494_alpha-alternatives-uk-limited/docs/2025-10-29_PARENT_ACC_consolidated-accounts-of-parent-company-for-subsid.txt
09869494,ALPHA ALTERNATIVES UK LIMITED,2025-12-18,CERTNM,companies/09869494_alpha-alternatives-uk-limited/docs/2025-12-18_CERTNM_company-name-changed-lionpoint-group-uk-limited-ce.pdf,companies/09869494_alpha-alternatives-uk-limited/docs/2025-12-18_CERTNM_company-name-changed-lionpoint-group-uk-limited-ce.txt
09869494,ALPHA ALTERNATIVES UK LIMITED,2026-01-08,AA,companies/09869494_alpha-alternatives-uk-limited/docs/2026-01-08_AA_audit-exemption-subsidiary-accounts-made-up-to-31-.pdf,companies/09869494_alpha-alternatives-uk-limited/docs/2026-01-08_AA_audit-exemption-subsidiary-accounts-made-up-to-31-.txt
09869494,ALPHA ALTERNATIVES UK LIMITED,2026-03-12,CS01,companies/09869494_alpha-alternatives-uk-limited/docs/2026-03-12_CS01_confirmation-statement-made-on-1-march-2026-with-u.pdf,companies/09869494_alpha-alternatives-uk-limited/docs/2026-03-12_CS01_confirmation-statement-made-on-1-march-2026-with-u.txt
09869494,ALPHA ALTERNATIVES UK LIMITED,2026-08-06,AGREEMENT2,companies/09869494_alpha-alternatives-uk-limited/docs/2026-08-06_AGREEMENT2_notice-of-agreement-to-exemption-from-audit-of-acc.pdf,companies/09869494_alpha-alternatives-uk-limited/docs/2026-08-06_AGREEMENT2_notice-of-agreement-to-exemption-from-audit-of-acc.txt
09869494,ALPHA ALTERNATIVES UK LIMITED,2026-08-06,GUARANTEE2,companies/09869494_alpha-alternatives-uk-limited/docs/2026-08-06_GUARANTEE2_audit-exemption-statement-of-guarantee-by-parent-c.pdf,companies/09869494_alpha-alternatives-uk-limited/docs/2026-08-06_GUARANTEE2_audit-exemption-statement-of-guarantee-by-parent-c.txt
09869494,ALPHA ALTERNATIVES UK LIMITED,2026-08-06,PARENT-ACC,companies/09869494_alpha-alternatives-uk-limited/docs/2026-08-06_PARENT-ACC_consolidated-accounts-of-parent-company-for-subsid.pdf,companies/09869494_alpha-alternatives-uk-limited/docs/2026-08-06_PARENT-ACC_consolidated-accounts-of-parent-company-for-subsid.txt
09869494,ALPHA ALTERNATIVES UK LIMITED,2026-08-06,PARENT,companies/09869494_alpha-alternatives-uk-limited/docs/2026-08-06_PARENT_ACC_consolidated-accounts-of-parent-company-for-subsid.pdf,companies/09869494_alpha-alternatives-uk-limited/docs/2026-08-06_PARENT_ACC_consolidated-accounts-of-parent-company-for-subsid.txt
09928343,ALPHA FMC BIDCO LIMITED,2015-12-23,NEWINC,companies/09928343_alpha-fmc-bidco-limited/docs/2015-12-23_NEWINC_incorporation.pdf,companies/09928343_alpha-fmc-bidco-limited/docs/2015-12-23_NEWINC_incorporation.txt
09928343,ALPHA FMC BIDCO LIMITED,2016-01-11,CERTNM,companies/09928343_alpha-fmc-bidco-limited/docs/2016-01-11_CERTNM_company-name-changed-dmwsl-816-limited-certificate.pdf,companies/09928343_alpha-fmc-bidco-limited/docs/2016-01-11_CERTNM_company-name-changed-dmwsl-816-limited-certificate.txt
09928343,ALPHA FMC BIDCO LIMITED,2016-02-06,MR01,companies/09928343_alpha-fmc-bidco-limited/docs/2016-02-06_MR01_registration-of-charge-099283430001-created-on-3-f.pdf,companies/09928343_alpha-fmc-bidco-limited/docs/2016-02-06_MR01_registration-of-charge-099283430001-created-on-3-f.txt
09928343,ALPHA FMC BIDCO LIMITED,2016-02-12,MR01,companies/09928343_alpha-fmc-bidco-limited/docs/2016-02-12_MR01_registration-of-charge-099283430002-created-on-3-f.pdf,companies/09928343_alpha-fmc-bidco-limited/docs/2016-02-12_MR01_registration-of-charge-099283430002-created-on-3-f.txt
09928343,ALPHA FMC BIDCO LIMITED,2016-02-19,AA01,companies/09928343_alpha-fmc-bidco-limited/docs/2016-02-19_AA01_current-accounting-period-extended-from-31-decembe.pdf,companies/09928343_alpha-fmc-bidco-limited/docs/2016-02-19_AA01_current-accounting-period-extended-from-31-decembe.txt
09928343,ALPHA FMC BIDCO LIMITED,2016-02-19,RESOLUTIONS,companies/09928343_alpha-fmc-bidco-limited/docs/2016-02-19_RESOLUTIONS_resolutions-res01-resolution-of-adoption-of-articl.pdf,companies/09928343_alpha-fmc-bidco-limited/docs/2016-02-19_RESOLUTIONS_resolutions-res01-resolution-of-adoption-of-articl.txt
09928343,ALPHA FMC BIDCO LIMITED,2016-02-19,SH01,companies/09928343_alpha-fmc-bidco-limited/docs/2016-02-19_SH01_statement-of-capital-following-an-allotment-of-sha.pdf,companies/09928343_alpha-fmc-bidco-limited/docs/2016-02-19_SH01_statement-of-capital-following-an-allotment-of-sha.txt
09928343,ALPHA FMC BIDCO LIMITED,2016-11-23,CONNOT,companies/09928343_alpha-fmc-bidco-limited/docs/2016-11-23_CONNOT_change-of-name-notice.pdf,companies/09928343_alpha-fmc-bidco-limited/docs/2016-11-23_CONNOT_change-of-name-notice.txt
09928343,ALPHA FMC BIDCO LIMITED,2016-11-23,RESOLUTIONS,companies/09928343_alpha-fmc-bidco-limited/docs/2016-11-23_RESOLUTIONS_resolutions-res15-change-company-name-resolution-o.pdf,companies/09928343_alpha-fmc-bidco-limited/docs/2016-11-23_RESOLUTIONS_resolutions-res15-change-company-name-resolution-o.txt
09928343,ALPHA FMC BIDCO LIMITED,2017-02-01,CS01,companies/09928343_alpha-fmc-bidco-limited/docs/2017-02-01_CS01_confirmation-statement-made-on-23-december-2016-wi.pdf,companies/09928343_alpha-fmc-bidco-limited/docs/2017-02-01_CS01_confirmation-statement-made-on-23-december-2016-wi.txt
09928343,ALPHA FMC BIDCO LIMITED,2017-10-25,AA,companies/09928343_alpha-fmc-bidco-limited/docs/2017-10-25_AA_full-accounts-made-up-to-31-march-2017.pdf,companies/09928343_alpha-fmc-bidco-limited/docs/2017-10-25_AA_full-accounts-made-up-to-31-march-2017.txt
09928343,ALPHA FMC BIDCO LIMITED,2017-11-06,MR04,companies/09928343_alpha-fmc-bidco-limited/docs/2017-11-06_MR04_satisfaction-of-charge-099283430001-in-full.pdf,companies/09928343_alpha-fmc-bidco-limited/docs/2017-11-06_MR04_satisfaction-of-charge-099283430001-in-full.txt
09928343,ALPHA FMC BIDCO LIMITED,2017-11-06,MR04,companies/09928343_alpha-fmc-bidco-limited/docs/2017-11-06_MR04_satisfaction-of-charge-099283430002-in-full.pdf,companies/09928343_alpha-fmc-bidco-limited/docs/2017-11-06_MR04_satisfaction-of-charge-099283430002-in-full.txt
09928343,ALPHA FMC BIDCO LIMITED,2018-01-02,CS01,companies/09928343_alpha-fmc-bidco-limited/docs/2018-01-02_CS01_confirmation-statement-made-on-23-december-2017-wi.pdf,companies/09928343_alpha-fmc-bidco-limited/docs/2018-01-02_CS01_confirmation-statement-made-on-23-december-2017-wi.txt
09928343,ALPHA FMC BIDCO LIMITED,2019-01-04,AA,companies/09928343_alpha-fmc-bidco-limited/docs/2019-01-04_AA_full-accounts-made-up-to-31-march-2018.pdf,companies/09928343_alpha-fmc-bidco-limited/docs/2019-01-04_AA_full-accounts-made-up-to-31-march-2018.txt
09928343,ALPHA FMC BIDCO LIMITED,2019-01-04,CS01,companies/09928343_alpha-fmc-bidco-limited/docs/2019-01-04_CS01_confirmation-statement-made-on-23-december-2018-wi.pdf,companies/09928343_alpha-fmc-bidco-limited/docs/2019-01-04_CS01_confirmation-statement-made-on-23-december-2018-wi.txt
09928343,ALPHA FMC BIDCO LIMITED,2019-12-16,CS01,companies/09928343_alpha-fmc-bidco-limited/docs/2019-12-16_CS01_confirmation-statement-made-on-16-december-2019-wi.pdf,companies/09928343_alpha-fmc-bidco-limited/docs/2019-12-16_CS01_confirmation-statement-made-on-16-december-2019-wi.txt
09928343,ALPHA FMC BIDCO LIMITED,2020-03-18,AA,companies/09928343_alpha-fmc-bidco-limited/docs/2020-03-18_AA_full-accounts-made-up-to-31-march-2019.pdf,companies/09928343_alpha-fmc-bidco-limited/docs/2020-03-18_AA_full-accounts-made-up-to-31-march-2019.txt
09928343,ALPHA FMC BIDCO LIMITED,2021-01-15,CS01,companies/09928343_alpha-fmc-bidco-limited/docs/2021-01-15_CS01_confirmation-statement-made-on-16-december-2020-wi.pdf,companies/09928343_alpha-fmc-bidco-limited/docs/2021-01-15_CS01_confirmation-statement-made-on-16-december-2020-wi.txt
09928343,ALPHA FMC BIDCO LIMITED,2021-03-11,AA,companies/09928343_alpha-fmc-bidco-limited/docs/2021-03-11_AA_full-accounts-made-up-to-31-march-2020.pdf,companies/09928343_alpha-fmc-bidco-limited/docs/2021-03-11_AA_full-accounts-made-up-to-31-march-2020.txt
09928343,ALPHA FMC BIDCO LIMITED,2021-12-16,CS01,companies/09928343_alpha-fmc-bidco-limited/docs/2021-12-16_CS01_confirmation-statement-made-on-16-december-2021-wi.pdf,companies/09928343_alpha-fmc-bidco-limited/docs/2021-12-16_CS01_confirmation-statement-made-on-16-december-2021-wi.txt
09928343,ALPHA FMC BIDCO LIMITED,2021-12-22,AA,companies/09928343_alpha-fmc-bidco-limited/docs/2021-12-22_AA_full-accounts-made-up-to-31-march-2021.pdf,companies/09928343_alpha-fmc-bidco-limited/docs/2021-12-22_AA_full-accounts-made-up-to-31-march-2021.txt
09928343,ALPHA FMC BIDCO LIMITED,2022-03-09,CS01,companies/09928343_alpha-fmc-bidco-limited/docs/2022-03-09_CS01_confirmation-statement-made-on-1-march-2022-with-n.pdf,companies/09928343_alpha-fmc-bidco-limited/docs/2022-03-09_CS01_confirmation-statement-made-on-1-march-2022-with-n.txt
09928343,ALPHA FMC BIDCO LIMITED,2022-10-28,AA,companies/09928343_alpha-fmc-bidco-limited/docs/2022-10-28_AA_full-accounts-made-up-to-31-march-2022.pdf,companies/09928343_alpha-fmc-bidco-limited/docs/2022-10-28_AA_full-accounts-made-up-to-31-march-2022.txt
09928343,ALPHA FMC BIDCO LIMITED,2023-03-08,CS01,companies/09928343_alpha-fmc-bidco-limited/docs/2023-03-08_CS01_confirmation-statement-made-on-1-march-2023-with-n.pdf,companies/09928343_alpha-fmc-bidco-limited/docs/2023-03-08_CS01_confirmation-statement-made-on-1-march-2023-with-n.txt
09928343,ALPHA FMC BIDCO LIMITED,2023-10-12,SH01,companies/09928343_alpha-fmc-bidco-limited/docs/2023-10-12_SH01_statement-of-capital-following-an-allotment-of-sha.pdf,companies/09928343_alpha-fmc-bidco-limited/docs/2023-10-12_SH01_statement-of-capital-following-an-allotment-of-sha.txt
09928343,ALPHA FMC BIDCO LIMITED,2023-10-19,CAP-SS,companies/09928343_alpha-fmc-bidco-limited/docs/2023-10-19_CAP-SS_solvency-statement-dated-18-10-23.pdf,companies/09928343_alpha-fmc-bidco-limited/docs/2023-10-19_CAP-SS_solvency-statement-dated-18-10-23.txt
09928343,ALPHA FMC BIDCO LIMITED,2023-10-19,RESOLUTIONS,companies/09928343_alpha-fmc-bidco-limited/docs/2023-10-19_RESOLUTIONS_resolutions-res06-resolution-of-reduction-in-issue.pdf,companies/09928343_alpha-fmc-bidco-limited/docs/2023-10-19_RESOLUTIONS_resolutions-res06-resolution-of-reduction-in-issue.txt
09928343,ALPHA FMC BIDCO LIMITED,2023-10-19,SH01,companies/09928343_alpha-fmc-bidco-limited/docs/2023-10-19_SH01_statement-of-capital-following-an-allotment-of-sha.pdf,companies/09928343_alpha-fmc-bidco-limited/docs/2023-10-19_SH01_statement-of-capital-following-an-allotment-of-sha.txt
09928343,ALPHA FMC BIDCO LIMITED,2023-10-19,SH19,companies/09928343_alpha-fmc-bidco-limited/docs/2023-10-19_SH19_statement-of-capital-on-19-october-2023-gbp-1.pdf,companies/09928343_alpha-fmc-bidco-limited/docs/2023-10-19_SH19_statement-of-capital-on-19-october-2023-gbp-1.txt
09928343,ALPHA FMC BIDCO LIMITED,2023-10-19,SH20,companies/09928343_alpha-fmc-bidco-limited/docs/2023-10-19_SH20_statement-by-directors.pdf,companies/09928343_alpha-fmc-bidco-limited/docs/2023-10-19_SH20_statement-by-directors.txt
09928343,ALPHA FMC BIDCO LIMITED,2023-10-25,SH02,companies/09928343_alpha-fmc-bidco-limited/docs/2023-10-25_SH02_statement-of-capital-on-11-october-2023-gbp-20-007.pdf,companies/09928343_alpha-fmc-bidco-limited/docs/2023-10-25_SH02_statement-of-capital-on-11-october-2023-gbp-20-007.txt
09928343,ALPHA FMC BIDCO LIMITED,2023-11-17,AA,companies/09928343_alpha-fmc-bidco-limited/docs/2023-11-17_AA_full-accounts-made-up-to-31-march-2023.pdf,companies/09928343_alpha-fmc-bidco-limited/docs/2023-11-17_AA_full-accounts-made-up-to-31-march-2023.txt
09928343,ALPHA FMC BIDCO LIMITED,2023-11-27,PSC02,companies/09928343_alpha-fmc-bidco-limited/docs/2023-11-27_PSC02_notification-of-alpha-financial-markets-consulting.pdf,companies/09928343_alpha-fmc-bidco-limited/docs/2023-11-27_PSC02_notification-of-alpha-financial-markets-consulting.txt
09928343,ALPHA FMC BIDCO LIMITED,2023-11-27,PSC07,companies/09928343_alpha-fmc-bidco-limited/docs/2023-11-27_PSC07_cessation-of-alpha-fmc-midco-2-limited-as-a-person.pdf,companies/09928343_alpha-fmc-bidco-limited/docs/2023-11-27_PSC07_cessation-of-alpha-fmc-midco-2-limited-as-a-person.txt
09928343,ALPHA FMC BIDCO LIMITED,2024-03-01,CS01,companies/09928343_alpha-fmc-bidco-limited/docs/2024-03-01_CS01_confirmation-statement-made-on-1-march-2024-with-u.pdf,companies/09928343_alpha-fmc-bidco-limited/docs/2024-03-01_CS01_confirmation-statement-made-on-1-march-2024-with-u.txt
09928343,ALPHA FMC BIDCO LIMITED,2024-12-23,AA,companies/09928343_alpha-fmc-bidco-limited/docs/2024-12-23_AA_full-accounts-made-up-to-31-march-2024.pdf,companies/09928343_alpha-fmc-bidco-limited/docs/2024-12-23_AA_full-accounts-made-up-to-31-march-2024.txt
09928343,ALPHA FMC BIDCO LIMITED,2025-03-07,CS01,companies/09928343_alpha-fmc-bidco-limited/docs/2025-03-07_CS01_confirmation-statement-made-on-1-march-2025-with-u.pdf,companies/09928343_alpha-fmc-bidco-limited/docs/2025-03-07_CS01_confirmation-statement-made-on-1-march-2025-with-u.txt
09928343,ALPHA FMC BIDCO LIMITED,2025-03-07,PSC05,companies/09928343_alpha-fmc-bidco-limited/docs/2025-03-07_PSC05_change-of-details-for-alpha-financial-markets-cons.pdf,companies/09928343_alpha-fmc-bidco-limited/docs/2025-03-07_PSC05_change-of-details-for-alpha-financial-markets-cons.txt
09928343,ALPHA FMC BIDCO LIMITED,2025-10-29,AGREEMENT2,companies/09928343_alpha-fmc-bidco-limited/docs/2025-10-29_AGREEMENT2_notice-of-agreement-to-exemption-from-audit-of-acc.pdf,companies/09928343_alpha-fmc-bidco-limited/docs/2025-10-29_AGREEMENT2_notice-of-agreement-to-exemption-from-audit-of-acc.txt
09928343,ALPHA FMC BIDCO LIMITED,2025-10-29,GUARANTEE2,companies/09928343_alpha-fmc-bidco-limited/docs/2025-10-29_GUARANTEE2_audit-exemption-statement-of-guarantee-by-parent-c.pdf,companies/09928343_alpha-fmc-bidco-limited/docs/2025-10-29_GUARANTEE2_audit-exemption-statement-of-guarantee-by-parent-c.txt
09928343,ALPHA FMC BIDCO LIMITED,2025-10-29,PARENT,companies/09928343_alpha-fmc-bidco-limited/docs/2025-10-29_PARENT_ACC_consolidated-accounts-of-parent-company-for-subsid.pdf,companies/09928343_alpha-fmc-bidco-limited/docs/2025-10-29_PARENT_ACC_consolidated-accounts-of-parent-company-for-subsid.txt
09928343,ALPHA FMC BIDCO LIMITED,2026-01-08,AA,companies/09928343_alpha-fmc-bidco-limited/docs/2026-01-08_AA_audit-exemption-subsidiary-accounts-made-up-to-31-.pdf,companies/09928343_alpha-fmc-bidco-limited/docs/2026-01-08_AA_audit-exemption-subsidiary-accounts-made-up-to-31-.txt
09928343,ALPHA FMC BIDCO LIMITED,2026-03-12,CS01,companies/09928343_alpha-fmc-bidco-limited/docs/2026-03-12_CS01_confirmation-statement-made-on-1-march-2026-with-n.pdf,companies/09928343_alpha-fmc-bidco-limited/docs/2026-03-12_CS01_confirmation-statement-made-on-1-march-2026-with-n.txt
09928343,ALPHA FMC BIDCO LIMITED,2026-08-06,AGREEMENT2,companies/09928343_alpha-fmc-bidco-limited/docs/2026-08-06_AGREEMENT2_notice-of-agreement-to-exemption-from-audit-of-acc.pdf,companies/09928343_alpha-fmc-bidco-limited/docs/2026-08-06_AGREEMENT2_notice-of-agreement-to-exemption-from-audit-of-acc.txt
09928343,ALPHA FMC BIDCO LIMITED,2026-08-06,GUARANTEE2,companies/09928343_alpha-fmc-bidco-limited/docs/2026-08-06_GUARANTEE2_audit-exemption-statement-of-guarantee-by-parent-c.pdf,companies/09928343_alpha-fmc-bidco-limited/docs/2026-08-06_GUARANTEE2_audit-exemption-statement-of-guarantee-by-parent-c.txt
09928343,ALPHA FMC BIDCO LIMITED,2026-08-06,PARENT,companies/09928343_alpha-fmc-bidco-limited/docs/2026-08-06_PARENT_ACC_consolidated-accounts-of-parent-company-for-subsid.pdf,companies/09928343_alpha-fmc-bidco-limited/docs/2026-08-06_PARENT_ACC_consolidated-accounts-of-parent-company-for-subsid.txt
09928345,ALPHA FMC MIDCO LIMITED,2015-12-23,NEWINC,companies/09928345_alpha-fmc-midco-limited/docs/2015-12-23_NEWINC_incorporation-statement-of-capital-on-2015-12-23-g.pdf,companies/09928345_alpha-fmc-midco-limited/docs/2015-12-23_NEWINC_incorporation-statement-of-capital-on-2015-12-23-g.txt
09928345,ALPHA FMC MIDCO LIMITED,2016-01-11,CERTNM,companies/09928345_alpha-fmc-midco-limited/docs/2016-01-11_CERTNM_company-name-changed-dmwsl-815-limited-certificate.pdf,companies/09928345_alpha-fmc-midco-limited/docs/2016-01-11_CERTNM_company-name-changed-dmwsl-815-limited-certificate.txt
09928345,ALPHA FMC MIDCO LIMITED,2016-02-19,AA01,companies/09928345_alpha-fmc-midco-limited/docs/2016-02-19_AA01_current-accounting-period-extended-from-31-decembe.pdf,companies/09928345_alpha-fmc-midco-limited/docs/2016-02-19_AA01_current-accounting-period-extended-from-31-decembe.txt
09928345,ALPHA FMC MIDCO LIMITED,2016-02-19,RESOLUTIONS,companies/09928345_alpha-fmc-midco-limited/docs/2016-02-19_RESOLUTIONS_resolutions-res01-resolution-of-adoption-of-articl.pdf,companies/09928345_alpha-fmc-midco-limited/docs/2016-02-19_RESOLUTIONS_resolutions-res01-resolution-of-adoption-of-articl.txt
09928345,ALPHA FMC MIDCO LIMITED,2016-02-19,SH01,companies/09928345_alpha-fmc-midco-limited/docs/2016-02-19_SH01_statement-of-capital-following-an-allotment-of-sha.pdf,companies/09928345_alpha-fmc-midco-limited/docs/2016-02-19_SH01_statement-of-capital-following-an-allotment-of-sha.txt
09928345,ALPHA FMC MIDCO LIMITED,2016-02-19,SH08,companies/09928345_alpha-fmc-midco-limited/docs/2016-02-19_SH08_change-of-share-class-name-or-designation.pdf,companies/09928345_alpha-fmc-midco-limited/docs/2016-02-19_SH08_change-of-share-class-name-or-designation.txt
09928345,ALPHA FMC MIDCO LIMITED,2016-02-19,SH10,companies/09928345_alpha-fmc-midco-limited/docs/2016-02-19_SH10_particulars-of-variation-of-rights-attached-to-sha.pdf,companies/09928345_alpha-fmc-midco-limited/docs/2016-02-19_SH10_particulars-of-variation-of-rights-attached-to-sha.txt
09928345,ALPHA FMC MIDCO LIMITED,2016-11-23,CONNOT,companies/09928345_alpha-fmc-midco-limited/docs/2016-11-23_CONNOT_change-of-name-notice.pdf,companies/09928345_alpha-fmc-midco-limited/docs/2016-11-23_CONNOT_change-of-name-notice.txt
09928345,ALPHA FMC MIDCO LIMITED,2016-11-23,RESOLUTIONS,companies/09928345_alpha-fmc-midco-limited/docs/2016-11-23_RESOLUTIONS_resolutions-res15-change-company-name-resolution-o.pdf,companies/09928345_alpha-fmc-midco-limited/docs/2016-11-23_RESOLUTIONS_resolutions-res15-change-company-name-resolution-o.txt
09928345,ALPHA FMC MIDCO LIMITED,2017-02-01,CS01,companies/09928345_alpha-fmc-midco-limited/docs/2017-02-01_CS01_confirmation-statement-made-on-23-december-2016-wi.pdf,companies/09928345_alpha-fmc-midco-limited/docs/2017-02-01_CS01_confirmation-statement-made-on-23-december-2016-wi.txt
09928345,ALPHA FMC MIDCO LIMITED,2017-10-10,AA,companies/09928345_alpha-fmc-midco-limited/docs/2017-10-10_AA_full-accounts-made-up-to-31-march-2017.pdf,companies/09928345_alpha-fmc-midco-limited/docs/2017-10-10_AA_full-accounts-made-up-to-31-march-2017.txt
09928345,ALPHA FMC MIDCO LIMITED,2018-01-02,CS01,companies/09928345_alpha-fmc-midco-limited/docs/2018-01-02_CS01_confirmation-statement-made-on-23-december-2017-wi.pdf,companies/09928345_alpha-fmc-midco-limited/docs/2018-01-02_CS01_confirmation-statement-made-on-23-december-2017-wi.txt
09928345,ALPHA FMC MIDCO LIMITED,2019-01-04,AA,companies/09928345_alpha-fmc-midco-limited/docs/2019-01-04_AA_full-accounts-made-up-to-31-march-2018.pdf,companies/09928345_alpha-fmc-midco-limited/docs/2019-01-04_AA_full-accounts-made-up-to-31-march-2018.txt
09928345,ALPHA FMC MIDCO LIMITED,2019-01-04,CS01,companies/09928345_alpha-fmc-midco-limited/docs/2019-01-04_CS01_confirmation-statement-made-on-23-december-2018-wi.pdf,companies/09928345_alpha-fmc-midco-limited/docs/2019-01-04_CS01_confirmation-statement-made-on-23-december-2018-wi.txt
09928345,ALPHA FMC MIDCO LIMITED,2019-12-16,CS01,companies/09928345_alpha-fmc-midco-limited/docs/2019-12-16_CS01_confirmation-statement-made-on-16-december-2019-wi.pdf,companies/09928345_alpha-fmc-midco-limited/docs/2019-12-16_CS01_confirmation-statement-made-on-16-december-2019-wi.txt
09928345,ALPHA FMC MIDCO LIMITED,2020-03-03,GAZ1,companies/09928345_alpha-fmc-midco-limited/docs/2020-03-03_GAZ1_first-gazette-notice-for-compulsory-strike-off.pdf,companies/09928345_alpha-fmc-midco-limited/docs/2020-03-03_GAZ1_first-gazette-notice-for-compulsory-strike-off.txt
09928345,ALPHA FMC MIDCO LIMITED,2020-03-11,AA,companies/09928345_alpha-fmc-midco-limited/docs/2020-03-11_AA_full-accounts-made-up-to-31-march-2019.pdf,companies/09928345_alpha-fmc-midco-limited/docs/2020-03-11_AA_full-accounts-made-up-to-31-march-2019.txt
09928345,ALPHA FMC MIDCO LIMITED,2020-03-14,DISS40,companies/09928345_alpha-fmc-midco-limited/docs/2020-03-14_DISS40_compulsory-strike-off-action-has-been-discontinued.pdf,companies/09928345_alpha-fmc-midco-limited/docs/2020-03-14_DISS40_compulsory-strike-off-action-has-been-discontinued.txt
09928345,ALPHA FMC MIDCO LIMITED,2021-01-15,CS01,companies/09928345_alpha-fmc-midco-limited/docs/2021-01-15_CS01_confirmation-statement-made-on-16-december-2020-wi.pdf,companies/09928345_alpha-fmc-midco-limited/docs/2021-01-15_CS01_confirmation-statement-made-on-16-december-2020-wi.txt
09928345,ALPHA FMC MIDCO LIMITED,2021-03-01,AA,companies/09928345_alpha-fmc-midco-limited/docs/2021-03-01_AA_full-accounts-made-up-to-31-march-2020.pdf,companies/09928345_alpha-fmc-midco-limited/docs/2021-03-01_AA_full-accounts-made-up-to-31-march-2020.txt
09928345,ALPHA FMC MIDCO LIMITED,2021-12-12,PSC05,companies/09928345_alpha-fmc-midco-limited/docs/2021-12-12_PSC05_change-of-details-for-alpha-fmc-topco-limited-as-a.pdf,companies/09928345_alpha-fmc-midco-limited/docs/2021-12-12_PSC05_change-of-details-for-alpha-fmc-topco-limited-as-a.txt
09928345,ALPHA FMC MIDCO LIMITED,2021-12-16,CS01,companies/09928345_alpha-fmc-midco-limited/docs/2021-12-16_CS01_confirmation-statement-made-on-16-december-2021-wi.pdf,companies/09928345_alpha-fmc-midco-limited/docs/2021-12-16_CS01_confirmation-statement-made-on-16-december-2021-wi.txt
09928345,ALPHA FMC MIDCO LIMITED,2022-01-20,AA,companies/09928345_alpha-fmc-midco-limited/docs/2022-01-20_AA_full-accounts-made-up-to-31-march-2021.pdf,companies/09928345_alpha-fmc-midco-limited/docs/2022-01-20_AA_full-accounts-made-up-to-31-march-2021.txt
09928345,ALPHA FMC MIDCO LIMITED,2022-03-09,CS01,companies/09928345_alpha-fmc-midco-limited/docs/2022-03-09_CS01_confirmation-statement-made-on-1-march-2022-with-n.pdf,companies/09928345_alpha-fmc-midco-limited/docs/2022-03-09_CS01_confirmation-statement-made-on-1-march-2022-with-n.txt
09928345,ALPHA FMC MIDCO LIMITED,2022-11-14,AA,companies/09928345_alpha-fmc-midco-limited/docs/2022-11-14_AA_full-accounts-made-up-to-31-march-2022.pdf,companies/09928345_alpha-fmc-midco-limited/docs/2022-11-14_AA_full-accounts-made-up-to-31-march-2022.txt
09928345,ALPHA FMC MIDCO LIMITED,2023-03-08,CS01,companies/09928345_alpha-fmc-midco-limited/docs/2023-03-08_CS01_confirmation-statement-made-on-1-march-2023-with-n.pdf,companies/09928345_alpha-fmc-midco-limited/docs/2023-03-08_CS01_confirmation-statement-made-on-1-march-2023-with-n.txt
09928345,ALPHA FMC MIDCO LIMITED,2023-10-12,SH01,companies/09928345_alpha-fmc-midco-limited/docs/2023-10-12_SH01_statement-of-capital-following-an-allotment-of-sha-2.pdf,companies/09928345_alpha-fmc-midco-limited/docs/2023-10-12_SH01_statement-of-capital-following-an-allotment-of-sha-2.txt
09928345,ALPHA FMC MIDCO LIMITED,2023-10-12,SH01,companies/09928345_alpha-fmc-midco-limited/docs/2023-10-12_SH01_statement-of-capital-following-an-allotment-of-sha.pdf,companies/09928345_alpha-fmc-midco-limited/docs/2023-10-12_SH01_statement-of-capital-following-an-allotment-of-sha.txt
09928345,ALPHA FMC MIDCO LIMITED,2023-10-17,CAP-SS,companies/09928345_alpha-fmc-midco-limited/docs/2023-10-17_CAP-SS_solvency-statement-dated-11-10-23.pdf,companies/09928345_alpha-fmc-midco-limited/docs/2023-10-17_CAP-SS_solvency-statement-dated-11-10-23.txt
09928345,ALPHA FMC MIDCO LIMITED,2023-10-17,RESOLUTIONS,companies/09928345_alpha-fmc-midco-limited/docs/2023-10-17_RESOLUTIONS_resolutions-res06-resolution-of-reduction-in-issue.pdf,companies/09928345_alpha-fmc-midco-limited/docs/2023-10-17_RESOLUTIONS_resolutions-res06-resolution-of-reduction-in-issue.txt
09928345,ALPHA FMC MIDCO LIMITED,2023-10-17,RESOLUTIONS,companies/09928345_alpha-fmc-midco-limited/docs/2023-10-17_RESOLUTIONS_resolutions-res12-resolution-of-varying-share-righ.pdf,companies/09928345_alpha-fmc-midco-limited/docs/2023-10-17_RESOLUTIONS_resolutions-res12-resolution-of-varying-share-righ.txt
09928345,ALPHA FMC MIDCO LIMITED,2023-10-17,SH19,companies/09928345_alpha-fmc-midco-limited/docs/2023-10-17_SH19_statement-of-capital-on-17-october-2023-gbp-1-00.pdf,companies/09928345_alpha-fmc-midco-limited/docs/2023-10-17_SH19_statement-of-capital-on-17-october-2023-gbp-1-00.txt
09928345,ALPHA FMC MIDCO LIMITED,2023-10-17,SH20,companies/09928345_alpha-fmc-midco-limited/docs/2023-10-17_SH20_statement-by-directors.pdf,companies/09928345_alpha-fmc-midco-limited/docs/2023-10-17_SH20_statement-by-directors.txt
09928345,ALPHA FMC MIDCO LIMITED,2023-10-24,SH02,companies/09928345_alpha-fmc-midco-limited/docs/2023-10-24_SH02_statement-of-capital-on-11-october-2023-gbp-20-007.pdf,companies/09928345_alpha-fmc-midco-limited/docs/2023-10-24_SH02_statement-of-capital-on-11-october-2023-gbp-20-007.txt
09928345,ALPHA FMC MIDCO LIMITED,2023-12-27,600,companies/09928345_alpha-fmc-midco-limited/docs/2023-12-27_600_appointment-of-a-voluntary-liquidator.pdf,companies/09928345_alpha-fmc-midco-limited/docs/2023-12-27_600_appointment-of-a-voluntary-liquidator.txt
09928345,ALPHA FMC MIDCO LIMITED,2023-12-27,LIQ01,companies/09928345_alpha-fmc-midco-limited/docs/2023-12-27_LIQ01_declaration-of-solvency.pdf,companies/09928345_alpha-fmc-midco-limited/docs/2023-12-27_LIQ01_declaration-of-solvency.txt
09928345,ALPHA FMC MIDCO LIMITED,2023-12-27,RESOLUTIONS,companies/09928345_alpha-fmc-midco-limited/docs/2023-12-27_RESOLUTIONS_resolutions-lressp-special-resolution-to-wind-up-o.pdf,companies/09928345_alpha-fmc-midco-limited/docs/2023-12-27_RESOLUTIONS_resolutions-lressp-special-resolution-to-wind-up-o.txt
09928345,ALPHA FMC MIDCO LIMITED,2024-11-14,LIQ13,companies/09928345_alpha-fmc-midco-limited/docs/2024-11-14_LIQ13_return-of-final-meeting-in-a-members-voluntary-win.pdf,companies/09928345_alpha-fmc-midco-limited/docs/2024-11-14_LIQ13_return-of-final-meeting-in-a-members-voluntary-win.txt
09928345,ALPHA FMC MIDCO LIMITED,2025-02-14,GAZ2,companies/09928345_alpha-fmc-midco-limited/docs/2025-02-14_GAZ2_final-gazette-dissolved-following-liquidation.pdf,companies/09928345_alpha-fmc-midco-limited/docs/2025-02-14_GAZ2_final-gazette-dissolved-following-liquidation.txt
09963816,ALPHA FMC MIDCO 2 LIMITED,2016-01-21,NEWINC,companies/09963816_alpha-fmc-midco-2-limited/docs/2016-01-21_NEWINC_incorporation-statement-of-capital-on-2016-01-21-g.pdf,companies/09963816_alpha-fmc-midco-2-limited/docs/2016-01-21_NEWINC_incorporation-statement-of-capital-on-2016-01-21-g.txt
09963816,ALPHA FMC MIDCO 2 LIMITED,2016-02-06,MR01,companies/09963816_alpha-fmc-midco-2-limited/docs/2016-02-06_MR01_registration-of-charge-099638160001-created-on-3-f.pdf,companies/09963816_alpha-fmc-midco-2-limited/docs/2016-02-06_MR01_registration-of-charge-099638160001-created-on-3-f.txt
09963816,ALPHA FMC MIDCO 2 LIMITED,2016-02-12,MR01,companies/09963816_alpha-fmc-midco-2-limited/docs/2016-02-12_MR01_registration-of-charge-099638160002-created-on-3-f.pdf,companies/09963816_alpha-fmc-midco-2-limited/docs/2016-02-12_MR01_registration-of-charge-099638160002-created-on-3-f.txt
09963816,ALPHA FMC MIDCO 2 LIMITED,2016-02-19,RESOLUTIONS,companies/09963816_alpha-fmc-midco-2-limited/docs/2016-02-19_RESOLUTIONS_resolutions-res01-resolution-of-adoption-of-articl.pdf,companies/09963816_alpha-fmc-midco-2-limited/docs/2016-02-19_RESOLUTIONS_resolutions-res01-resolution-of-adoption-of-articl.txt
09963816,ALPHA FMC MIDCO 2 LIMITED,2016-02-19,SH01,companies/09963816_alpha-fmc-midco-2-limited/docs/2016-02-19_SH01_statement-of-capital-following-an-allotment-of-sha.pdf,companies/09963816_alpha-fmc-midco-2-limited/docs/2016-02-19_SH01_statement-of-capital-following-an-allotment-of-sha.txt
09963816,ALPHA FMC MIDCO 2 LIMITED,2016-11-23,CONNOT,companies/09963816_alpha-fmc-midco-2-limited/docs/2016-11-23_CONNOT_change-of-name-notice.pdf,companies/09963816_alpha-fmc-midco-2-limited/docs/2016-11-23_CONNOT_change-of-name-notice.txt
09963816,ALPHA FMC MIDCO 2 LIMITED,2016-11-23,RESOLUTIONS,companies/09963816_alpha-fmc-midco-2-limited/docs/2016-11-23_RESOLUTIONS_resolutions-res15-change-company-name-resolution-o.pdf,companies/09963816_alpha-fmc-midco-2-limited/docs/2016-11-23_RESOLUTIONS_resolutions-res15-change-company-name-resolution-o.txt
09963816,ALPHA FMC MIDCO 2 LIMITED,2017-02-01,CS01,companies/09963816_alpha-fmc-midco-2-limited/docs/2017-02-01_CS01_confirmation-statement-made-on-21-january-2017-wit.pdf,companies/09963816_alpha-fmc-midco-2-limited/docs/2017-02-01_CS01_confirmation-statement-made-on-21-january-2017-wit.txt
09963816,ALPHA FMC MIDCO 2 LIMITED,2017-11-06,MR04,companies/09963816_alpha-fmc-midco-2-limited/docs/2017-11-06_MR04_satisfaction-of-charge-099638160001-in-full.pdf,companies/09963816_alpha-fmc-midco-2-limited/docs/2017-11-06_MR04_satisfaction-of-charge-099638160001-in-full.txt
09963816,ALPHA FMC MIDCO 2 LIMITED,2017-11-06,MR04,companies/09963816_alpha-fmc-midco-2-limited/docs/2017-11-06_MR04_satisfaction-of-charge-099638160002-in-full.pdf,companies/09963816_alpha-fmc-midco-2-limited/docs/2017-11-06_MR04_satisfaction-of-charge-099638160002-in-full.txt
09963816,ALPHA FMC MIDCO 2 LIMITED,2017-11-23,AA,companies/09963816_alpha-fmc-midco-2-limited/docs/2017-11-23_AA_full-accounts-made-up-to-31-january-2017.pdf,companies/09963816_alpha-fmc-midco-2-limited/docs/2017-11-23_AA_full-accounts-made-up-to-31-january-2017.txt
09963816,ALPHA FMC MIDCO 2 LIMITED,2018-02-02,CS01,companies/09963816_alpha-fmc-midco-2-limited/docs/2018-02-02_CS01_confirmation-statement-made-on-21-january-2018-wit.pdf,companies/09963816_alpha-fmc-midco-2-limited/docs/2018-02-02_CS01_confirmation-statement-made-on-21-january-2018-wit.txt
09963816,ALPHA FMC MIDCO 2 LIMITED,2018-06-06,AA01,companies/09963816_alpha-fmc-midco-2-limited/docs/2018-06-06_AA01_previous-accounting-period-extended-from-31-januar.pdf,companies/09963816_alpha-fmc-midco-2-limited/docs/2018-06-06_AA01_previous-accounting-period-extended-from-31-januar.txt
09963816,ALPHA FMC MIDCO 2 LIMITED,2019-01-05,AA,companies/09963816_alpha-fmc-midco-2-limited/docs/2019-01-05_AA_full-accounts-made-up-to-31-march-2018.pdf,companies/09963816_alpha-fmc-midco-2-limited/docs/2019-01-05_AA_full-accounts-made-up-to-31-march-2018.txt
09963816,ALPHA FMC MIDCO 2 LIMITED,2019-02-05,CS01,companies/09963816_alpha-fmc-midco-2-limited/docs/2019-02-05_CS01_confirmation-statement-made-on-21-january-2019-wit.pdf,companies/09963816_alpha-fmc-midco-2-limited/docs/2019-02-05_CS01_confirmation-statement-made-on-21-january-2019-wit.txt
09963816,ALPHA FMC MIDCO 2 LIMITED,2020-01-03,AA,companies/09963816_alpha-fmc-midco-2-limited/docs/2020-01-03_AA_full-accounts-made-up-to-31-march-2019.pdf,companies/09963816_alpha-fmc-midco-2-limited/docs/2020-01-03_AA_full-accounts-made-up-to-31-march-2019.txt
09963816,ALPHA FMC MIDCO 2 LIMITED,2020-01-22,CS01,companies/09963816_alpha-fmc-midco-2-limited/docs/2020-01-22_CS01_confirmation-statement-made-on-21-january-2020-wit.pdf,companies/09963816_alpha-fmc-midco-2-limited/docs/2020-01-22_CS01_confirmation-statement-made-on-21-january-2020-wit.txt
09963816,ALPHA FMC MIDCO 2 LIMITED,2020-12-15,AA,companies/09963816_alpha-fmc-midco-2-limited/docs/2020-12-15_AA_full-accounts-made-up-to-31-march-2020.pdf,companies/09963816_alpha-fmc-midco-2-limited/docs/2020-12-15_AA_full-accounts-made-up-to-31-march-2020.txt
09963816,ALPHA FMC MIDCO 2 LIMITED,2021-01-21,CS01,companies/09963816_alpha-fmc-midco-2-limited/docs/2021-01-21_CS01_confirmation-statement-made-on-21-january-2021-wit.pdf,companies/09963816_alpha-fmc-midco-2-limited/docs/2021-01-21_CS01_confirmation-statement-made-on-21-january-2021-wit.txt
09963816,ALPHA FMC MIDCO 2 LIMITED,2021-02-05,RP04SH01,companies/09963816_alpha-fmc-midco-2-limited/docs/2021-02-05_RP04SH01_second-filing-of-a-statement-of-capital-following-.pdf,companies/09963816_alpha-fmc-midco-2-limited/docs/2021-02-05_RP04SH01_second-filing-of-a-statement-of-capital-following-.txt
09963816,ALPHA FMC MIDCO 2 LIMITED,2021-12-22,AA,companies/09963816_alpha-fmc-midco-2-limited/docs/2021-12-22_AA_full-accounts-made-up-to-31-march-2021.pdf,companies/09963816_alpha-fmc-midco-2-limited/docs/2021-12-22_AA_full-accounts-made-up-to-31-march-2021.txt
09963816,ALPHA FMC MIDCO 2 LIMITED,2022-01-21,CS01,companies/09963816_alpha-fmc-midco-2-limited/docs/2022-01-21_CS01_confirmation-statement-made-on-21-january-2022-wit.pdf,companies/09963816_alpha-fmc-midco-2-limited/docs/2022-01-21_CS01_confirmation-statement-made-on-21-january-2022-wit.txt
09963816,ALPHA FMC MIDCO 2 LIMITED,2022-03-09,CS01,companies/09963816_alpha-fmc-midco-2-limited/docs/2022-03-09_CS01_confirmation-statement-made-on-1-march-2022-with-n.pdf,companies/09963816_alpha-fmc-midco-2-limited/docs/2022-03-09_CS01_confirmation-statement-made-on-1-march-2022-with-n.txt
09963816,ALPHA FMC MIDCO 2 LIMITED,2022-10-26,AA,companies/09963816_alpha-fmc-midco-2-limited/docs/2022-10-26_AA_full-accounts-made-up-to-31-march-2022.pdf,companies/09963816_alpha-fmc-midco-2-limited/docs/2022-10-26_AA_full-accounts-made-up-to-31-march-2022.txt
09963816,ALPHA FMC MIDCO 2 LIMITED,2023-03-08,CS01,companies/09963816_alpha-fmc-midco-2-limited/docs/2023-03-08_CS01_confirmation-statement-made-on-1-march-2023-with-n.pdf,companies/09963816_alpha-fmc-midco-2-limited/docs/2023-03-08_CS01_confirmation-statement-made-on-1-march-2023-with-n.txt
09963816,ALPHA FMC MIDCO 2 LIMITED,2023-10-12,SH01,companies/09963816_alpha-fmc-midco-2-limited/docs/2023-10-12_SH01_statement-of-capital-following-an-allotment-of-sha.pdf,companies/09963816_alpha-fmc-midco-2-limited/docs/2023-10-12_SH01_statement-of-capital-following-an-allotment-of-sha.txt
09963816,ALPHA FMC MIDCO 2 LIMITED,2023-10-18,CAP-SS,companies/09963816_alpha-fmc-midco-2-limited/docs/2023-10-18_CAP-SS_solvency-statement-dated-17-10-23.pdf,companies/09963816_alpha-fmc-midco-2-limited/docs/2023-10-18_CAP-SS_solvency-statement-dated-17-10-23.txt
09963816,ALPHA FMC MIDCO 2 LIMITED,2023-10-18,RESOLUTIONS,companies/09963816_alpha-fmc-midco-2-limited/docs/2023-10-18_RESOLUTIONS_resolutions-res01-resolution-of-alteration-of-arti.pdf,companies/09963816_alpha-fmc-midco-2-limited/docs/2023-10-18_RESOLUTIONS_resolutions-res01-resolution-of-alteration-of-arti.txt
09963816,ALPHA FMC MIDCO 2 LIMITED,2023-10-18,RESOLUTIONS,companies/09963816_alpha-fmc-midco-2-limited/docs/2023-10-18_RESOLUTIONS_resolutions-res06-resolution-of-reduction-in-issue.pdf,companies/09963816_alpha-fmc-midco-2-limited/docs/2023-10-18_RESOLUTIONS_resolutions-res06-resolution-of-reduction-in-issue.txt
09963816,ALPHA FMC MIDCO 2 LIMITED,2023-10-18,SH01,companies/09963816_alpha-fmc-midco-2-limited/docs/2023-10-18_SH01_statement-of-capital-following-an-allotment-of-sha.pdf,companies/09963816_alpha-fmc-midco-2-limited/docs/2023-10-18_SH01_statement-of-capital-following-an-allotment-of-sha.txt
09963816,ALPHA FMC MIDCO 2 LIMITED,2023-10-18,SH19,companies/09963816_alpha-fmc-midco-2-limited/docs/2023-10-18_SH19_statement-of-capital-on-18-october-2023-gbp-1-00.pdf,companies/09963816_alpha-fmc-midco-2-limited/docs/2023-10-18_SH19_statement-of-capital-on-18-october-2023-gbp-1-00.txt
09963816,ALPHA FMC MIDCO 2 LIMITED,2023-10-18,SH20,companies/09963816_alpha-fmc-midco-2-limited/docs/2023-10-18_SH20_statement-by-directors.pdf,companies/09963816_alpha-fmc-midco-2-limited/docs/2023-10-18_SH20_statement-by-directors.txt
09963816,ALPHA FMC MIDCO 2 LIMITED,2023-10-24,RESOLUTIONS,companies/09963816_alpha-fmc-midco-2-limited/docs/2023-10-24_RESOLUTIONS_resolutions-res11-resolution-of-removal-of-pre-emp.pdf,companies/09963816_alpha-fmc-midco-2-limited/docs/2023-10-24_RESOLUTIONS_resolutions-res11-resolution-of-removal-of-pre-emp.txt
09963816,ALPHA FMC MIDCO 2 LIMITED,2023-10-24,SH02,companies/09963816_alpha-fmc-midco-2-limited/docs/2023-10-24_SH02_statement-of-capital-on-11-october-2022-gbp-20-007.pdf,companies/09963816_alpha-fmc-midco-2-limited/docs/2023-10-24_SH02_statement-of-capital-on-11-october-2022-gbp-20-007.txt
09963816,ALPHA FMC MIDCO 2 LIMITED,2023-11-27,PSC02,companies/09963816_alpha-fmc-midco-2-limited/docs/2023-11-27_PSC02_notification-of-alpha-financial-markets-consulting.pdf,companies/09963816_alpha-fmc-midco-2-limited/docs/2023-11-27_PSC02_notification-of-alpha-financial-markets-consulting.txt
09963816,ALPHA FMC MIDCO 2 LIMITED,2023-11-27,PSC07,companies/09963816_alpha-fmc-midco-2-limited/docs/2023-11-27_PSC07_cessation-of-alpha-fmc-midco-limited-as-a-person-w.pdf,companies/09963816_alpha-fmc-midco-2-limited/docs/2023-11-27_PSC07_cessation-of-alpha-fmc-midco-limited-as-a-person-w.txt
09963816,ALPHA FMC MIDCO 2 LIMITED,2023-12-22,600,companies/09963816_alpha-fmc-midco-2-limited/docs/2023-12-22_600_appointment-of-a-voluntary-liquidator.pdf,companies/09963816_alpha-fmc-midco-2-limited/docs/2023-12-22_600_appointment-of-a-voluntary-liquidator.txt
09963816,ALPHA FMC MIDCO 2 LIMITED,2023-12-22,LIQ01,companies/09963816_alpha-fmc-midco-2-limited/docs/2023-12-22_LIQ01_declaration-of-solvency.pdf,companies/09963816_alpha-fmc-midco-2-limited/docs/2023-12-22_LIQ01_declaration-of-solvency.txt
09963816,ALPHA FMC MIDCO 2 LIMITED,2023-12-22,RESOLUTIONS,companies/09963816_alpha-fmc-midco-2-limited/docs/2023-12-22_RESOLUTIONS_resolutions-lressp-special-resolution-to-wind-up-o.pdf,companies/09963816_alpha-fmc-midco-2-limited/docs/2023-12-22_RESOLUTIONS_resolutions-lressp-special-resolution-to-wind-up-o.txt
09963816,ALPHA FMC MIDCO 2 LIMITED,2024-11-14,LIQ13,companies/09963816_alpha-fmc-midco-2-limited/docs/2024-11-14_LIQ13_return-of-final-meeting-in-a-members-voluntary-win.pdf,companies/09963816_alpha-fmc-midco-2-limited/docs/2024-11-14_LIQ13_return-of-final-meeting-in-a-members-voluntary-win.txt
09963816,ALPHA FMC MIDCO 2 LIMITED,2025-02-14,GAZ2,companies/09963816_alpha-fmc-midco-2-limited/docs/2025-02-14_GAZ2_final-gazette-dissolved-following-liquidation.pdf,companies/09963816_alpha-fmc-midco-2-limited/docs/2025-02-14_GAZ2_final-gazette-dissolved-following-liquidation.txt
09965297,ACTIUM HOLDINGS LIMITED,2016-01-22,NEWINC,companies/09965297_actium-holdings-limited/docs/2016-01-22_NEWINC_incorporation-statement-of-capital-on-2016-01-22-g.pdf,companies/09965297_actium-holdings-limited/docs/2016-01-22_NEWINC_incorporation-statement-of-capital-on-2016-01-22-g.txt
09965297,ACTIUM HOLDINGS LIMITED,2016-02-19,AA01,companies/09965297_actium-holdings-limited/docs/2016-02-19_AA01_current-accounting-period-extended-from-31-january.pdf,companies/09965297_actium-holdings-limited/docs/2016-02-19_AA01_current-accounting-period-extended-from-31-january.txt
09965297,ACTIUM HOLDINGS LIMITED,2016-02-19,RESOLUTIONS,companies/09965297_actium-holdings-limited/docs/2016-02-19_RESOLUTIONS_resolutions-res01-resolution-of-adoption-of-articl.pdf,companies/09965297_actium-holdings-limited/docs/2016-02-19_RESOLUTIONS_resolutions-res01-resolution-of-adoption-of-articl.txt
09965297,ACTIUM HOLDINGS LIMITED,2016-03-04,SH01,companies/09965297_actium-holdings-limited/docs/2016-03-04_SH01_statement-of-capital-following-an-allotment-of-sha.pdf,companies/09965297_actium-holdings-limited/docs/2016-03-04_SH01_statement-of-capital-following-an-allotment-of-sha.txt
09965297,ACTIUM HOLDINGS LIMITED,2016-09-12,SH01,companies/09965297_actium-holdings-limited/docs/2016-09-12_SH01_statement-of-capital-following-an-allotment-of-sha.pdf,companies/09965297_actium-holdings-limited/docs/2016-09-12_SH01_statement-of-capital-following-an-allotment-of-sha.txt
09965297,ACTIUM HOLDINGS LIMITED,2016-11-23,CONNOT,companies/09965297_actium-holdings-limited/docs/2016-11-23_CONNOT_change-of-name-notice.pdf,companies/09965297_actium-holdings-limited/docs/2016-11-23_CONNOT_change-of-name-notice.txt
09965297,ACTIUM HOLDINGS LIMITED,2016-11-23,RESOLUTIONS,companies/09965297_actium-holdings-limited/docs/2016-11-23_RESOLUTIONS_resolutions-res15-change-company-name-resolution-o.pdf,companies/09965297_actium-holdings-limited/docs/2016-11-23_RESOLUTIONS_resolutions-res15-change-company-name-resolution-o.txt
09965297,ACTIUM HOLDINGS LIMITED,2017-02-15,CS01,companies/09965297_actium-holdings-limited/docs/2017-02-15_CS01_confirmation-statement-made-on-21-january-2017-wit.pdf,companies/09965297_actium-holdings-limited/docs/2017-02-15_CS01_confirmation-statement-made-on-21-january-2017-wit.txt
09965297,ACTIUM HOLDINGS LIMITED,2017-04-04,RESOLUTIONS,companies/09965297_actium-holdings-limited/docs/2017-04-04_RESOLUTIONS_resolutions-res11-resolution-of-removal-of-pre-emp.pdf,companies/09965297_actium-holdings-limited/docs/2017-04-04_RESOLUTIONS_resolutions-res11-resolution-of-removal-of-pre-emp.txt
09965297,ACTIUM HOLDINGS LIMITED,2017-06-13,RESOLUTIONS,companies/09965297_actium-holdings-limited/docs/2017-06-13_RESOLUTIONS_resolutions-res10-resolution-of-allotment-of-secur.pdf,companies/09965297_actium-holdings-limited/docs/2017-06-13_RESOLUTIONS_resolutions-res10-resolution-of-allotment-of-secur.txt
09965297,ACTIUM HOLDINGS LIMITED,2017-07-07,SH01,companies/09965297_actium-holdings-limited/docs/2017-07-07_SH01_statement-of-capital-following-an-allotment-of-sha.pdf,companies/09965297_actium-holdings-limited/docs/2017-07-07_SH01_statement-of-capital-following-an-allotment-of-sha.txt
09965297,ACTIUM HOLDINGS LIMITED,2017-08-22,SH01,companies/09965297_actium-holdings-limited/docs/2017-08-22_SH01_statement-of-capital-following-an-allotment-of-sha.pdf,companies/09965297_actium-holdings-limited/docs/2017-08-22_SH01_statement-of-capital-following-an-allotment-of-sha.txt
09965297,ACTIUM HOLDINGS LIMITED,2017-09-07,SH01,companies/09965297_actium-holdings-limited/docs/2017-09-07_SH01_statement-of-capital-following-an-allotment-of-sha.pdf,companies/09965297_actium-holdings-limited/docs/2017-09-07_SH01_statement-of-capital-following-an-allotment-of-sha.txt
09965297,ACTIUM HOLDINGS LIMITED,2017-10-04,AUDR,companies/09965297_actium-holdings-limited/docs/2017-10-04_AUDR_auditor-s-report.pdf,companies/09965297_actium-holdings-limited/docs/2017-10-04_AUDR_auditor-s-report.txt
09965297,ACTIUM HOLDINGS LIMITED,2017-10-04,AUDS,companies/09965297_actium-holdings-limited/docs/2017-10-04_AUDS_auditor-s-statement.pdf,companies/09965297_actium-holdings-limited/docs/2017-10-04_AUDS_auditor-s-statement.txt
09965297,ACTIUM HOLDINGS LIMITED,2017-10-04,BS,companies/09965297_actium-holdings-limited/docs/2017-10-04_BS_balance-sheet.pdf,companies/09965297_actium-holdings-limited/docs/2017-10-04_BS_balance-sheet.txt
09965297,ACTIUM HOLDINGS LIMITED,2017-10-04,CONNOT,companies/09965297_actium-holdings-limited/docs/2017-10-04_CONNOT_change-of-name-notice.pdf,companies/09965297_actium-holdings-limited/docs/2017-10-04_CONNOT_change-of-name-notice.txt
09965297,ACTIUM HOLDINGS LIMITED,2017-10-04,MAR,companies/09965297_actium-holdings-limited/docs/2017-10-04_MAR_re-registration-of-memorandum-and-articles.pdf,companies/09965297_actium-holdings-limited/docs/2017-10-04_MAR_re-registration-of-memorandum-and-articles.txt
09965297,ACTIUM HOLDINGS LIMITED,2017-10-04,RESOLUTIONS,companies/09965297_actium-holdings-limited/docs/2017-10-04_RESOLUTIONS_resolutions-res02-resolution-of-re-registration.pdf,companies/09965297_actium-holdings-limited/docs/2017-10-04_RESOLUTIONS_resolutions-res02-resolution-of-re-registration.txt
09965297,ACTIUM HOLDINGS LIMITED,2017-10-04,RESOLUTIONS,companies/09965297_actium-holdings-limited/docs/2017-10-04_RESOLUTIONS_resolutions-res15-change-company-name-resolution-o.pdf,companies/09965297_actium-holdings-limited/docs/2017-10-04_RESOLUTIONS_resolutions-res15-change-company-name-resolution-o.txt
09965297,ACTIUM HOLDINGS LIMITED,2017-10-04,RR01,companies/09965297_actium-holdings-limited/docs/2017-10-04_RR01_re-registration-from-a-private-company-to-a-public.pdf,companies/09965297_actium-holdings-limited/docs/2017-10-04_RR01_re-registration-from-a-private-company-to-a-public.txt
09965297,ACTIUM HOLDINGS LIMITED,2017-10-10,SH01,companies/09965297_actium-holdings-limited/docs/2017-10-10_SH01_statement-of-capital-following-an-allotment-of-sha-2.pdf,companies/09965297_actium-holdings-limited/docs/2017-10-10_SH01_statement-of-capital-following-an-allotment-of-sha-2.txt
09965297,ACTIUM HOLDINGS LIMITED,2017-10-10,SH01,companies/09965297_actium-holdings-limited/docs/2017-10-10_SH01_statement-of-capital-following-an-allotment-of-sha.pdf,companies/09965297_actium-holdings-limited/docs/2017-10-10_SH01_statement-of-capital-following-an-allotment-of-sha.txt
09965297,ACTIUM HOLDINGS LIMITED,2017-10-10,SH03,companies/09965297_actium-holdings-limited/docs/2017-10-10_SH03_purchase-of-own-shares.pdf,companies/09965297_actium-holdings-limited/docs/2017-10-10_SH03_purchase-of-own-shares.txt
09965297,ACTIUM HOLDINGS LIMITED,2017-10-10,SH06,companies/09965297_actium-holdings-limited/docs/2017-10-10_SH06_cancellation-of-shares-statement-of-capital-on-26-.pdf,companies/09965297_actium-holdings-limited/docs/2017-10-10_SH06_cancellation-of-shares-statement-of-capital-on-26-.txt
09965297,ACTIUM HOLDINGS LIMITED,2017-10-10,SH08,companies/09965297_actium-holdings-limited/docs/2017-10-10_SH08_change-of-share-class-name-or-designation.pdf,companies/09965297_actium-holdings-limited/docs/2017-10-10_SH08_change-of-share-class-name-or-designation.txt
09965297,ACTIUM HOLDINGS LIMITED,2017-10-10,SH10,companies/09965297_actium-holdings-limited/docs/2017-10-10_SH10_particulars-of-variation-of-rights-attached-to-sha.pdf,companies/09965297_actium-holdings-limited/docs/2017-10-10_SH10_particulars-of-variation-of-rights-attached-to-sha.txt
09965297,ACTIUM HOLDINGS LIMITED,2017-10-11,SH01,companies/09965297_actium-holdings-limited/docs/2017-10-11_SH01_statement-of-capital-following-an-allotment-of-sha.pdf,companies/09965297_actium-holdings-limited/docs/2017-10-11_SH01_statement-of-capital-following-an-allotment-of-sha.txt
09965297,ACTIUM HOLDINGS LIMITED,2017-10-23,RESOLUTIONS,companies/09965297_actium-holdings-limited/docs/2017-10-23_RESOLUTIONS_resolutions-res01-resolution-of-adoption-of-articl.pdf,companies/09965297_actium-holdings-limited/docs/2017-10-23_RESOLUTIONS_resolutions-res01-resolution-of-adoption-of-articl.txt
09965297,ACTIUM HOLDINGS LIMITED,2017-11-27,AA,companies/09965297_actium-holdings-limited/docs/2017-11-27_AA_group-of-companies-accounts-made-up-to-31-march-20.pdf,companies/09965297_actium-holdings-limited/docs/2017-11-27_AA_group-of-companies-accounts-made-up-to-31-march-20.txt
09965297,ACTIUM HOLDINGS LIMITED,2017-11-27,SH01,companies/09965297_actium-holdings-limited/docs/2017-11-27_SH01_statement-of-capital-following-an-allotment-of-sha.pdf,companies/09965297_actium-holdings-limited/docs/2017-11-27_SH01_statement-of-capital-following-an-allotment-of-sha.txt
09965297,ACTIUM HOLDINGS LIMITED,2017-12-07,AA,companies/09965297_actium-holdings-limited/docs/2017-12-07_AA_interim-accounts-made-up-to-3-october-2017.pdf,companies/09965297_actium-holdings-limited/docs/2017-12-07_AA_interim-accounts-made-up-to-3-october-2017.txt
09965297,ACTIUM HOLDINGS LIMITED,2018-02-02,CS01,companies/09965297_actium-holdings-limited/docs/2018-02-02_CS01_confirmation-statement-made-on-21-january-2018-wit.pdf,companies/09965297_actium-holdings-limited/docs/2018-02-02_CS01_confirmation-statement-made-on-21-january-2018-wit.txt
09965297,ACTIUM HOLDINGS LIMITED,2018-02-21,RESOLUTIONS,companies/09965297_actium-holdings-limited/docs/2018-02-21_RESOLUTIONS_resolutions-res10-resolution-of-allotment-of-secur-2.pdf,companies/09965297_actium-holdings-limited/docs/2018-02-21_RESOLUTIONS_resolutions-res10-resolution-of-allotment-of-secur-2.txt
09965297,ACTIUM HOLDINGS LIMITED,2018-02-21,RESOLUTIONS,companies/09965297_actium-holdings-limited/docs/2018-02-21_RESOLUTIONS_resolutions-res10-resolution-of-allotment-of-secur.pdf,companies/09965297_actium-holdings-limited/docs/2018-02-21_RESOLUTIONS_resolutions-res10-resolution-of-allotment-of-secur.txt
09965297,ACTIUM HOLDINGS LIMITED,2018-02-21,RESOLUTIONS,companies/09965297_actium-holdings-limited/docs/2018-02-21_RESOLUTIONS_resolutions-res11-resolution-of-removal-of-pre-emp.pdf,companies/09965297_actium-holdings-limited/docs/2018-02-21_RESOLUTIONS_resolutions-res11-resolution-of-removal-of-pre-emp.txt
09965297,ACTIUM HOLDINGS LIMITED,2018-02-21,SH02,companies/09965297_actium-holdings-limited/docs/2018-02-21_SH02_statement-of-capital-on-11-october-2017-gbp-50-002.pdf,companies/09965297_actium-holdings-limited/docs/2018-02-21_SH02_statement-of-capital-on-11-october-2017-gbp-50-002.txt
09965297,ACTIUM HOLDINGS LIMITED,2018-02-22,SH02,companies/09965297_actium-holdings-limited/docs/2018-02-22_SH02_consolidation-of-shares-on-11-october-2017.pdf,companies/09965297_actium-holdings-limited/docs/2018-02-22_SH02_consolidation-of-shares-on-11-october-2017.txt
09965297,ACTIUM HOLDINGS LIMITED,2018-02-22,SH08,companies/09965297_actium-holdings-limited/docs/2018-02-22_SH08_change-of-share-class-name-or-designation-2.pdf,companies/09965297_actium-holdings-limited/docs/2018-02-22_SH08_change-of-share-class-name-or-designation-2.txt
09965297,ACTIUM HOLDINGS LIMITED,2018-02-22,SH08,companies/09965297_actium-holdings-limited/docs/2018-02-22_SH08_change-of-share-class-name-or-designation-3.pdf,companies/09965297_actium-holdings-limited/docs/2018-02-22_SH08_change-of-share-class-name-or-designation-3.txt
09965297,ACTIUM HOLDINGS LIMITED,2018-02-22,SH08,companies/09965297_actium-holdings-limited/docs/2018-02-22_SH08_change-of-share-class-name-or-designation-4.pdf,companies/09965297_actium-holdings-limited/docs/2018-02-22_SH08_change-of-share-class-name-or-designation-4.txt
09965297,ACTIUM HOLDINGS LIMITED,2018-02-22,SH08,companies/09965297_actium-holdings-limited/docs/2018-02-22_SH08_change-of-share-class-name-or-designation-5.pdf,companies/09965297_actium-holdings-limited/docs/2018-02-22_SH08_change-of-share-class-name-or-designation-5.txt
09965297,ACTIUM HOLDINGS LIMITED,2018-02-22,SH08,companies/09965297_actium-holdings-limited/docs/2018-02-22_SH08_change-of-share-class-name-or-designation-6.pdf,companies/09965297_actium-holdings-limited/docs/2018-02-22_SH08_change-of-share-class-name-or-designation-6.txt
09965297,ACTIUM HOLDINGS LIMITED,2018-02-22,SH08,companies/09965297_actium-holdings-limited/docs/2018-02-22_SH08_change-of-share-class-name-or-designation.pdf,companies/09965297_actium-holdings-limited/docs/2018-02-22_SH08_change-of-share-class-name-or-designation.txt
09965297,ACTIUM HOLDINGS LIMITED,2018-02-26,SH01,companies/09965297_actium-holdings-limited/docs/2018-02-26_SH01_statement-of-capital-following-an-allotment-of-sha-2.pdf,companies/09965297_actium-holdings-limited/docs/2018-02-26_SH01_statement-of-capital-following-an-allotment-of-sha-2.txt
09965297,ACTIUM HOLDINGS LIMITED,2018-02-26,SH01,companies/09965297_actium-holdings-limited/docs/2018-02-26_SH01_statement-of-capital-following-an-allotment-of-sha-3.pdf,companies/09965297_actium-holdings-limited/docs/2018-02-26_SH01_statement-of-capital-following-an-allotment-of-sha-3.txt
09965297,ACTIUM HOLDINGS LIMITED,2018-02-26,SH01,companies/09965297_actium-holdings-limited/docs/2018-02-26_SH01_statement-of-capital-following-an-allotment-of-sha.pdf,companies/09965297_actium-holdings-limited/docs/2018-02-26_SH01_statement-of-capital-following-an-allotment-of-sha.txt
09965297,ACTIUM HOLDINGS LIMITED,2018-02-26,SH02,companies/09965297_actium-holdings-limited/docs/2018-02-26_SH02_consolidation-of-shares-on-11-october-2017.pdf,companies/09965297_actium-holdings-limited/docs/2018-02-26_SH02_consolidation-of-shares-on-11-october-2017.txt
09965297,ACTIUM HOLDINGS LIMITED,2018-02-26,SH02,companies/09965297_actium-holdings-limited/docs/2018-02-26_SH02_statement-of-capital-on-11-october-2017-gbp-50-170.pdf,companies/09965297_actium-holdings-limited/docs/2018-02-26_SH02_statement-of-capital-on-11-october-2017-gbp-50-170.txt
09965297,ACTIUM HOLDINGS LIMITED,2018-02-26,SH02,companies/09965297_actium-holdings-limited/docs/2018-02-26_SH02_statement-of-capital-on-11-october-2017-gbp-59-881.pdf,companies/09965297_actium-holdings-limited/docs/2018-02-26_SH02_statement-of-capital-on-11-october-2017-gbp-59-881.txt
09965297,ACTIUM HOLDINGS LIMITED,2018-03-20,SH02,companies/09965297_actium-holdings-limited/docs/2018-03-20_SH02_consolidation-of-shares-on-11-october-2017.pdf,companies/09965297_actium-holdings-limited/docs/2018-03-20_SH02_consolidation-of-shares-on-11-october-2017.txt
09965297,ACTIUM HOLDINGS LIMITED,2018-03-20,SH02,companies/09965297_actium-holdings-limited/docs/2018-03-20_SH02_sub-division-of-shares-on-11-october-2017-2.pdf,companies/09965297_actium-holdings-limited/docs/2018-03-20_SH02_sub-division-of-shares-on-11-october-2017-2.txt
09965297,ACTIUM HOLDINGS LIMITED,2018-03-20,SH02,companies/09965297_actium-holdings-limited/docs/2018-03-20_SH02_sub-division-of-shares-on-11-october-2017.pdf,companies/09965297_actium-holdings-limited/docs/2018-03-20_SH02_sub-division-of-shares-on-11-october-2017.txt
09965297,ACTIUM HOLDINGS LIMITED,2018-09-11,AA,companies/09965297_actium-holdings-limited/docs/2018-09-11_AA_interim-accounts-made-up-to-30-june-2018.pdf,companies/09965297_actium-holdings-limited/docs/2018-09-11_AA_interim-accounts-made-up-to-30-june-2018.txt
09965297,ACTIUM HOLDINGS LIMITED,2018-09-17,RESOLUTIONS,companies/09965297_actium-holdings-limited/docs/2018-09-17_RESOLUTIONS_resolutions-res11-resolution-of-removal-of-pre-emp.pdf,companies/09965297_actium-holdings-limited/docs/2018-09-17_RESOLUTIONS_resolutions-res11-resolution-of-removal-of-pre-emp.txt
09965297,ACTIUM HOLDINGS LIMITED,2018-09-24,RP04SH01,companies/09965297_actium-holdings-limited/docs/2018-09-24_RP04SH01_second-filing-of-a-statement-of-capital-following-.pdf,companies/09965297_actium-holdings-limited/docs/2018-09-24_RP04SH01_second-filing-of-a-statement-of-capital-following-.txt
09965297,ACTIUM HOLDINGS LIMITED,2018-10-04,AA,companies/09965297_actium-holdings-limited/docs/2018-10-04_AA_group-of-companies-accounts-made-up-to-31-march-20.pdf,companies/09965297_actium-holdings-limited/docs/2018-10-04_AA_group-of-companies-accounts-made-up-to-31-march-20.txt
09965297,ACTIUM HOLDINGS LIMITED,2019-02-04,CS01,companies/09965297_actium-holdings-limited/docs/2019-02-04_CS01_confirmation-statement-made-on-21-january-2019-wit.pdf,companies/09965297_actium-holdings-limited/docs/2019-02-04_CS01_confirmation-statement-made-on-21-january-2019-wit.txt
09965297,ACTIUM HOLDINGS LIMITED,2019-10-30,AA,companies/09965297_actium-holdings-limited/docs/2019-10-30_AA_group-of-companies-accounts-made-up-to-31-march-20.pdf,companies/09965297_actium-holdings-limited/docs/2019-10-30_AA_group-of-companies-accounts-made-up-to-31-march-20.txt
09965297,ACTIUM HOLDINGS LIMITED,2020-01-22,CS01,companies/09965297_actium-holdings-limited/docs/2020-01-22_CS01_confirmation-statement-made-on-21-january-2020-wit.pdf,companies/09965297_actium-holdings-limited/docs/2020-01-22_CS01_confirmation-statement-made-on-21-january-2020-wit.txt
09965297,ACTIUM HOLDINGS LIMITED,2020-09-02,AA,companies/09965297_actium-holdings-limited/docs/2020-09-02_AA_group-of-companies-accounts-made-up-to-31-march-20.pdf,companies/09965297_actium-holdings-limited/docs/2020-09-02_AA_group-of-companies-accounts-made-up-to-31-march-20.txt
09965297,ACTIUM HOLDINGS LIMITED,2020-10-06,RESOLUTIONS,companies/09965297_actium-holdings-limited/docs/2020-10-06_RESOLUTIONS_resolutions-res11-resolution-of-removal-of-pre-emp.pdf,companies/09965297_actium-holdings-limited/docs/2020-10-06_RESOLUTIONS_resolutions-res11-resolution-of-removal-of-pre-emp.txt
09965297,ACTIUM HOLDINGS LIMITED,2021-01-21,CS01,companies/09965297_actium-holdings-limited/docs/2021-01-21_CS01_21-01-21-statement-of-capital-gbp-7648115-550.pdf,companies/09965297_actium-holdings-limited/docs/2021-01-21_CS01_21-01-21-statement-of-capital-gbp-7648115-550.txt
09965297,ACTIUM HOLDINGS LIMITED,2021-06-22,SH01,companies/09965297_actium-holdings-limited/docs/2021-06-22_SH01_statement-of-capital-following-an-allotment-of-sha-2.pdf,companies/09965297_actium-holdings-limited/docs/2021-06-22_SH01_statement-of-capital-following-an-allotment-of-sha-2.txt
09965297,ACTIUM HOLDINGS LIMITED,2021-06-22,SH01,companies/09965297_actium-holdings-limited/docs/2021-06-22_SH01_statement-of-capital-following-an-allotment-of-sha.pdf,companies/09965297_actium-holdings-limited/docs/2021-06-22_SH01_statement-of-capital-following-an-allotment-of-sha.txt
09965297,ACTIUM HOLDINGS LIMITED,2021-07-03,SH03,companies/09965297_actium-holdings-limited/docs/2021-07-03_SH03_purchase-of-own-shares-shares-purchased-into-treas-2.pdf,companies/09965297_actium-holdings-limited/docs/2021-07-03_SH03_purchase-of-own-shares-shares-purchased-into-treas-2.txt
09965297,ACTIUM HOLDINGS LIMITED,2021-07-03,SH03,companies/09965297_actium-holdings-limited/docs/2021-07-03_SH03_purchase-of-own-shares-shares-purchased-into-treas.pdf,companies/09965297_actium-holdings-limited/docs/2021-07-03_SH03_purchase-of-own-shares-shares-purchased-into-treas.txt
09965297,ACTIUM HOLDINGS LIMITED,2021-07-03,SH03,companies/09965297_actium-holdings-limited/docs/2021-07-03_SH03_purchase-of-own-shares.pdf,companies/09965297_actium-holdings-limited/docs/2021-07-03_SH03_purchase-of-own-shares.txt
09965297,ACTIUM HOLDINGS LIMITED,2021-07-19,SH01,companies/09965297_actium-holdings-limited/docs/2021-07-19_SH01_statement-of-capital-following-an-allotment-of-sha-2.pdf,companies/09965297_actium-holdings-limited/docs/2021-07-19_SH01_statement-of-capital-following-an-allotment-of-sha-2.txt
09965297,ACTIUM HOLDINGS LIMITED,2021-07-19,SH01,companies/09965297_actium-holdings-limited/docs/2021-07-19_SH01_statement-of-capital-following-an-allotment-of-sha-3.pdf,companies/09965297_actium-holdings-limited/docs/2021-07-19_SH01_statement-of-capital-following-an-allotment-of-sha-3.txt
09965297,ACTIUM HOLDINGS LIMITED,2021-07-19,SH01,companies/09965297_actium-holdings-limited/docs/2021-07-19_SH01_statement-of-capital-following-an-allotment-of-sha-4.pdf,companies/09965297_actium-holdings-limited/docs/2021-07-19_SH01_statement-of-capital-following-an-allotment-of-sha-4.txt
09965297,ACTIUM HOLDINGS LIMITED,2021-07-19,SH01,companies/09965297_actium-holdings-limited/docs/2021-07-19_SH01_statement-of-capital-following-an-allotment-of-sha.pdf,companies/09965297_actium-holdings-limited/docs/2021-07-19_SH01_statement-of-capital-following-an-allotment-of-sha.txt
09965297,ACTIUM HOLDINGS LIMITED,2021-07-19,SH04,companies/09965297_actium-holdings-limited/docs/2021-07-19_SH04_sale-or-transfer-of-treasury-shares-treasury-capit.pdf,companies/09965297_actium-holdings-limited/docs/2021-07-19_SH04_sale-or-transfer-of-treasury-shares-treasury-capit.txt
09965297,ACTIUM HOLDINGS LIMITED,2021-07-19,SH06,companies/09965297_actium-holdings-limited/docs/2021-07-19_SH06_cancellation-of-shares-statement-of-capital-on-30-.pdf,companies/09965297_actium-holdings-limited/docs/2021-07-19_SH06_cancellation-of-shares-statement-of-capital-on-30-.txt
09965297,ACTIUM HOLDINGS LIMITED,2021-07-20,SH01,companies/09965297_actium-holdings-limited/docs/2021-07-20_SH01_statement-of-capital-following-an-allotment-of-sha-2.pdf,companies/09965297_actium-holdings-limited/docs/2021-07-20_SH01_statement-of-capital-following-an-allotment-of-sha-2.txt
09965297,ACTIUM HOLDINGS LIMITED,2021-07-20,SH01,companies/09965297_actium-holdings-limited/docs/2021-07-20_SH01_statement-of-capital-following-an-allotment-of-sha-3.pdf,companies/09965297_actium-holdings-limited/docs/2021-07-20_SH01_statement-of-capital-following-an-allotment-of-sha-3.txt
09965297,ACTIUM HOLDINGS LIMITED,2021-07-20,SH01,companies/09965297_actium-holdings-limited/docs/2021-07-20_SH01_statement-of-capital-following-an-allotment-of-sha.pdf,companies/09965297_actium-holdings-limited/docs/2021-07-20_SH01_statement-of-capital-following-an-allotment-of-sha.txt
09965297,ACTIUM HOLDINGS LIMITED,2021-08-13,AA,companies/09965297_actium-holdings-limited/docs/2021-08-13_AA_group-of-companies-accounts-made-up-to-31-march-20.pdf,companies/09965297_actium-holdings-limited/docs/2021-08-13_AA_group-of-companies-accounts-made-up-to-31-march-20.txt
09965297,ACTIUM HOLDINGS LIMITED,2021-08-16,SH01,companies/09965297_actium-holdings-limited/docs/2021-08-16_SH01_statement-of-capital-following-an-allotment-of-sha.pdf,companies/09965297_actium-holdings-limited/docs/2021-08-16_SH01_statement-of-capital-following-an-allotment-of-sha.txt
09965297,ACTIUM HOLDINGS LIMITED,2022-01-20,SH01,companies/09965297_actium-holdings-limited/docs/2022-01-20_SH01_statement-of-capital-following-an-allotment-of-sha.pdf,companies/09965297_actium-holdings-limited/docs/2022-01-20_SH01_statement-of-capital-following-an-allotment-of-sha.txt
09965297,ACTIUM HOLDINGS LIMITED,2022-01-21,CS01,companies/09965297_actium-holdings-limited/docs/2022-01-21_CS01_confirmation-statement-made-on-21-january-2022-wit.pdf,companies/09965297_actium-holdings-limited/docs/2022-01-21_CS01_confirmation-statement-made-on-21-january-2022-wit.txt
09965297,ACTIUM HOLDINGS LIMITED,2022-03-09,CS01,companies/09965297_actium-holdings-limited/docs/2022-03-09_CS01_confirmation-statement-made-on-1-march-2022-with-n.pdf,companies/09965297_actium-holdings-limited/docs/2022-03-09_CS01_confirmation-statement-made-on-1-march-2022-with-n.txt
09965297,ACTIUM HOLDINGS LIMITED,2022-07-11,SH01,companies/09965297_actium-holdings-limited/docs/2022-07-11_SH01_statement-of-capital-following-an-allotment-of-sha.pdf,companies/09965297_actium-holdings-limited/docs/2022-07-11_SH01_statement-of-capital-following-an-allotment-of-sha.txt
09965297,ACTIUM HOLDINGS LIMITED,2022-08-11,AA,companies/09965297_actium-holdings-limited/docs/2022-08-11_AA_group-of-companies-accounts-made-up-to-31-march-20.pdf,companies/09965297_actium-holdings-limited/docs/2022-08-11_AA_group-of-companies-accounts-made-up-to-31-march-20.txt
09965297,ACTIUM HOLDINGS LIMITED,2022-09-24,RESOLUTIONS,companies/09965297_actium-holdings-limited/docs/2022-09-24_RESOLUTIONS_resolutions-res11-resolution-of-removal-of-pre-emp.pdf,companies/09965297_actium-holdings-limited/docs/2022-09-24_RESOLUTIONS_resolutions-res11-resolution-of-removal-of-pre-emp.txt
09965297,ACTIUM HOLDINGS LIMITED,2022-10-10,PSC07,companies/09965297_actium-holdings-limited/docs/2022-10-10_PSC07_cessation-of-alpha-fmc-group-nominees-ltd-as-a-per.pdf,companies/09965297_actium-holdings-limited/docs/2022-10-10_PSC07_cessation-of-alpha-fmc-group-nominees-ltd-as-a-per.txt
09965297,ACTIUM HOLDINGS LIMITED,2022-10-10,PSC08,companies/09965297_actium-holdings-limited/docs/2022-10-10_PSC08_notification-of-a-person-with-significant-control-.pdf,companies/09965297_actium-holdings-limited/docs/2022-10-10_PSC08_notification-of-a-person-with-significant-control-.txt
09965297,ACTIUM HOLDINGS LIMITED,2022-11-30,SH01,companies/09965297_actium-holdings-limited/docs/2022-11-30_SH01_statement-of-capital-following-an-allotment-of-sha.pdf,companies/09965297_actium-holdings-limited/docs/2022-11-30_SH01_statement-of-capital-following-an-allotment-of-sha.txt
09965297,ACTIUM HOLDINGS LIMITED,2023-03-08,CS01,companies/09965297_actium-holdings-limited/docs/2023-03-08_CS01_confirmation-statement-made-on-1-march-2023-with-n.pdf,companies/09965297_actium-holdings-limited/docs/2023-03-08_CS01_confirmation-statement-made-on-1-march-2023-with-n.txt
09965297,ACTIUM HOLDINGS LIMITED,2023-07-05,SH01,companies/09965297_actium-holdings-limited/docs/2023-07-05_SH01_statement-of-capital-following-an-allotment-of-sha.pdf,companies/09965297_actium-holdings-limited/docs/2023-07-05_SH01_statement-of-capital-following-an-allotment-of-sha.txt
09965297,ACTIUM HOLDINGS LIMITED,2023-08-16,AA,companies/09965297_actium-holdings-limited/docs/2023-08-16_AA_group-of-companies-accounts-made-up-to-31-march-20.pdf,companies/09965297_actium-holdings-limited/docs/2023-08-16_AA_group-of-companies-accounts-made-up-to-31-march-20.txt
09965297,ACTIUM HOLDINGS LIMITED,2023-09-14,RESOLUTIONS,companies/09965297_actium-holdings-limited/docs/2023-09-14_RESOLUTIONS_resolutions-res11-resolution-of-removal-of-pre-emp.pdf,companies/09965297_actium-holdings-limited/docs/2023-09-14_RESOLUTIONS_resolutions-res11-resolution-of-removal-of-pre-emp.txt
09965297,ACTIUM HOLDINGS LIMITED,2024-03-01,CS01,companies/09965297_actium-holdings-limited/docs/2024-03-01_CS01_confirmation-statement-made-on-1-march-2024-with-n.pdf,companies/09965297_actium-holdings-limited/docs/2024-03-01_CS01_confirmation-statement-made-on-1-march-2024-with-n.txt
09965297,ACTIUM HOLDINGS LIMITED,2024-08-22,OC,companies/09965297_actium-holdings-limited/docs/2024-08-22_OC_scheme-of-arrangement.pdf,companies/09965297_actium-holdings-limited/docs/2024-08-22_OC_scheme-of-arrangement.txt
09965297,ACTIUM HOLDINGS LIMITED,2024-08-23,AA,companies/09965297_actium-holdings-limited/docs/2024-08-23_AA_group-of-companies-accounts-made-up-to-31-march-20.pdf,companies/09965297_actium-holdings-limited/docs/2024-08-23_AA_group-of-companies-accounts-made-up-to-31-march-20.txt
09965297,ACTIUM HOLDINGS LIMITED,2024-08-27,CERT11,companies/09965297_actium-holdings-limited/docs/2024-08-27_CERT11_certificate-of-change-of-name-and-re-registration-.pdf,companies/09965297_actium-holdings-limited/docs/2024-08-27_CERT11_certificate-of-change-of-name-and-re-registration-.txt
09965297,ACTIUM HOLDINGS LIMITED,2024-08-27,CERTNM,companies/09965297_actium-holdings-limited/docs/2024-08-27_CERTNM_company-name-changed-alpha-financial-markets-consu.pdf,companies/09965297_actium-holdings-limited/docs/2024-08-27_CERTNM_company-name-changed-alpha-financial-markets-consu.txt
09965297,ACTIUM HOLDINGS LIMITED,2024-08-27,CONNOT,companies/09965297_actium-holdings-limited/docs/2024-08-27_CONNOT_change-of-name-notice.pdf,companies/09965297_actium-holdings-limited/docs/2024-08-27_CONNOT_change-of-name-notice.txt
09965297,ACTIUM HOLDINGS LIMITED,2024-08-27,MAR,companies/09965297_actium-holdings-limited/docs/2024-08-27_MAR_re-registration-of-memorandum-and-articles.pdf,companies/09965297_actium-holdings-limited/docs/2024-08-27_MAR_re-registration-of-memorandum-and-articles.txt
09965297,ACTIUM HOLDINGS LIMITED,2024-08-27,RESOLUTIONS,companies/09965297_actium-holdings-limited/docs/2024-08-27_RESOLUTIONS_resolutions-res02-resolution-of-re-registration.pdf,companies/09965297_actium-holdings-limited/docs/2024-08-27_RESOLUTIONS_resolutions-res02-resolution-of-re-registration.txt
09965297,ACTIUM HOLDINGS LIMITED,2024-08-27,RR02,companies/09965297_actium-holdings-limited/docs/2024-08-27_RR02_re-registration-from-a-public-company-to-a-private.pdf,companies/09965297_actium-holdings-limited/docs/2024-08-27_RR02_re-registration-from-a-public-company-to-a-private.txt
09965297,ACTIUM HOLDINGS LIMITED,2024-09-02,SH01,companies/09965297_actium-holdings-limited/docs/2024-09-02_SH01_statement-of-capital-following-an-allotment-of-sha.pdf,companies/09965297_actium-holdings-limited/docs/2024-09-02_SH01_statement-of-capital-following-an-allotment-of-sha.txt
09965297,ACTIUM HOLDINGS LIMITED,2024-09-23,MA,companies/09965297_actium-holdings-limited/docs/2024-09-23_MA_memorandum-and-articles-of-association-2.pdf,companies/09965297_actium-holdings-limited/docs/2024-09-23_MA_memorandum-and-articles-of-association-2.txt
09965297,ACTIUM HOLDINGS LIMITED,2024-09-23,MA,companies/09965297_actium-holdings-limited/docs/2024-09-23_MA_memorandum-and-articles-of-association.pdf,companies/09965297_actium-holdings-limited/docs/2024-09-23_MA_memorandum-and-articles-of-association.txt
09965297,ACTIUM HOLDINGS LIMITED,2024-09-23,RESOLUTIONS,companies/09965297_actium-holdings-limited/docs/2024-09-23_RESOLUTIONS_resolutions-res01-resolution-of-adoption-of-articl.pdf,companies/09965297_actium-holdings-limited/docs/2024-09-23_RESOLUTIONS_resolutions-res01-resolution-of-adoption-of-articl.txt
09965297,ACTIUM HOLDINGS LIMITED,2024-09-24,CS01,companies/09965297_actium-holdings-limited/docs/2024-09-24_CS01_confirmation-statement-made-on-24-september-2024-w.pdf,companies/09965297_actium-holdings-limited/docs/2024-09-24_CS01_confirmation-statement-made-on-24-september-2024-w.txt
09965297,ACTIUM HOLDINGS LIMITED,2024-09-24,SH01,companies/09965297_actium-holdings-limited/docs/2024-09-24_SH01_statement-of-capital-following-an-allotment-of-sha.pdf,companies/09965297_actium-holdings-limited/docs/2024-09-24_SH01_statement-of-capital-following-an-allotment-of-sha.txt
09965297,ACTIUM HOLDINGS LIMITED,2024-10-01,CS01,companies/09965297_actium-holdings-limited/docs/2024-10-01_CS01_confirmation-statement-made-on-25-september-2024-w.pdf,companies/09965297_actium-holdings-limited/docs/2024-10-01_CS01_confirmation-statement-made-on-25-september-2024-w.txt
09965297,ACTIUM HOLDINGS LIMITED,2024-10-22,RP04CS01,companies/09965297_actium-holdings-limited/docs/2024-10-22_RP04CS01_second-filing-of-confirmation-statement-dated-24-s.pdf,companies/09965297_actium-holdings-limited/docs/2024-10-22_RP04CS01_second-filing-of-confirmation-statement-dated-24-s.txt
09965297,ACTIUM HOLDINGS LIMITED,2024-10-24,PSC02,companies/09965297_actium-holdings-limited/docs/2024-10-24_PSC02_notification-of-actium-bidco-uk-limited-as-a-perso.pdf,companies/09965297_actium-holdings-limited/docs/2024-10-24_PSC02_notification-of-actium-bidco-uk-limited-as-a-perso.txt
09965297,ACTIUM HOLDINGS LIMITED,2024-10-24,PSC09,companies/09965297_actium-holdings-limited/docs/2024-10-24_PSC09_withdrawal-of-a-person-with-significant-control-st.pdf,companies/09965297_actium-holdings-limited/docs/2024-10-24_PSC09_withdrawal-of-a-person-with-significant-control-st.txt
09965297,ACTIUM HOLDINGS LIMITED,2025-10-09,CS01,companies/09965297_actium-holdings-limited/docs/2025-10-09_CS01_confirmation-statement-made-on-25-september-2025-w.pdf,companies/09965297_actium-holdings-limited/docs/2025-10-09_CS01_confirmation-statement-made-on-25-september-2025-w.txt
09965297,ACTIUM HOLDINGS LIMITED,2026-01-05,AA,companies/09965297_actium-holdings-limited/docs/2026-01-05_AA_full-accounts-made-up-to-31-march-2025.pdf,companies/09965297_actium-holdings-limited/docs/2026-01-05_AA_full-accounts-made-up-to-31-march-2025.txt
09965297,ACTIUM HOLDINGS LIMITED,2026-07-09,PSC05,companies/09965297_actium-holdings-limited/docs/2026-07-09_PSC05_change-of-details-for-actium-bidco-uk-limited-as-a.pdf,companies/09965297_actium-holdings-limited/docs/2026-07-09_PSC05_change-of-details-for-actium-bidco-uk-limited-as-a.txt
09965297,ACTIUM HOLDINGS LIMITED,2026-08-06,AGREEMENT2,companies/09965297_actium-holdings-limited/docs/2026-08-06_AGREEMENT2_notice-of-agreement-to-exemption-from-audit-of-acc.pdf,companies/09965297_actium-holdings-limited/docs/2026-08-06_AGREEMENT2_notice-of-agreement-to-exemption-from-audit-of-acc.txt
09965297,ACTIUM HOLDINGS LIMITED,2026-08-06,GUARANTEE2,companies/09965297_actium-holdings-limited/docs/2026-08-06_GUARANTEE2_audit-exemption-statement-of-guarantee-by-parent-c.pdf,companies/09965297_actium-holdings-limited/docs/2026-08-06_GUARANTEE2_audit-exemption-statement-of-guarantee-by-parent-c.txt
09965297,ACTIUM HOLDINGS LIMITED,2026-08-06,PARENT-ACC,companies/09965297_actium-holdings-limited/docs/2026-08-06_PARENT-ACC_consolidated-accounts-of-parent-company-for-subsid.pdf,companies/09965297_actium-holdings-limited/docs/2026-08-06_PARENT-ACC_consolidated-accounts-of-parent-company-for-subsid.txt
09965297,ACTIUM HOLDINGS LIMITED,2026-08-06,PARENT,companies/09965297_actium-holdings-limited/docs/2026-08-06_PARENT_ACC_consolidated-accounts-of-parent-company-for-subsid.pdf,companies/09965297_actium-holdings-limited/docs/2026-08-06_PARENT_ACC_consolidated-accounts-of-parent-company-for-subsid.txt
10773199,ALPHA FMC TRUSTEE LIMITED,2017-05-16,NEWINC,companies/10773199_alpha-fmc-trustee-limited/docs/2017-05-16_NEWINC_incorporation-statement-of-capital-on-2017-05-16-g.pdf,companies/10773199_alpha-fmc-trustee-limited/docs/2017-05-16_NEWINC_incorporation-statement-of-capital-on-2017-05-16-g.txt
10773199,ALPHA FMC TRUSTEE LIMITED,2017-05-19,AA01,companies/10773199_alpha-fmc-trustee-limited/docs/2017-05-19_AA01_current-accounting-period-shortened-from-31-may-20.pdf,companies/10773199_alpha-fmc-trustee-limited/docs/2017-05-19_AA01_current-accounting-period-shortened-from-31-may-20.txt
10773199,ALPHA FMC TRUSTEE LIMITED,2018-06-14,CS01,companies/10773199_alpha-fmc-trustee-limited/docs/2018-06-14_CS01_confirmation-statement-made-on-15-may-2018-with-up.pdf,companies/10773199_alpha-fmc-trustee-limited/docs/2018-06-14_CS01_confirmation-statement-made-on-15-may-2018-with-up.txt
10773199,ALPHA FMC TRUSTEE LIMITED,2018-06-14,PSC05,companies/10773199_alpha-fmc-trustee-limited/docs/2018-06-14_PSC05_change-of-details-for-alpha-fmc-topco-limited-as-a.pdf,companies/10773199_alpha-fmc-trustee-limited/docs/2018-06-14_PSC05_change-of-details-for-alpha-fmc-topco-limited-as-a.txt
10773199,ALPHA FMC TRUSTEE LIMITED,2019-02-08,AA,companies/10773199_alpha-fmc-trustee-limited/docs/2019-02-08_AA_accounts-for-a-dormant-company-made-up-to-31-march.pdf,companies/10773199_alpha-fmc-trustee-limited/docs/2019-02-08_AA_accounts-for-a-dormant-company-made-up-to-31-march.txt
10773199,ALPHA FMC TRUSTEE LIMITED,2019-06-25,CS01,companies/10773199_alpha-fmc-trustee-limited/docs/2019-06-25_CS01_confirmation-statement-made-on-15-may-2019-with-no.pdf,companies/10773199_alpha-fmc-trustee-limited/docs/2019-06-25_CS01_confirmation-statement-made-on-15-may-2019-with-no.txt
10773199,ALPHA FMC TRUSTEE LIMITED,2019-12-24,AA,companies/10773199_alpha-fmc-trustee-limited/docs/2019-12-24_AA_accounts-for-a-dormant-company-made-up-to-31-march.pdf,companies/10773199_alpha-fmc-trustee-limited/docs/2019-12-24_AA_accounts-for-a-dormant-company-made-up-to-31-march.txt
10773199,ALPHA FMC TRUSTEE LIMITED,2020-06-08,CS01,companies/10773199_alpha-fmc-trustee-limited/docs/2020-06-08_CS01_confirmation-statement-made-on-15-may-2020-with-no.pdf,companies/10773199_alpha-fmc-trustee-limited/docs/2020-06-08_CS01_confirmation-statement-made-on-15-may-2020-with-no.txt
10773199,ALPHA FMC TRUSTEE LIMITED,2020-12-03,AA,companies/10773199_alpha-fmc-trustee-limited/docs/2020-12-03_AA_accounts-for-a-dormant-company-made-up-to-31-march.pdf,companies/10773199_alpha-fmc-trustee-limited/docs/2020-12-03_AA_accounts-for-a-dormant-company-made-up-to-31-march.txt
10773199,ALPHA FMC TRUSTEE LIMITED,2021-05-17,CS01,companies/10773199_alpha-fmc-trustee-limited/docs/2021-05-17_CS01_confirmation-statement-made-on-15-may-2021-with-no.pdf,companies/10773199_alpha-fmc-trustee-limited/docs/2021-05-17_CS01_confirmation-statement-made-on-15-may-2021-with-no.txt
10773199,ALPHA FMC TRUSTEE LIMITED,2021-12-13,AA,companies/10773199_alpha-fmc-trustee-limited/docs/2021-12-13_AA_accounts-for-a-dormant-company-made-up-to-31-march.pdf,companies/10773199_alpha-fmc-trustee-limited/docs/2021-12-13_AA_accounts-for-a-dormant-company-made-up-to-31-march.txt
10773199,ALPHA FMC TRUSTEE LIMITED,2022-03-09,CS01,companies/10773199_alpha-fmc-trustee-limited/docs/2022-03-09_CS01_confirmation-statement-made-on-1-march-2022-with-n.pdf,companies/10773199_alpha-fmc-trustee-limited/docs/2022-03-09_CS01_confirmation-statement-made-on-1-march-2022-with-n.txt
10773199,ALPHA FMC TRUSTEE LIMITED,2022-10-18,AA,companies/10773199_alpha-fmc-trustee-limited/docs/2022-10-18_AA_accounts-for-a-dormant-company-made-up-to-31-march.pdf,companies/10773199_alpha-fmc-trustee-limited/docs/2022-10-18_AA_accounts-for-a-dormant-company-made-up-to-31-march.txt
10773199,ALPHA FMC TRUSTEE LIMITED,2023-03-08,CS01,companies/10773199_alpha-fmc-trustee-limited/docs/2023-03-08_CS01_confirmation-statement-made-on-1-march-2023-with-n.pdf,companies/10773199_alpha-fmc-trustee-limited/docs/2023-03-08_CS01_confirmation-statement-made-on-1-march-2023-with-n.txt
10773199,ALPHA FMC TRUSTEE LIMITED,2023-11-13,AA,companies/10773199_alpha-fmc-trustee-limited/docs/2023-11-13_AA_accounts-for-a-dormant-company-made-up-to-31-march.pdf,companies/10773199_alpha-fmc-trustee-limited/docs/2023-11-13_AA_accounts-for-a-dormant-company-made-up-to-31-march.txt
10773199,ALPHA FMC TRUSTEE LIMITED,2024-03-01,CS01,companies/10773199_alpha-fmc-trustee-limited/docs/2024-03-01_CS01_confirmation-statement-made-on-1-march-2024-with-n.pdf,companies/10773199_alpha-fmc-trustee-limited/docs/2024-03-01_CS01_confirmation-statement-made-on-1-march-2024-with-n.txt
10773199,ALPHA FMC TRUSTEE LIMITED,2024-12-17,AA,companies/10773199_alpha-fmc-trustee-limited/docs/2024-12-17_AA_accounts-for-a-dormant-company-made-up-to-31-march.pdf,companies/10773199_alpha-fmc-trustee-limited/docs/2024-12-17_AA_accounts-for-a-dormant-company-made-up-to-31-march.txt
10773199,ALPHA FMC TRUSTEE LIMITED,2025-03-07,CS01,companies/10773199_alpha-fmc-trustee-limited/docs/2025-03-07_CS01_confirmation-statement-made-on-1-march-2025-with-u.pdf,companies/10773199_alpha-fmc-trustee-limited/docs/2025-03-07_CS01_confirmation-statement-made-on-1-march-2025-with-u.txt
10773199,ALPHA FMC TRUSTEE LIMITED,2025-03-07,PSC05,companies/10773199_alpha-fmc-trustee-limited/docs/2025-03-07_PSC05_change-of-details-for-alpha-financial-markets-cons.pdf,companies/10773199_alpha-fmc-trustee-limited/docs/2025-03-07_PSC05_change-of-details-for-alpha-financial-markets-cons.txt
10773199,ALPHA FMC TRUSTEE LIMITED,2025-08-19,AA,companies/10773199_alpha-fmc-trustee-limited/docs/2025-08-19_AA_accounts-for-a-dormant-company-made-up-to-31-march.pdf,companies/10773199_alpha-fmc-trustee-limited/docs/2025-08-19_AA_accounts-for-a-dormant-company-made-up-to-31-march.txt
10773199,ALPHA FMC TRUSTEE LIMITED,2026-03-12,CS01,companies/10773199_alpha-fmc-trustee-limited/docs/2026-03-12_CS01_confirmation-statement-made-on-1-march-2026-with-n.pdf,companies/10773199_alpha-fmc-trustee-limited/docs/2026-03-12_CS01_confirmation-statement-made-on-1-march-2026-with-n.txt
10773199,ALPHA FMC TRUSTEE LIMITED,2026-07-13,AA,companies/10773199_alpha-fmc-trustee-limited/docs/2026-07-13_AA_accounts-for-a-dormant-company-made-up-to-31-march.pdf,companies/10773199_alpha-fmc-trustee-limited/docs/2026-07-13_AA_accounts-for-a-dormant-company-made-up-to-31-march.txt
11443992,BRIDGEPOINT GROUP PLC,2024-06-05,AA,companies/11443992_bridgepoint-group-plc/docs/2024-06-05_AA_group-of-companies-accounts-made-up-to-31-december.pdf,companies/11443992_bridgepoint-group-plc/docs/2024-06-05_AA_group-of-companies-accounts-made-up-to-31-december.txt
11443992,BRIDGEPOINT GROUP PLC,2025-04-07,AA,companies/11443992_bridgepoint-group-plc/docs/2025-04-07_AA_group-of-companies-accounts-made-up-to-31-december.pdf,companies/11443992_bridgepoint-group-plc/docs/2025-04-07_AA_group-of-companies-accounts-made-up-to-31-december.txt
11443992,BRIDGEPOINT GROUP PLC,2025-07-14,CS01,companies/11443992_bridgepoint-group-plc/docs/2025-07-14_CS01_confirmation-statement-made-on-1-july-2025-with-up.pdf,companies/11443992_bridgepoint-group-plc/docs/2025-07-14_CS01_confirmation-statement-made-on-1-july-2025-with-up.txt
11443992,BRIDGEPOINT GROUP PLC,2026-04-26,AA,companies/11443992_bridgepoint-group-plc/docs/2026-04-26_AA_group-of-companies-accounts-made-up-to-31-december.pdf,companies/11443992_bridgepoint-group-plc/docs/2026-04-26_AA_group-of-companies-accounts-made-up-to-31-december.txt
11443992,BRIDGEPOINT GROUP PLC,2026-07-17,CS01,companies/11443992_bridgepoint-group-plc/docs/2026-07-17_CS01_01-07-26-statement-of-capital-gbp-84404-58735-anno.pdf,companies/11443992_bridgepoint-group-plc/docs/2026-07-17_CS01_01-07-26-statement-of-capital-gbp-84404-58735-anno.txt
11480862,AIVIQ LIMITED,2018-07-24,NEWINC,companies/11480862_aiviq-limited/docs/2018-07-24_NEWINC_incorporation-statement-of-capital-on-2018-07-24-g.pdf,companies/11480862_aiviq-limited/docs/2018-07-24_NEWINC_incorporation-statement-of-capital-on-2018-07-24-g.txt
11480862,AIVIQ LIMITED,2018-08-03,AA01,companies/11480862_aiviq-limited/docs/2018-08-03_AA01_current-accounting-period-shortened-from-31-july-2.pdf,companies/11480862_aiviq-limited/docs/2018-08-03_AA01_current-accounting-period-shortened-from-31-july-2.txt
11480862,AIVIQ LIMITED,2019-08-07,CS01,companies/11480862_aiviq-limited/docs/2019-08-07_CS01_confirmation-statement-made-on-23-july-2019-with-n.pdf,companies/11480862_aiviq-limited/docs/2019-08-07_CS01_confirmation-statement-made-on-23-july-2019-with-n.txt
11480862,AIVIQ LIMITED,2019-12-24,AA,companies/11480862_aiviq-limited/docs/2019-12-24_AA_accounts-for-a-dormant-company-made-up-to-31-march.pdf,companies/11480862_aiviq-limited/docs/2019-12-24_AA_accounts-for-a-dormant-company-made-up-to-31-march.txt
11480862,AIVIQ LIMITED,2020-11-27,CS01,companies/11480862_aiviq-limited/docs/2020-11-27_CS01_confirmation-statement-made-on-23-july-2020-with-n.pdf,companies/11480862_aiviq-limited/docs/2020-11-27_CS01_confirmation-statement-made-on-23-july-2020-with-n.txt
11480862,AIVIQ LIMITED,2020-12-01,GAZ1,companies/11480862_aiviq-limited/docs/2020-12-01_GAZ1_first-gazette-notice-for-compulsory-strike-off.pdf,companies/11480862_aiviq-limited/docs/2020-12-01_GAZ1_first-gazette-notice-for-compulsory-strike-off.txt
11480862,AIVIQ LIMITED,2020-12-02,DISS40,companies/11480862_aiviq-limited/docs/2020-12-02_DISS40_compulsory-strike-off-action-has-been-discontinued.pdf,companies/11480862_aiviq-limited/docs/2020-12-02_DISS40_compulsory-strike-off-action-has-been-discontinued.txt
11480862,AIVIQ LIMITED,2021-03-30,AA,companies/11480862_aiviq-limited/docs/2021-03-30_AA_full-accounts-made-up-to-31-march-2020.pdf,companies/11480862_aiviq-limited/docs/2021-03-30_AA_full-accounts-made-up-to-31-march-2020.txt
11480862,AIVIQ LIMITED,2021-07-23,CS01,companies/11480862_aiviq-limited/docs/2021-07-23_CS01_confirmation-statement-made-on-23-july-2021-with-n.pdf,companies/11480862_aiviq-limited/docs/2021-07-23_CS01_confirmation-statement-made-on-23-july-2021-with-n.txt
11480862,AIVIQ LIMITED,2021-12-22,AA,companies/11480862_aiviq-limited/docs/2021-12-22_AA_full-accounts-made-up-to-31-march-2021.pdf,companies/11480862_aiviq-limited/docs/2021-12-22_AA_full-accounts-made-up-to-31-march-2021.txt
11480862,AIVIQ LIMITED,2022-03-09,CS01,companies/11480862_aiviq-limited/docs/2022-03-09_CS01_confirmation-statement-made-on-1-march-2022-with-n.pdf,companies/11480862_aiviq-limited/docs/2022-03-09_CS01_confirmation-statement-made-on-1-march-2022-with-n.txt
11480862,AIVIQ LIMITED,2022-06-08,CERTNM,companies/11480862_aiviq-limited/docs/2022-06-08_CERTNM_company-name-changed-alpha-data-solutions-limited-.pdf,companies/11480862_aiviq-limited/docs/2022-06-08_CERTNM_company-name-changed-alpha-data-solutions-limited-.txt
11480862,AIVIQ LIMITED,2022-10-26,AA,companies/11480862_aiviq-limited/docs/2022-10-26_AA_full-accounts-made-up-to-31-march-2022.pdf,companies/11480862_aiviq-limited/docs/2022-10-26_AA_full-accounts-made-up-to-31-march-2022.txt
11480862,AIVIQ LIMITED,2023-03-09,CS01,companies/11480862_aiviq-limited/docs/2023-03-09_CS01_confirmation-statement-made-on-1-march-2023-with-n.pdf,companies/11480862_aiviq-limited/docs/2023-03-09_CS01_confirmation-statement-made-on-1-march-2023-with-n.txt
11480862,AIVIQ LIMITED,2023-11-20,AA,companies/11480862_aiviq-limited/docs/2023-11-20_AA_full-accounts-made-up-to-31-march-2023.pdf,companies/11480862_aiviq-limited/docs/2023-11-20_AA_full-accounts-made-up-to-31-march-2023.txt
11480862,AIVIQ LIMITED,2024-03-01,CS01,companies/11480862_aiviq-limited/docs/2024-03-01_CS01_confirmation-statement-made-on-1-march-2024-with-n.pdf,companies/11480862_aiviq-limited/docs/2024-03-01_CS01_confirmation-statement-made-on-1-march-2024-with-n.txt
11480862,AIVIQ LIMITED,2024-08-20,AGREEMENT2,companies/11480862_aiviq-limited/docs/2024-08-20_AGREEMENT2_notice-of-agreement-to-exemption-from-audit-of-acc.pdf,companies/11480862_aiviq-limited/docs/2024-08-20_AGREEMENT2_notice-of-agreement-to-exemption-from-audit-of-acc.txt
11480862,AIVIQ LIMITED,2024-08-20,GUARANTEE2,companies/11480862_aiviq-limited/docs/2024-08-20_GUARANTEE2_audit-exemption-statement-of-guarantee-by-parent-c.pdf,companies/11480862_aiviq-limited/docs/2024-08-20_GUARANTEE2_audit-exemption-statement-of-guarantee-by-parent-c.txt
11480862,AIVIQ LIMITED,2024-08-20,PARENT,companies/11480862_aiviq-limited/docs/2024-08-20_PARENT_ACC_consolidated-accounts-of-parent-company-for-subsid.pdf,companies/11480862_aiviq-limited/docs/2024-08-20_PARENT_ACC_consolidated-accounts-of-parent-company-for-subsid.txt
11480862,AIVIQ LIMITED,2025-01-06,AA,companies/11480862_aiviq-limited/docs/2025-01-06_AA_audit-exemption-subsidiary-accounts-made-up-to-31-.pdf,companies/11480862_aiviq-limited/docs/2025-01-06_AA_audit-exemption-subsidiary-accounts-made-up-to-31-.txt
11480862,AIVIQ LIMITED,2025-03-07,CS01,companies/11480862_aiviq-limited/docs/2025-03-07_CS01_confirmation-statement-made-on-1-march-2025-with-n.pdf,companies/11480862_aiviq-limited/docs/2025-03-07_CS01_confirmation-statement-made-on-1-march-2025-with-n.txt
11480862,AIVIQ LIMITED,2025-10-29,AGREEMENT2,companies/11480862_aiviq-limited/docs/2025-10-29_AGREEMENT2_notice-of-agreement-to-exemption-from-audit-of-acc.pdf,companies/11480862_aiviq-limited/docs/2025-10-29_AGREEMENT2_notice-of-agreement-to-exemption-from-audit-of-acc.txt
11480862,AIVIQ LIMITED,2025-10-29,GUARANTEE2,companies/11480862_aiviq-limited/docs/2025-10-29_GUARANTEE2_audit-exemption-statement-of-guarantee-by-parent-c.pdf,companies/11480862_aiviq-limited/docs/2025-10-29_GUARANTEE2_audit-exemption-statement-of-guarantee-by-parent-c.txt
11480862,AIVIQ LIMITED,2025-10-29,PARENT,companies/11480862_aiviq-limited/docs/2025-10-29_PARENT_ACC_consolidated-accounts-of-parent-company-for-subsid.pdf,companies/11480862_aiviq-limited/docs/2025-10-29_PARENT_ACC_consolidated-accounts-of-parent-company-for-subsid.txt
11480862,AIVIQ LIMITED,2026-01-08,AA,companies/11480862_aiviq-limited/docs/2026-01-08_AA_audit-exemption-subsidiary-accounts-made-up-to-31-.pdf,companies/11480862_aiviq-limited/docs/2026-01-08_AA_audit-exemption-subsidiary-accounts-made-up-to-31-.txt
11480862,AIVIQ LIMITED,2026-03-12,CS01,companies/11480862_aiviq-limited/docs/2026-03-12_CS01_confirmation-statement-made-on-1-march-2026-with-n.pdf,companies/11480862_aiviq-limited/docs/2026-03-12_CS01_confirmation-statement-made-on-1-march-2026-with-n.txt
11480862,AIVIQ LIMITED,2026-07-01,PSC05,companies/11480862_aiviq-limited/docs/2026-07-01_PSC05_change-of-details-for-alpha-financial-markets-cons.pdf,companies/11480862_aiviq-limited/docs/2026-07-01_PSC05_change-of-details-for-alpha-financial-markets-cons.txt
11480862,AIVIQ LIMITED,2026-08-06,AGREEMENT2,companies/11480862_aiviq-limited/docs/2026-08-06_AGREEMENT2_notice-of-agreement-to-exemption-from-audit-of-acc.pdf,companies/11480862_aiviq-limited/docs/2026-08-06_AGREEMENT2_notice-of-agreement-to-exemption-from-audit-of-acc.txt
11480862,AIVIQ LIMITED,2026-08-06,GUARANTEE2,companies/11480862_aiviq-limited/docs/2026-08-06_GUARANTEE2_audit-exemption-statement-of-guarantee-by-parent-c.pdf,companies/11480862_aiviq-limited/docs/2026-08-06_GUARANTEE2_audit-exemption-statement-of-guarantee-by-parent-c.txt
11480862,AIVIQ LIMITED,2026-08-06,PARENT,companies/11480862_aiviq-limited/docs/2026-08-06_PARENT_ACC_consolidated-accounts-of-parent-company-for-subsid.pdf,companies/11480862_aiviq-limited/docs/2026-08-06_PARENT_ACC_consolidated-accounts-of-parent-company-for-subsid.txt
11524091,BANKSIDE FINANCIAL SOLUTIONS CONSULTING LIMITED,2018-08-17,NEWINC,companies/11524091_bankside-financial-solutions-consulting-limited/docs/2018-08-17_NEWINC_incorporation-statement-of-capital-on-2018-08-17-g.pdf,companies/11524091_bankside-financial-solutions-consulting-limited/docs/2018-08-17_NEWINC_incorporation-statement-of-capital-on-2018-08-17-g.txt
11524091,BANKSIDE FINANCIAL SOLUTIONS CONSULTING LIMITED,2019-08-30,CS01,companies/11524091_bankside-financial-solutions-consulting-limited/docs/2019-08-30_CS01_confirmation-statement-made-on-16-august-2019-with.pdf,companies/11524091_bankside-financial-solutions-consulting-limited/docs/2019-08-30_CS01_confirmation-statement-made-on-16-august-2019-with.txt
11524091,BANKSIDE FINANCIAL SOLUTIONS CONSULTING LIMITED,2020-04-15,AA,companies/11524091_bankside-financial-solutions-consulting-limited/docs/2020-04-15_AA_total-exemption-full-accounts-made-up-to-31-august.pdf,companies/11524091_bankside-financial-solutions-consulting-limited/docs/2020-04-15_AA_total-exemption-full-accounts-made-up-to-31-august.txt
11524091,BANKSIDE FINANCIAL SOLUTIONS CONSULTING LIMITED,2020-08-18,CS01,companies/11524091_bankside-financial-solutions-consulting-limited/docs/2020-08-18_CS01_confirmation-statement-made-on-16-august-2020-with.pdf,companies/11524091_bankside-financial-solutions-consulting-limited/docs/2020-08-18_CS01_confirmation-statement-made-on-16-august-2020-with.txt
11524091,BANKSIDE FINANCIAL SOLUTIONS CONSULTING LIMITED,2020-12-02,AA,companies/11524091_bankside-financial-solutions-consulting-limited/docs/2020-12-02_AA_total-exemption-full-accounts-made-up-to-31-august.pdf,companies/11524091_bankside-financial-solutions-consulting-limited/docs/2020-12-02_AA_total-exemption-full-accounts-made-up-to-31-august.txt
11524091,BANKSIDE FINANCIAL SOLUTIONS CONSULTING LIMITED,2021-08-16,CS01,companies/11524091_bankside-financial-solutions-consulting-limited/docs/2021-08-16_CS01_confirmation-statement-made-on-16-august-2021-with.pdf,companies/11524091_bankside-financial-solutions-consulting-limited/docs/2021-08-16_CS01_confirmation-statement-made-on-16-august-2021-with.txt
11524091,BANKSIDE FINANCIAL SOLUTIONS CONSULTING LIMITED,2021-11-05,AA,companies/11524091_bankside-financial-solutions-consulting-limited/docs/2021-11-05_AA_total-exemption-full-accounts-made-up-to-31-august.pdf,companies/11524091_bankside-financial-solutions-consulting-limited/docs/2021-11-05_AA_total-exemption-full-accounts-made-up-to-31-august.txt
11524091,BANKSIDE FINANCIAL SOLUTIONS CONSULTING LIMITED,2021-12-02,PSC07,companies/11524091_bankside-financial-solutions-consulting-limited/docs/2021-12-02_PSC07_cessation-of-paul-james-cardosi-as-a-person-with-s.pdf,companies/11524091_bankside-financial-solutions-consulting-limited/docs/2021-12-02_PSC07_cessation-of-paul-james-cardosi-as-a-person-with-s.txt
11524091,BANKSIDE FINANCIAL SOLUTIONS CONSULTING LIMITED,2022-06-14,SH02,companies/11524091_bankside-financial-solutions-consulting-limited/docs/2022-06-14_SH02_sub-division-of-shares-on-10-june-2022.pdf,companies/11524091_bankside-financial-solutions-consulting-limited/docs/2022-06-14_SH02_sub-division-of-shares-on-10-june-2022.txt
11524091,BANKSIDE FINANCIAL SOLUTIONS CONSULTING LIMITED,2022-08-22,CS01,companies/11524091_bankside-financial-solutions-consulting-limited/docs/2022-08-22_CS01_confirmation-statement-made-on-16-august-2022-with.pdf,companies/11524091_bankside-financial-solutions-consulting-limited/docs/2022-08-22_CS01_confirmation-statement-made-on-16-august-2022-with.txt
11524091,BANKSIDE FINANCIAL SOLUTIONS CONSULTING LIMITED,2022-08-22,PSC07,companies/11524091_bankside-financial-solutions-consulting-limited/docs/2022-08-22_PSC07_cessation-of-robert-joseph-surridge-as-a-person-wi.pdf,companies/11524091_bankside-financial-solutions-consulting-limited/docs/2022-08-22_PSC07_cessation-of-robert-joseph-surridge-as-a-person-wi.txt
11524091,BANKSIDE FINANCIAL SOLUTIONS CONSULTING LIMITED,2022-08-22,PSC08,companies/11524091_bankside-financial-solutions-consulting-limited/docs/2022-08-22_PSC08_notification-of-a-person-with-significant-control-.pdf,companies/11524091_bankside-financial-solutions-consulting-limited/docs/2022-08-22_PSC08_notification-of-a-person-with-significant-control-.txt
11524091,BANKSIDE FINANCIAL SOLUTIONS CONSULTING LIMITED,2023-05-25,AA,companies/11524091_bankside-financial-solutions-consulting-limited/docs/2023-05-25_AA_total-exemption-full-accounts-made-up-to-31-august.pdf,companies/11524091_bankside-financial-solutions-consulting-limited/docs/2023-05-25_AA_total-exemption-full-accounts-made-up-to-31-august.txt
11524091,BANKSIDE FINANCIAL SOLUTIONS CONSULTING LIMITED,2023-09-13,CS01,companies/11524091_bankside-financial-solutions-consulting-limited/docs/2023-09-13_CS01_confirmation-statement-made-on-16-august-2023-with.pdf,companies/11524091_bankside-financial-solutions-consulting-limited/docs/2023-09-13_CS01_confirmation-statement-made-on-16-august-2023-with.txt
11524091,BANKSIDE FINANCIAL SOLUTIONS CONSULTING LIMITED,2024-05-31,AA01,companies/11524091_bankside-financial-solutions-consulting-limited/docs/2024-05-31_AA01_previous-accounting-period-shortened-from-31-augus.pdf,companies/11524091_bankside-financial-solutions-consulting-limited/docs/2024-05-31_AA01_previous-accounting-period-shortened-from-31-augus.txt
11524091,BANKSIDE FINANCIAL SOLUTIONS CONSULTING LIMITED,2024-07-05,RP04CS01,companies/11524091_bankside-financial-solutions-consulting-limited/docs/2024-07-05_RP04CS01_second-filing-of-confirmation-statement-dated-16-a-2.pdf,companies/11524091_bankside-financial-solutions-consulting-limited/docs/2024-07-05_RP04CS01_second-filing-of-confirmation-statement-dated-16-a-2.txt
11524091,BANKSIDE FINANCIAL SOLUTIONS CONSULTING LIMITED,2024-07-05,RP04CS01,companies/11524091_bankside-financial-solutions-consulting-limited/docs/2024-07-05_RP04CS01_second-filing-of-confirmation-statement-dated-16-a.pdf,companies/11524091_bankside-financial-solutions-consulting-limited/docs/2024-07-05_RP04CS01_second-filing-of-confirmation-statement-dated-16-a.txt
11524091,BANKSIDE FINANCIAL SOLUTIONS CONSULTING LIMITED,2024-08-28,CS01,companies/11524091_bankside-financial-solutions-consulting-limited/docs/2024-08-28_CS01_confirmation-statement-made-on-16-august-2024-with.pdf,companies/11524091_bankside-financial-solutions-consulting-limited/docs/2024-08-28_CS01_confirmation-statement-made-on-16-august-2024-with.txt
11524091,BANKSIDE FINANCIAL SOLUTIONS CONSULTING LIMITED,2024-09-11,PSC02,companies/11524091_bankside-financial-solutions-consulting-limited/docs/2024-09-11_PSC02_notification-of-alpha-financial-markets-consulting.pdf,companies/11524091_bankside-financial-solutions-consulting-limited/docs/2024-09-11_PSC02_notification-of-alpha-financial-markets-consulting.txt
11524091,BANKSIDE FINANCIAL SOLUTIONS CONSULTING LIMITED,2024-09-11,PSC09,companies/11524091_bankside-financial-solutions-consulting-limited/docs/2024-09-11_PSC09_withdrawal-of-a-person-with-significant-control-st.pdf,companies/11524091_bankside-financial-solutions-consulting-limited/docs/2024-09-11_PSC09_withdrawal-of-a-person-with-significant-control-st.txt
11524091,BANKSIDE FINANCIAL SOLUTIONS CONSULTING LIMITED,2024-10-29,GAZ1,companies/11524091_bankside-financial-solutions-consulting-limited/docs/2024-10-29_GAZ1_first-gazette-notice-for-compulsory-strike-off.pdf,companies/11524091_bankside-financial-solutions-consulting-limited/docs/2024-10-29_GAZ1_first-gazette-notice-for-compulsory-strike-off.txt
11524091,BANKSIDE FINANCIAL SOLUTIONS CONSULTING LIMITED,2024-11-12,DISS40,companies/11524091_bankside-financial-solutions-consulting-limited/docs/2024-11-12_DISS40_compulsory-strike-off-action-has-been-discontinued.pdf,companies/11524091_bankside-financial-solutions-consulting-limited/docs/2024-11-12_DISS40_compulsory-strike-off-action-has-been-discontinued.txt
11524091,BANKSIDE FINANCIAL SOLUTIONS CONSULTING LIMITED,2024-12-05,AA,companies/11524091_bankside-financial-solutions-consulting-limited/docs/2024-12-05_AA_group-of-companies-accounts-made-up-to-31-august-2.pdf,companies/11524091_bankside-financial-solutions-consulting-limited/docs/2024-12-05_AA_group-of-companies-accounts-made-up-to-31-august-2.txt
11524091,BANKSIDE FINANCIAL SOLUTIONS CONSULTING LIMITED,2025-08-27,CS01,companies/11524091_bankside-financial-solutions-consulting-limited/docs/2025-08-27_CS01_confirmation-statement-made-on-16-august-2025-with.pdf,companies/11524091_bankside-financial-solutions-consulting-limited/docs/2025-08-27_CS01_confirmation-statement-made-on-16-august-2025-with.txt
11524091,BANKSIDE FINANCIAL SOLUTIONS CONSULTING LIMITED,2025-09-16,AA,companies/11524091_bankside-financial-solutions-consulting-limited/docs/2025-09-16_AA_group-of-companies-accounts-made-up-to-31-august-2.pdf,companies/11524091_bankside-financial-solutions-consulting-limited/docs/2025-09-16_AA_group-of-companies-accounts-made-up-to-31-august-2.txt
11524091,BANKSIDE FINANCIAL SOLUTIONS CONSULTING LIMITED,2025-10-28,AGREEMENT2,companies/11524091_bankside-financial-solutions-consulting-limited/docs/2025-10-28_AGREEMENT2_notice-of-agreement-to-exemption-from-audit-of-acc.pdf,companies/11524091_bankside-financial-solutions-consulting-limited/docs/2025-10-28_AGREEMENT2_notice-of-agreement-to-exemption-from-audit-of-acc.txt
11524091,BANKSIDE FINANCIAL SOLUTIONS CONSULTING LIMITED,2025-10-28,GUARANTEE2,companies/11524091_bankside-financial-solutions-consulting-limited/docs/2025-10-28_GUARANTEE2_audit-exemption-statement-of-guarantee-by-parent-c.pdf,companies/11524091_bankside-financial-solutions-consulting-limited/docs/2025-10-28_GUARANTEE2_audit-exemption-statement-of-guarantee-by-parent-c.txt
11524091,BANKSIDE FINANCIAL SOLUTIONS CONSULTING LIMITED,2025-10-28,PARENT-ACC,companies/11524091_bankside-financial-solutions-consulting-limited/docs/2025-10-28_PARENT-ACC_consolidated-accounts-of-parent-company-for-subsid.pdf,companies/11524091_bankside-financial-solutions-consulting-limited/docs/2025-10-28_PARENT-ACC_consolidated-accounts-of-parent-company-for-subsid.txt
11524091,BANKSIDE FINANCIAL SOLUTIONS CONSULTING LIMITED,2025-10-28,PARENT,companies/11524091_bankside-financial-solutions-consulting-limited/docs/2025-10-28_PARENT_ACC_consolidated-accounts-of-parent-company-for-subsid.pdf,companies/11524091_bankside-financial-solutions-consulting-limited/docs/2025-10-28_PARENT_ACC_consolidated-accounts-of-parent-company-for-subsid.txt
11524091,BANKSIDE FINANCIAL SOLUTIONS CONSULTING LIMITED,2026-02-19,AA,companies/11524091_bankside-financial-solutions-consulting-limited/docs/2026-02-19_AA_audit-exemption-subsidiary-accounts-made-up-to-31-.pdf,companies/11524091_bankside-financial-solutions-consulting-limited/docs/2026-02-19_AA_audit-exemption-subsidiary-accounts-made-up-to-31-.txt
11524091,BANKSIDE FINANCIAL SOLUTIONS CONSULTING LIMITED,2026-03-04,AA01,companies/11524091_bankside-financial-solutions-consulting-limited/docs/2026-03-04_AA01_current-accounting-period-shortened-from-30-august.pdf,companies/11524091_bankside-financial-solutions-consulting-limited/docs/2026-03-04_AA01_current-accounting-period-shortened-from-30-august.txt
11524091,BANKSIDE FINANCIAL SOLUTIONS CONSULTING LIMITED,2026-08-06,AGREEMENT2,companies/11524091_bankside-financial-solutions-consulting-limited/docs/2026-08-06_AGREEMENT2_notice-of-agreement-to-exemption-from-audit-of-acc.pdf,companies/11524091_bankside-financial-solutions-consulting-limited/docs/2026-08-06_AGREEMENT2_notice-of-agreement-to-exemption-from-audit-of-acc.txt
11524091,BANKSIDE FINANCIAL SOLUTIONS CONSULTING LIMITED,2026-08-06,GUARANTEE2,companies/11524091_bankside-financial-solutions-consulting-limited/docs/2026-08-06_GUARANTEE2_audit-exemption-statement-of-guarantee-by-parent-c.pdf,companies/11524091_bankside-financial-solutions-consulting-limited/docs/2026-08-06_GUARANTEE2_audit-exemption-statement-of-guarantee-by-parent-c.txt
11524091,BANKSIDE FINANCIAL SOLUTIONS CONSULTING LIMITED,2026-08-06,PARENT-ACC,companies/11524091_bankside-financial-solutions-consulting-limited/docs/2026-08-06_PARENT-ACC_consolidated-accounts-of-parent-company-for-subsid.pdf,companies/11524091_bankside-financial-solutions-consulting-limited/docs/2026-08-06_PARENT-ACC_consolidated-accounts-of-parent-company-for-subsid.txt
11524091,BANKSIDE FINANCIAL SOLUTIONS CONSULTING LIMITED,2026-08-06,PARENT,companies/11524091_bankside-financial-solutions-consulting-limited/docs/2026-08-06_PARENT_ACC_consolidated-accounts-of-parent-company-for-subsid.pdf,companies/11524091_bankside-financial-solutions-consulting-limited/docs/2026-08-06_PARENT_ACC_consolidated-accounts-of-parent-company-for-subsid.txt
11524091,BANKSIDE FINANCIAL SOLUTIONS CONSULTING LIMITED,2026-08-18,CS01,companies/11524091_bankside-financial-solutions-consulting-limited/docs/2026-08-18_CS01_confirmation-statement-made-on-16-august-2026-with.pdf,companies/11524091_bankside-financial-solutions-consulting-limited/docs/2026-08-18_CS01_confirmation-statement-made-on-16-august-2026-with.txt
12195470,ALPHA (JPSB) GROUP LIMITED,2019-09-09,NEWINC,companies/12195470_alpha-jpsb-group-limited/docs/2019-09-09_NEWINC_incorporation-model-articles-model-articles-adopte.pdf,companies/12195470_alpha-jpsb-group-limited/docs/2019-09-09_NEWINC_incorporation-model-articles-model-articles-adopte.txt
12195470,ALPHA (JPSB) GROUP LIMITED,2020-10-08,CS01,companies/12195470_alpha-jpsb-group-limited/docs/2020-10-08_CS01_confirmation-statement-made-on-6-october-2020-with.pdf,companies/12195470_alpha-jpsb-group-limited/docs/2020-10-08_CS01_confirmation-statement-made-on-6-october-2020-with.txt
12195470,ALPHA (JPSB) GROUP LIMITED,2021-01-04,SH01,companies/12195470_alpha-jpsb-group-limited/docs/2021-01-04_SH01_statement-of-capital-following-an-allotment-of-sha.pdf,companies/12195470_alpha-jpsb-group-limited/docs/2021-01-04_SH01_statement-of-capital-following-an-allotment-of-sha.txt
12195470,ALPHA (JPSB) GROUP LIMITED,2021-01-05,AA01,companies/12195470_alpha-jpsb-group-limited/docs/2021-01-05_AA01_previous-accounting-period-shortened-from-30-septe.pdf,companies/12195470_alpha-jpsb-group-limited/docs/2021-01-05_AA01_previous-accounting-period-shortened-from-30-septe.txt
12195470,ALPHA (JPSB) GROUP LIMITED,2021-01-06,AA,companies/12195470_alpha-jpsb-group-limited/docs/2021-01-06_AA_accounts-for-a-dormant-company-made-up-to-31-march.pdf,companies/12195470_alpha-jpsb-group-limited/docs/2021-01-06_AA_accounts-for-a-dormant-company-made-up-to-31-march.txt
12195470,ALPHA (JPSB) GROUP LIMITED,2021-01-06,CS01,companies/12195470_alpha-jpsb-group-limited/docs/2021-01-06_CS01_confirmation-statement-made-on-31-december-2020-wi.pdf,companies/12195470_alpha-jpsb-group-limited/docs/2021-01-06_CS01_confirmation-statement-made-on-31-december-2020-wi.txt
12195470,ALPHA (JPSB) GROUP LIMITED,2021-10-14,AA,companies/12195470_alpha-jpsb-group-limited/docs/2021-10-14_AA_total-exemption-full-accounts-made-up-to-31-march-.pdf,companies/12195470_alpha-jpsb-group-limited/docs/2021-10-14_AA_total-exemption-full-accounts-made-up-to-31-march-.txt
12195470,ALPHA (JPSB) GROUP LIMITED,2022-01-04,CS01,companies/12195470_alpha-jpsb-group-limited/docs/2022-01-04_CS01_confirmation-statement-made-on-31-december-2021-wi.pdf,companies/12195470_alpha-jpsb-group-limited/docs/2022-01-04_CS01_confirmation-statement-made-on-31-december-2021-wi.txt
12195470,ALPHA (JPSB) GROUP LIMITED,2022-07-08,AA,companies/12195470_alpha-jpsb-group-limited/docs/2022-07-08_AA_total-exemption-full-accounts-made-up-to-31-march-.pdf,companies/12195470_alpha-jpsb-group-limited/docs/2022-07-08_AA_total-exemption-full-accounts-made-up-to-31-march-.txt
12195470,ALPHA (JPSB) GROUP LIMITED,2023-01-12,CS01,companies/12195470_alpha-jpsb-group-limited/docs/2023-01-12_CS01_confirmation-statement-made-on-31-december-2022-wi.pdf,companies/12195470_alpha-jpsb-group-limited/docs/2023-01-12_CS01_confirmation-statement-made-on-31-december-2022-wi.txt
12195470,ALPHA (JPSB) GROUP LIMITED,2023-06-08,AA,companies/12195470_alpha-jpsb-group-limited/docs/2023-06-08_AA_total-exemption-full-accounts-made-up-to-31-march-.pdf,companies/12195470_alpha-jpsb-group-limited/docs/2023-06-08_AA_total-exemption-full-accounts-made-up-to-31-march-.txt
12195470,ALPHA (JPSB) GROUP LIMITED,2024-01-19,CS01,companies/12195470_alpha-jpsb-group-limited/docs/2024-01-19_CS01_confirmation-statement-made-on-31-december-2023-wi.pdf,companies/12195470_alpha-jpsb-group-limited/docs/2024-01-19_CS01_confirmation-statement-made-on-31-december-2023-wi.txt
12195470,ALPHA (JPSB) GROUP LIMITED,2024-12-19,AA,companies/12195470_alpha-jpsb-group-limited/docs/2024-12-19_AA_total-exemption-full-accounts-made-up-to-31-march-.pdf,companies/12195470_alpha-jpsb-group-limited/docs/2024-12-19_AA_total-exemption-full-accounts-made-up-to-31-march-.txt
12195470,ALPHA (JPSB) GROUP LIMITED,2025-01-02,CS01,companies/12195470_alpha-jpsb-group-limited/docs/2025-01-02_CS01_confirmation-statement-made-on-31-december-2024-wi.pdf,companies/12195470_alpha-jpsb-group-limited/docs/2025-01-02_CS01_confirmation-statement-made-on-31-december-2024-wi.txt
12195470,ALPHA (JPSB) GROUP LIMITED,2025-11-26,AA,companies/12195470_alpha-jpsb-group-limited/docs/2025-11-26_AA_total-exemption-full-accounts-made-up-to-31-march-.pdf,companies/12195470_alpha-jpsb-group-limited/docs/2025-11-26_AA_total-exemption-full-accounts-made-up-to-31-march-.txt
12195470,ALPHA (JPSB) GROUP LIMITED,2026-01-06,CS01,companies/12195470_alpha-jpsb-group-limited/docs/2026-01-06_CS01_confirmation-statement-made-on-31-december-2025-wi.pdf,companies/12195470_alpha-jpsb-group-limited/docs/2026-01-06_CS01_confirmation-statement-made-on-31-december-2025-wi.txt
12195470,ALPHA (JPSB) GROUP LIMITED,2026-05-14,PSC02,companies/12195470_alpha-jpsb-group-limited/docs/2026-05-14_PSC02_notification-of-alpha-financial-markets-consulting.pdf,companies/12195470_alpha-jpsb-group-limited/docs/2026-05-14_PSC02_notification-of-alpha-financial-markets-consulting.txt
12195470,ALPHA (JPSB) GROUP LIMITED,2026-05-14,PSC07,companies/12195470_alpha-jpsb-group-limited/docs/2026-05-14_PSC07_cessation-of-kirandeep-singh-bhogal-as-a-person-wi.pdf,companies/12195470_alpha-jpsb-group-limited/docs/2026-05-14_PSC07_cessation-of-kirandeep-singh-bhogal-as-a-person-wi.txt
12195470,ALPHA (JPSB) GROUP LIMITED,2026-06-21,CERTNM,companies/12195470_alpha-jpsb-group-limited/docs/2026-06-21_CERTNM_company-name-changed-jpsb-group-limited-certificat.pdf,companies/12195470_alpha-jpsb-group-limited/docs/2026-06-21_CERTNM_company-name-changed-jpsb-group-limited-certificat.txt
12406540,BANKSIDE PAYROLL LIMITED,2020-01-16,NEWINC,companies/12406540_bankside-payroll-limited/docs/2020-01-16_NEWINC_incorporation-statement-of-capital-on-2020-01-16-g.pdf,companies/12406540_bankside-payroll-limited/docs/2020-01-16_NEWINC_incorporation-statement-of-capital-on-2020-01-16-g.txt
12406540,BANKSIDE PAYROLL LIMITED,2021-01-21,CS01,companies/12406540_bankside-payroll-limited/docs/2021-01-21_CS01_confirmation-statement-made-on-15-january-2021-wit.pdf,companies/12406540_bankside-payroll-limited/docs/2021-01-21_CS01_confirmation-statement-made-on-15-january-2021-wit.txt
12406540,BANKSIDE PAYROLL LIMITED,2021-12-01,AA,companies/12406540_bankside-payroll-limited/docs/2021-12-01_AA_total-exemption-full-accounts-made-up-to-31-januar.pdf,companies/12406540_bankside-payroll-limited/docs/2021-12-01_AA_total-exemption-full-accounts-made-up-to-31-januar.txt
12406540,BANKSIDE PAYROLL LIMITED,2021-12-02,AA01,companies/12406540_bankside-payroll-limited/docs/2021-12-02_AA01_previous-accounting-period-shortened-from-31-janua.pdf,companies/12406540_bankside-payroll-limited/docs/2021-12-02_AA01_previous-accounting-period-shortened-from-31-janua.txt
12406540,BANKSIDE PAYROLL LIMITED,2022-01-17,CS01,companies/12406540_bankside-payroll-limited/docs/2022-01-17_CS01_confirmation-statement-made-on-15-january-2022-wit.pdf,companies/12406540_bankside-payroll-limited/docs/2022-01-17_CS01_confirmation-statement-made-on-15-january-2022-wit.txt
12406540,BANKSIDE PAYROLL LIMITED,2022-03-15,PSC01,companies/12406540_bankside-payroll-limited/docs/2022-03-15_PSC01_notification-of-robert-joseph-surridge-as-a-person.pdf,companies/12406540_bankside-payroll-limited/docs/2022-03-15_PSC01_notification-of-robert-joseph-surridge-as-a-person.txt
12406540,BANKSIDE PAYROLL LIMITED,2022-03-15,PSC07,companies/12406540_bankside-payroll-limited/docs/2022-03-15_PSC07_cessation-of-robert-joseph-surridge-as-a-person-wi.pdf,companies/12406540_bankside-payroll-limited/docs/2022-03-15_PSC07_cessation-of-robert-joseph-surridge-as-a-person-wi.txt
12406540,BANKSIDE PAYROLL LIMITED,2022-07-18,AA,companies/12406540_bankside-payroll-limited/docs/2022-07-18_AA_total-exemption-full-accounts-made-up-to-31-august.pdf,companies/12406540_bankside-payroll-limited/docs/2022-07-18_AA_total-exemption-full-accounts-made-up-to-31-august.txt
12406540,BANKSIDE PAYROLL LIMITED,2023-01-18,CS01,companies/12406540_bankside-payroll-limited/docs/2023-01-18_CS01_confirmation-statement-made-on-15-january-2023-wit.pdf,companies/12406540_bankside-payroll-limited/docs/2023-01-18_CS01_confirmation-statement-made-on-15-january-2023-wit.txt
12406540,BANKSIDE PAYROLL LIMITED,2023-05-31,AA,companies/12406540_bankside-payroll-limited/docs/2023-05-31_AA_total-exemption-full-accounts-made-up-to-31-august.pdf,companies/12406540_bankside-payroll-limited/docs/2023-05-31_AA_total-exemption-full-accounts-made-up-to-31-august.txt
12406540,BANKSIDE PAYROLL LIMITED,2024-01-31,CS01,companies/12406540_bankside-payroll-limited/docs/2024-01-31_CS01_confirmation-statement-made-on-15-january-2024-wit.pdf,companies/12406540_bankside-payroll-limited/docs/2024-01-31_CS01_confirmation-statement-made-on-15-january-2024-wit.txt
12406540,BANKSIDE PAYROLL LIMITED,2024-05-31,AA01,companies/12406540_bankside-payroll-limited/docs/2024-05-31_AA01_previous-accounting-period-shortened-from-31-augus.pdf,companies/12406540_bankside-payroll-limited/docs/2024-05-31_AA01_previous-accounting-period-shortened-from-31-augus.txt
12406540,BANKSIDE PAYROLL LIMITED,2024-06-18,PSC07,companies/12406540_bankside-payroll-limited/docs/2024-06-18_PSC07_cessation-of-paul-james-cardosi-as-a-person-with-s.pdf,companies/12406540_bankside-payroll-limited/docs/2024-06-18_PSC07_cessation-of-paul-james-cardosi-as-a-person-with-s.txt
12406540,BANKSIDE PAYROLL LIMITED,2024-06-18,PSC07,companies/12406540_bankside-payroll-limited/docs/2024-06-18_PSC07_cessation-of-robert-joseph-surridge-as-a-person-wi.pdf,companies/12406540_bankside-payroll-limited/docs/2024-06-18_PSC07_cessation-of-robert-joseph-surridge-as-a-person-wi.txt
12406540,BANKSIDE PAYROLL LIMITED,2024-06-18,PSC08,companies/12406540_bankside-payroll-limited/docs/2024-06-18_PSC08_notification-of-a-person-with-significant-control-.pdf,companies/12406540_bankside-payroll-limited/docs/2024-06-18_PSC08_notification-of-a-person-with-significant-control-.txt
12406540,BANKSIDE PAYROLL LIMITED,2024-10-29,GAZ1,companies/12406540_bankside-payroll-limited/docs/2024-10-29_GAZ1_first-gazette-notice-for-compulsory-strike-off.pdf,companies/12406540_bankside-payroll-limited/docs/2024-10-29_GAZ1_first-gazette-notice-for-compulsory-strike-off.txt
12406540,BANKSIDE PAYROLL LIMITED,2024-11-12,DISS40,companies/12406540_bankside-payroll-limited/docs/2024-11-12_DISS40_compulsory-strike-off-action-has-been-discontinued.pdf,companies/12406540_bankside-payroll-limited/docs/2024-11-12_DISS40_compulsory-strike-off-action-has-been-discontinued.txt
12406540,BANKSIDE PAYROLL LIMITED,2024-12-05,AA,companies/12406540_bankside-payroll-limited/docs/2024-12-05_AA_full-accounts-made-up-to-31-august-2023.pdf,companies/12406540_bankside-payroll-limited/docs/2024-12-05_AA_full-accounts-made-up-to-31-august-2023.txt
12406540,BANKSIDE PAYROLL LIMITED,2025-01-24,CS01,companies/12406540_bankside-payroll-limited/docs/2025-01-24_CS01_confirmation-statement-made-on-15-january-2025-wit.pdf,companies/12406540_bankside-payroll-limited/docs/2025-01-24_CS01_confirmation-statement-made-on-15-january-2025-wit.txt
12406540,BANKSIDE PAYROLL LIMITED,2025-09-16,AA,companies/12406540_bankside-payroll-limited/docs/2025-09-16_AA_full-accounts-made-up-to-31-august-2024.pdf,companies/12406540_bankside-payroll-limited/docs/2025-09-16_AA_full-accounts-made-up-to-31-august-2024.txt
12406540,BANKSIDE PAYROLL LIMITED,2025-10-28,AGREEMENT2,companies/12406540_bankside-payroll-limited/docs/2025-10-28_AGREEMENT2_notice-of-agreement-to-exemption-from-audit-of-acc.pdf,companies/12406540_bankside-payroll-limited/docs/2025-10-28_AGREEMENT2_notice-of-agreement-to-exemption-from-audit-of-acc.txt
12406540,BANKSIDE PAYROLL LIMITED,2025-10-28,GUARANTEE2,companies/12406540_bankside-payroll-limited/docs/2025-10-28_GUARANTEE2_audit-exemption-statement-of-guarantee-by-parent-c.pdf,companies/12406540_bankside-payroll-limited/docs/2025-10-28_GUARANTEE2_audit-exemption-statement-of-guarantee-by-parent-c.txt
12406540,BANKSIDE PAYROLL LIMITED,2025-10-28,PARENT,companies/12406540_bankside-payroll-limited/docs/2025-10-28_PARENT_ACC_consolidated-accounts-of-parent-company-for-subsid.pdf,companies/12406540_bankside-payroll-limited/docs/2025-10-28_PARENT_ACC_consolidated-accounts-of-parent-company-for-subsid.txt
12406540,BANKSIDE PAYROLL LIMITED,2026-01-29,CS01,companies/12406540_bankside-payroll-limited/docs/2026-01-29_CS01_confirmation-statement-made-on-15-january-2026-wit.pdf,companies/12406540_bankside-payroll-limited/docs/2026-01-29_CS01_confirmation-statement-made-on-15-january-2026-wit.txt
12406540,BANKSIDE PAYROLL LIMITED,2026-02-24,AA,companies/12406540_bankside-payroll-limited/docs/2026-02-24_AA_audit-exemption-subsidiary-accounts-made-up-to-31-.pdf,companies/12406540_bankside-payroll-limited/docs/2026-02-24_AA_audit-exemption-subsidiary-accounts-made-up-to-31-.txt
12406540,BANKSIDE PAYROLL LIMITED,2026-03-04,AA01,companies/12406540_bankside-payroll-limited/docs/2026-03-04_AA01_current-accounting-period-shortened-from-30-august.pdf,companies/12406540_bankside-payroll-limited/docs/2026-03-04_AA01_current-accounting-period-shortened-from-30-august.txt
12406540,BANKSIDE PAYROLL LIMITED,2026-08-06,AGREEMENT2,companies/12406540_bankside-payroll-limited/docs/2026-08-06_AGREEMENT2_notice-of-agreement-to-exemption-from-audit-of-acc.pdf,companies/12406540_bankside-payroll-limited/docs/2026-08-06_AGREEMENT2_notice-of-agreement-to-exemption-from-audit-of-acc.txt
12406540,BANKSIDE PAYROLL LIMITED,2026-08-06,GUARANTEE2,companies/12406540_bankside-payroll-limited/docs/2026-08-06_GUARANTEE2_audit-exemption-statement-of-guarantee-by-parent-c.pdf,companies/12406540_bankside-payroll-limited/docs/2026-08-06_GUARANTEE2_audit-exemption-statement-of-guarantee-by-parent-c.txt
12406540,BANKSIDE PAYROLL LIMITED,2026-08-06,PARENT,companies/12406540_bankside-payroll-limited/docs/2026-08-06_PARENT_ACC_consolidated-accounts-of-parent-company-for-subsid.pdf,companies/12406540_bankside-payroll-limited/docs/2026-08-06_PARENT_ACC_consolidated-accounts-of-parent-company-for-subsid.txt
13175157,WHITE MARBLE GROUP LIMITED,2021-02-02,NEWINC,companies/13175157_white-marble-group-limited/docs/2021-02-02_NEWINC_incorporation-statement-of-capital-on-2021-02-02-g.pdf,companies/13175157_white-marble-group-limited/docs/2021-02-02_NEWINC_incorporation-statement-of-capital-on-2021-02-02-g.txt
13175157,WHITE MARBLE GROUP LIMITED,2021-04-08,SH01,companies/13175157_white-marble-group-limited/docs/2021-04-08_SH01_statement-of-capital-following-an-allotment-of-sha.pdf,companies/13175157_white-marble-group-limited/docs/2021-04-08_SH01_statement-of-capital-following-an-allotment-of-sha.txt
13175157,WHITE MARBLE GROUP LIMITED,2021-09-04,MA,companies/13175157_white-marble-group-limited/docs/2021-09-04_MA_memorandum-and-articles-of-association.pdf,companies/13175157_white-marble-group-limited/docs/2021-09-04_MA_memorandum-and-articles-of-association.txt
13175157,WHITE MARBLE GROUP LIMITED,2021-09-04,RESOLUTIONS,companies/13175157_white-marble-group-limited/docs/2021-09-04_RESOLUTIONS_resolutions-res01-resolution-of-adoption-of-articl.pdf,companies/13175157_white-marble-group-limited/docs/2021-09-04_RESOLUTIONS_resolutions-res01-resolution-of-adoption-of-articl.txt
13175157,WHITE MARBLE GROUP LIMITED,2021-09-06,CONNOT,companies/13175157_white-marble-group-limited/docs/2021-09-06_CONNOT_change-of-name-notice.pdf,companies/13175157_white-marble-group-limited/docs/2021-09-06_CONNOT_change-of-name-notice.txt
13175157,WHITE MARBLE GROUP LIMITED,2021-09-06,RESOLUTIONS,companies/13175157_white-marble-group-limited/docs/2021-09-06_RESOLUTIONS_resolutions-res15-change-company-name-resolution-o.pdf,companies/13175157_white-marble-group-limited/docs/2021-09-06_RESOLUTIONS_resolutions-res15-change-company-name-resolution-o.txt
13175157,WHITE MARBLE GROUP LIMITED,2021-11-19,SH01,companies/13175157_white-marble-group-limited/docs/2021-11-19_SH01_statement-of-capital-following-an-allotment-of-sha.pdf,companies/13175157_white-marble-group-limited/docs/2021-11-19_SH01_statement-of-capital-following-an-allotment-of-sha.txt
13175157,WHITE MARBLE GROUP LIMITED,2022-03-15,CS01,companies/13175157_white-marble-group-limited/docs/2022-03-15_CS01_confirmation-statement-made-on-1-february-2022-wit.pdf,companies/13175157_white-marble-group-limited/docs/2022-03-15_CS01_confirmation-statement-made-on-1-february-2022-wit.txt
13175157,WHITE MARBLE GROUP LIMITED,2022-06-22,AA01,companies/13175157_white-marble-group-limited/docs/2022-06-22_AA01_previous-accounting-period-extended-from-28-februa.pdf,companies/13175157_white-marble-group-limited/docs/2022-06-22_AA01_previous-accounting-period-extended-from-28-februa.txt
13175157,WHITE MARBLE GROUP LIMITED,2022-11-22,AA,companies/13175157_white-marble-group-limited/docs/2022-11-22_AA_accounts-for-a-dormant-company-made-up-to-31-may-2.pdf,companies/13175157_white-marble-group-limited/docs/2022-11-22_AA_accounts-for-a-dormant-company-made-up-to-31-may-2.txt
13175157,WHITE MARBLE GROUP LIMITED,2023-02-24,CS01,companies/13175157_white-marble-group-limited/docs/2023-02-24_CS01_confirmation-statement-made-on-1-february-2023-wit.pdf,companies/13175157_white-marble-group-limited/docs/2023-02-24_CS01_confirmation-statement-made-on-1-february-2023-wit.txt
13175157,WHITE MARBLE GROUP LIMITED,2023-04-22,MA,companies/13175157_white-marble-group-limited/docs/2023-04-22_MA_memorandum-and-articles-of-association.pdf,companies/13175157_white-marble-group-limited/docs/2023-04-22_MA_memorandum-and-articles-of-association.txt
13175157,WHITE MARBLE GROUP LIMITED,2023-04-22,RESOLUTIONS,companies/13175157_white-marble-group-limited/docs/2023-04-22_RESOLUTIONS_resolutions-res01-resolution-of-adoption-of-articl.pdf,companies/13175157_white-marble-group-limited/docs/2023-04-22_RESOLUTIONS_resolutions-res01-resolution-of-adoption-of-articl.txt
13175157,WHITE MARBLE GROUP LIMITED,2024-02-19,CS01,companies/13175157_white-marble-group-limited/docs/2024-02-19_CS01_confirmation-statement-made-on-1-february-2024-wit.pdf,companies/13175157_white-marble-group-limited/docs/2024-02-19_CS01_confirmation-statement-made-on-1-february-2024-wit.txt
13175157,WHITE MARBLE GROUP LIMITED,2024-02-29,AA,companies/13175157_white-marble-group-limited/docs/2024-02-29_AA_accounts-for-a-dormant-company-made-up-to-31-may-2.pdf,companies/13175157_white-marble-group-limited/docs/2024-02-29_AA_accounts-for-a-dormant-company-made-up-to-31-may-2.txt
13175157,WHITE MARBLE GROUP LIMITED,2024-09-12,PSC02,companies/13175157_white-marble-group-limited/docs/2024-09-12_PSC02_notification-of-alpha-financial-markets-consulting.pdf,companies/13175157_white-marble-group-limited/docs/2024-09-12_PSC02_notification-of-alpha-financial-markets-consulting.txt
13175157,WHITE MARBLE GROUP LIMITED,2024-09-12,PSC07,companies/13175157_white-marble-group-limited/docs/2024-09-12_PSC07_cessation-of-georgina-rosemary-jane-field-as-a-per.pdf,companies/13175157_white-marble-group-limited/docs/2024-09-12_PSC07_cessation-of-georgina-rosemary-jane-field-as-a-per.txt
13175157,WHITE MARBLE GROUP LIMITED,2024-09-13,SH01,companies/13175157_white-marble-group-limited/docs/2024-09-13_SH01_statement-of-capital-following-an-allotment-of-sha.pdf,companies/13175157_white-marble-group-limited/docs/2024-09-13_SH01_statement-of-capital-following-an-allotment-of-sha.txt
13175157,WHITE MARBLE GROUP LIMITED,2024-09-17,MA,companies/13175157_white-marble-group-limited/docs/2024-09-17_MA_memorandum-and-articles-of-association.pdf,companies/13175157_white-marble-group-limited/docs/2024-09-17_MA_memorandum-and-articles-of-association.txt
13175157,WHITE MARBLE GROUP LIMITED,2024-09-17,RESOLUTIONS,companies/13175157_white-marble-group-limited/docs/2024-09-17_RESOLUTIONS_resolutions-res13-sale-and-purchase-of-issued-shar.pdf,companies/13175157_white-marble-group-limited/docs/2024-09-17_RESOLUTIONS_resolutions-res13-sale-and-purchase-of-issued-shar.txt
13175157,WHITE MARBLE GROUP LIMITED,2025-02-07,AA,companies/13175157_white-marble-group-limited/docs/2025-02-07_AA_accounts-for-a-dormant-company-made-up-to-31-may-2.pdf,companies/13175157_white-marble-group-limited/docs/2025-02-07_AA_accounts-for-a-dormant-company-made-up-to-31-may-2.txt
13175157,WHITE MARBLE GROUP LIMITED,2025-02-11,CS01,companies/13175157_white-marble-group-limited/docs/2025-02-11_CS01_confirmation-statement-made-on-1-february-2025-wit.pdf,companies/13175157_white-marble-group-limited/docs/2025-02-11_CS01_confirmation-statement-made-on-1-february-2025-wit.txt
13175157,WHITE MARBLE GROUP LIMITED,2025-02-21,AA01,companies/13175157_white-marble-group-limited/docs/2025-02-21_AA01_current-accounting-period-shortened-from-31-may-20.pdf,companies/13175157_white-marble-group-limited/docs/2025-02-21_AA01_current-accounting-period-shortened-from-31-may-20.txt
13175157,WHITE MARBLE GROUP LIMITED,2025-09-18,AA,companies/13175157_white-marble-group-limited/docs/2025-09-18_AA_accounts-for-a-dormant-company-made-up-to-31-march.pdf,companies/13175157_white-marble-group-limited/docs/2025-09-18_AA_accounts-for-a-dormant-company-made-up-to-31-march.txt
13175157,WHITE MARBLE GROUP LIMITED,2026-02-13,CS01,companies/13175157_white-marble-group-limited/docs/2026-02-13_CS01_confirmation-statement-made-on-1-february-2026-wit.pdf,companies/13175157_white-marble-group-limited/docs/2026-02-13_CS01_confirmation-statement-made-on-1-february-2026-wit.txt
13175157,WHITE MARBLE GROUP LIMITED,2026-07-24,AA,companies/13175157_white-marble-group-limited/docs/2026-07-24_AA_accounts-for-a-dormant-company-made-up-to-31-march.pdf,companies/13175157_white-marble-group-limited/docs/2026-07-24_AA_accounts-for-a-dormant-company-made-up-to-31-march.txt
13793519,BRIDGEPOINT EUROPE VII NOMINEES LIMITED,2024-09-04,AA,companies/13793519_bridgepoint-europe-vii-nominees-limited/docs/2024-09-04_AA_accounts-for-a-dormant-company-made-up-to-31-decem.pdf,companies/13793519_bridgepoint-europe-vii-nominees-limited/docs/2024-09-04_AA_accounts-for-a-dormant-company-made-up-to-31-decem.txt
13793519,BRIDGEPOINT EUROPE VII NOMINEES LIMITED,2024-12-26,CS01,companies/13793519_bridgepoint-europe-vii-nominees-limited/docs/2024-12-26_CS01_confirmation-statement-made-on-9-december-2024-wit.pdf,companies/13793519_bridgepoint-europe-vii-nominees-limited/docs/2024-12-26_CS01_confirmation-statement-made-on-9-december-2024-wit.txt
13793519,BRIDGEPOINT EUROPE VII NOMINEES LIMITED,2025-04-16,AA,companies/13793519_bridgepoint-europe-vii-nominees-limited/docs/2025-04-16_AA_accounts-for-a-dormant-company-made-up-to-31-decem.pdf,companies/13793519_bridgepoint-europe-vii-nominees-limited/docs/2025-04-16_AA_accounts-for-a-dormant-company-made-up-to-31-decem.txt
13793519,BRIDGEPOINT EUROPE VII NOMINEES LIMITED,2025-12-16,CS01,companies/13793519_bridgepoint-europe-vii-nominees-limited/docs/2025-12-16_CS01_confirmation-statement-made-on-9-december-2025-wit.pdf,companies/13793519_bridgepoint-europe-vii-nominees-limited/docs/2025-12-16_CS01_confirmation-statement-made-on-9-december-2025-wit.txt
13793519,BRIDGEPOINT EUROPE VII NOMINEES LIMITED,2026-07-03,AA,companies/13793519_bridgepoint-europe-vii-nominees-limited/docs/2026-07-03_AA_accounts-for-a-dormant-company-made-up-to-31-decem.pdf,companies/13793519_bridgepoint-europe-vii-nominees-limited/docs/2026-07-03_AA_accounts-for-a-dormant-company-made-up-to-31-decem.txt
14072313,ALPHA DATA SOLUTIONS LIMITED,2022-04-27,NEWINC,companies/14072313_alpha-data-solutions-limited/docs/2022-04-27_NEWINC_incorporation-statement-of-capital-on-2022-04-27-g.pdf,companies/14072313_alpha-data-solutions-limited/docs/2022-04-27_NEWINC_incorporation-statement-of-capital-on-2022-04-27-g.txt
14072313,ALPHA DATA SOLUTIONS LIMITED,2022-05-05,CERTNM,companies/14072313_alpha-data-solutions-limited/docs/2022-05-05_CERTNM_company-name-changed-aghoco-2143-limited-certifica.pdf,companies/14072313_alpha-data-solutions-limited/docs/2022-05-05_CERTNM_company-name-changed-aghoco-2143-limited-certifica.txt
14072313,ALPHA DATA SOLUTIONS LIMITED,2022-05-23,AA01,companies/14072313_alpha-data-solutions-limited/docs/2022-05-23_AA01_current-accounting-period-shortened-from-30-april-.pdf,companies/14072313_alpha-data-solutions-limited/docs/2022-05-23_AA01_current-accounting-period-shortened-from-30-april-.txt
14072313,ALPHA DATA SOLUTIONS LIMITED,2022-05-23,PSC02,companies/14072313_alpha-data-solutions-limited/docs/2022-05-23_PSC02_notification-of-alpha-financial-markets-consulting.pdf,companies/14072313_alpha-data-solutions-limited/docs/2022-05-23_PSC02_notification-of-alpha-financial-markets-consulting.txt
14072313,ALPHA DATA SOLUTIONS LIMITED,2022-05-23,PSC07,companies/14072313_alpha-data-solutions-limited/docs/2022-05-23_PSC07_cessation-of-inhoco-formations-limited-as-a-person.pdf,companies/14072313_alpha-data-solutions-limited/docs/2022-05-23_PSC07_cessation-of-inhoco-formations-limited-as-a-person.txt
14072313,ALPHA DATA SOLUTIONS LIMITED,2022-06-08,CERTNM,companies/14072313_alpha-data-solutions-limited/docs/2022-06-08_CERTNM_company-name-changed-aghoco-2187-limited-certifica.pdf,companies/14072313_alpha-data-solutions-limited/docs/2022-06-08_CERTNM_company-name-changed-aghoco-2187-limited-certifica.txt
14072313,ALPHA DATA SOLUTIONS LIMITED,2022-06-08,CERTNM,companies/14072313_alpha-data-solutions-limited/docs/2022-06-08_CERTNM_company-name-changed-aiviq-limited-certificate-iss.pdf,companies/14072313_alpha-data-solutions-limited/docs/2022-06-08_CERTNM_company-name-changed-aiviq-limited-certificate-iss.txt
14072313,ALPHA DATA SOLUTIONS LIMITED,2023-03-08,CS01,companies/14072313_alpha-data-solutions-limited/docs/2023-03-08_CS01_confirmation-statement-made-on-1-march-2023-with-u.pdf,companies/14072313_alpha-data-solutions-limited/docs/2023-03-08_CS01_confirmation-statement-made-on-1-march-2023-with-u.txt
14072313,ALPHA DATA SOLUTIONS LIMITED,2023-11-30,AA,companies/14072313_alpha-data-solutions-limited/docs/2023-11-30_AA_accounts-for-a-dormant-company-made-up-to-31-march.pdf,companies/14072313_alpha-data-solutions-limited/docs/2023-11-30_AA_accounts-for-a-dormant-company-made-up-to-31-march.txt
14072313,ALPHA DATA SOLUTIONS LIMITED,2024-03-01,CS01,companies/14072313_alpha-data-solutions-limited/docs/2024-03-01_CS01_confirmation-statement-made-on-1-march-2024-with-n.pdf,companies/14072313_alpha-data-solutions-limited/docs/2024-03-01_CS01_confirmation-statement-made-on-1-march-2024-with-n.txt
14072313,ALPHA DATA SOLUTIONS LIMITED,2024-12-17,AA,companies/14072313_alpha-data-solutions-limited/docs/2024-12-17_AA_accounts-for-a-dormant-company-made-up-to-31-march.pdf,companies/14072313_alpha-data-solutions-limited/docs/2024-12-17_AA_accounts-for-a-dormant-company-made-up-to-31-march.txt
14072313,ALPHA DATA SOLUTIONS LIMITED,2025-03-07,CS01,companies/14072313_alpha-data-solutions-limited/docs/2025-03-07_CS01_confirmation-statement-made-on-1-march-2025-with-n.pdf,companies/14072313_alpha-data-solutions-limited/docs/2025-03-07_CS01_confirmation-statement-made-on-1-march-2025-with-n.txt
14072313,ALPHA DATA SOLUTIONS LIMITED,2025-08-19,AA,companies/14072313_alpha-data-solutions-limited/docs/2025-08-19_AA_accounts-for-a-dormant-company-made-up-to-31-march.pdf,companies/14072313_alpha-data-solutions-limited/docs/2025-08-19_AA_accounts-for-a-dormant-company-made-up-to-31-march.txt
14072313,ALPHA DATA SOLUTIONS LIMITED,2026-03-12,CS01,companies/14072313_alpha-data-solutions-limited/docs/2026-03-12_CS01_confirmation-statement-made-on-1-march-2026-with-n.pdf,companies/14072313_alpha-data-solutions-limited/docs/2026-03-12_CS01_confirmation-statement-made-on-1-march-2026-with-n.txt
14072313,ALPHA DATA SOLUTIONS LIMITED,2026-07-01,PSC05,companies/14072313_alpha-data-solutions-limited/docs/2026-07-01_PSC05_change-of-details-for-alpha-financial-markets-cons.pdf,companies/14072313_alpha-data-solutions-limited/docs/2026-07-01_PSC05_change-of-details-for-alpha-financial-markets-cons.txt
14072313,ALPHA DATA SOLUTIONS LIMITED,2026-07-13,AA,companies/14072313_alpha-data-solutions-limited/docs/2026-07-13_AA_accounts-for-a-dormant-company-made-up-to-31-march.pdf,companies/14072313_alpha-data-solutions-limited/docs/2026-07-13_AA_accounts-for-a-dormant-company-made-up-to-31-march.txt
14638009,ALPHA FINANCIAL MARKETS CONSULTING MENA LIMITED,2023-02-03,NEWINC,companies/14638009_alpha-financial-markets-consulting-mena-limited/docs/2023-02-03_NEWINC_incorporation-statement-of-capital-on-2023-02-03-g.pdf,companies/14638009_alpha-financial-markets-consulting-mena-limited/docs/2023-02-03_NEWINC_incorporation-statement-of-capital-on-2023-02-03-g.txt
14638009,ALPHA FINANCIAL MARKETS CONSULTING MENA LIMITED,2023-05-05,AA01,companies/14638009_alpha-financial-markets-consulting-mena-limited/docs/2023-05-05_AA01_current-accounting-period-extended-from-28-februar.pdf,companies/14638009_alpha-financial-markets-consulting-mena-limited/docs/2023-05-05_AA01_current-accounting-period-extended-from-28-februar.txt
14638009,ALPHA FINANCIAL MARKETS CONSULTING MENA LIMITED,2023-11-01,CERTNM,companies/14638009_alpha-financial-markets-consulting-mena-limited/docs/2023-11-01_CERTNM_company-name-changed-alpha-fmc-newco-limited-certi.pdf,companies/14638009_alpha-financial-markets-consulting-mena-limited/docs/2023-11-01_CERTNM_company-name-changed-alpha-fmc-newco-limited-certi.txt
14638009,ALPHA FINANCIAL MARKETS CONSULTING MENA LIMITED,2024-02-02,CS01,companies/14638009_alpha-financial-markets-consulting-mena-limited/docs/2024-02-02_CS01_confirmation-statement-made-on-2-february-2024-wit.pdf,companies/14638009_alpha-financial-markets-consulting-mena-limited/docs/2024-02-02_CS01_confirmation-statement-made-on-2-february-2024-wit.txt
14638009,ALPHA FINANCIAL MARKETS CONSULTING MENA LIMITED,2024-08-20,AGREEMENT2,companies/14638009_alpha-financial-markets-consulting-mena-limited/docs/2024-08-20_AGREEMENT2_notice-of-agreement-to-exemption-from-audit-of-acc.pdf,companies/14638009_alpha-financial-markets-consulting-mena-limited/docs/2024-08-20_AGREEMENT2_notice-of-agreement-to-exemption-from-audit-of-acc.txt
14638009,ALPHA FINANCIAL MARKETS CONSULTING MENA LIMITED,2024-08-20,GUARANTEE2,companies/14638009_alpha-financial-markets-consulting-mena-limited/docs/2024-08-20_GUARANTEE2_audit-exemption-statement-of-guarantee-by-parent-c.pdf,companies/14638009_alpha-financial-markets-consulting-mena-limited/docs/2024-08-20_GUARANTEE2_audit-exemption-statement-of-guarantee-by-parent-c.txt
14638009,ALPHA FINANCIAL MARKETS CONSULTING MENA LIMITED,2024-08-20,PARENT,companies/14638009_alpha-financial-markets-consulting-mena-limited/docs/2024-08-20_PARENT_ACC_consolidated-accounts-of-parent-company-for-subsid.pdf,companies/14638009_alpha-financial-markets-consulting-mena-limited/docs/2024-08-20_PARENT_ACC_consolidated-accounts-of-parent-company-for-subsid.txt
14638009,ALPHA FINANCIAL MARKETS CONSULTING MENA LIMITED,2024-11-27,AA,companies/14638009_alpha-financial-markets-consulting-mena-limited/docs/2024-11-27_AA_audit-exemption-subsidiary-accounts-made-up-to-31-.pdf,companies/14638009_alpha-financial-markets-consulting-mena-limited/docs/2024-11-27_AA_audit-exemption-subsidiary-accounts-made-up-to-31-.txt
14638009,ALPHA FINANCIAL MARKETS CONSULTING MENA LIMITED,2025-02-07,CS01,companies/14638009_alpha-financial-markets-consulting-mena-limited/docs/2025-02-07_CS01_confirmation-statement-made-on-2-february-2025-wit.pdf,companies/14638009_alpha-financial-markets-consulting-mena-limited/docs/2025-02-07_CS01_confirmation-statement-made-on-2-february-2025-wit.txt
14638009,ALPHA FINANCIAL MARKETS CONSULTING MENA LIMITED,2025-10-29,AGREEMENT2,companies/14638009_alpha-financial-markets-consulting-mena-limited/docs/2025-10-29_AGREEMENT2_notice-of-agreement-to-exemption-from-audit-of-acc.pdf,companies/14638009_alpha-financial-markets-consulting-mena-limited/docs/2025-10-29_AGREEMENT2_notice-of-agreement-to-exemption-from-audit-of-acc.txt
14638009,ALPHA FINANCIAL MARKETS CONSULTING MENA LIMITED,2025-10-29,GUARANTEE2,companies/14638009_alpha-financial-markets-consulting-mena-limited/docs/2025-10-29_GUARANTEE2_audit-exemption-statement-of-guarantee-by-parent-c.pdf,companies/14638009_alpha-financial-markets-consulting-mena-limited/docs/2025-10-29_GUARANTEE2_audit-exemption-statement-of-guarantee-by-parent-c.txt
14638009,ALPHA FINANCIAL MARKETS CONSULTING MENA LIMITED,2025-10-29,PARENT,companies/14638009_alpha-financial-markets-consulting-mena-limited/docs/2025-10-29_PARENT_ACC_consolidated-accounts-of-parent-company-for-subsid.pdf,companies/14638009_alpha-financial-markets-consulting-mena-limited/docs/2025-10-29_PARENT_ACC_consolidated-accounts-of-parent-company-for-subsid.txt
14638009,ALPHA FINANCIAL MARKETS CONSULTING MENA LIMITED,2026-01-28,AA,companies/14638009_alpha-financial-markets-consulting-mena-limited/docs/2026-01-28_AA_audit-exemption-subsidiary-accounts-made-up-to-31-.pdf,companies/14638009_alpha-financial-markets-consulting-mena-limited/docs/2026-01-28_AA_audit-exemption-subsidiary-accounts-made-up-to-31-.txt
14638009,ALPHA FINANCIAL MARKETS CONSULTING MENA LIMITED,2026-02-02,CS01,companies/14638009_alpha-financial-markets-consulting-mena-limited/docs/2026-02-02_CS01_confirmation-statement-made-on-2-february-2026-wit.pdf,companies/14638009_alpha-financial-markets-consulting-mena-limited/docs/2026-02-02_CS01_confirmation-statement-made-on-2-february-2026-wit.txt
14638009,ALPHA FINANCIAL MARKETS CONSULTING MENA LIMITED,2026-07-01,PSC05,companies/14638009_alpha-financial-markets-consulting-mena-limited/docs/2026-07-01_PSC05_change-of-details-for-alpha-financial-markets-cons.pdf,companies/14638009_alpha-financial-markets-consulting-mena-limited/docs/2026-07-01_PSC05_change-of-details-for-alpha-financial-markets-cons.txt
14638009,ALPHA FINANCIAL MARKETS CONSULTING MENA LIMITED,2026-08-06,AGREEMENT2,companies/14638009_alpha-financial-markets-consulting-mena-limited/docs/2026-08-06_AGREEMENT2_notice-of-agreement-to-exemption-from-audit-of-acc.pdf,companies/14638009_alpha-financial-markets-consulting-mena-limited/docs/2026-08-06_AGREEMENT2_notice-of-agreement-to-exemption-from-audit-of-acc.txt
14638009,ALPHA FINANCIAL MARKETS CONSULTING MENA LIMITED,2026-08-06,GUARANTEE2,companies/14638009_alpha-financial-markets-consulting-mena-limited/docs/2026-08-06_GUARANTEE2_audit-exemption-statement-of-guarantee-by-parent-c.pdf,companies/14638009_alpha-financial-markets-consulting-mena-limited/docs/2026-08-06_GUARANTEE2_audit-exemption-statement-of-guarantee-by-parent-c.txt
14638009,ALPHA FINANCIAL MARKETS CONSULTING MENA LIMITED,2026-08-06,PARENT,companies/14638009_alpha-financial-markets-consulting-mena-limited/docs/2026-08-06_PARENT_ACC_consolidated-accounts-of-parent-company-for-subsid.pdf,companies/14638009_alpha-financial-markets-consulting-mena-limited/docs/2026-08-06_PARENT_ACC_consolidated-accounts-of-parent-company-for-subsid.txt
15097311,BANKSIDE CLOUD TECHNOLOGY LTD,2023-08-25,NEWINC,companies/15097311_bankside-cloud-technology-ltd/docs/2023-08-25_NEWINC_incorporation-statement-of-capital-on-2023-08-25-g.pdf,companies/15097311_bankside-cloud-technology-ltd/docs/2023-08-25_NEWINC_incorporation-statement-of-capital-on-2023-08-25-g.txt
15097311,BANKSIDE CLOUD TECHNOLOGY LTD,2024-08-28,CS01,companies/15097311_bankside-cloud-technology-ltd/docs/2024-08-28_CS01_confirmation-statement-made-on-24-august-2024-with.pdf,companies/15097311_bankside-cloud-technology-ltd/docs/2024-08-28_CS01_confirmation-statement-made-on-24-august-2024-with.txt
15097311,BANKSIDE CLOUD TECHNOLOGY LTD,2025-05-23,AA,companies/15097311_bankside-cloud-technology-ltd/docs/2025-05-23_AA_accounts-for-a-dormant-company-made-up-to-31-augus.pdf,companies/15097311_bankside-cloud-technology-ltd/docs/2025-05-23_AA_accounts-for-a-dormant-company-made-up-to-31-augus.txt
15097311,BANKSIDE CLOUD TECHNOLOGY LTD,2025-08-27,CS01,companies/15097311_bankside-cloud-technology-ltd/docs/2025-08-27_CS01_confirmation-statement-made-on-24-august-2025-with.pdf,companies/15097311_bankside-cloud-technology-ltd/docs/2025-08-27_CS01_confirmation-statement-made-on-24-august-2025-with.txt
15097311,BANKSIDE CLOUD TECHNOLOGY LTD,2026-03-04,AA01,companies/15097311_bankside-cloud-technology-ltd/docs/2026-03-04_AA01_current-accounting-period-shortened-from-31-august.pdf,companies/15097311_bankside-cloud-technology-ltd/docs/2026-03-04_AA01_current-accounting-period-shortened-from-31-august.txt
15097311,BANKSIDE CLOUD TECHNOLOGY LTD,2026-03-04,AA,companies/15097311_bankside-cloud-technology-ltd/docs/2026-03-04_AA_accounts-for-a-dormant-company-made-up-to-31-augus.pdf,companies/15097311_bankside-cloud-technology-ltd/docs/2026-03-04_AA_accounts-for-a-dormant-company-made-up-to-31-augus.txt
15097311,BANKSIDE CLOUD TECHNOLOGY LTD,2026-07-13,AA,companies/15097311_bankside-cloud-technology-ltd/docs/2026-07-13_AA_accounts-for-a-dormant-company-made-up-to-31-march.pdf,companies/15097311_bankside-cloud-technology-ltd/docs/2026-07-13_AA_accounts-for-a-dormant-company-made-up-to-31-march.txt
15097311,BANKSIDE CLOUD TECHNOLOGY LTD,2026-08-27,CS01,companies/15097311_bankside-cloud-technology-ltd/docs/2026-08-27_CS01_confirmation-statement-made-on-24-august-2026-with.pdf,companies/15097311_bankside-cloud-technology-ltd/docs/2026-08-27_CS01_confirmation-statement-made-on-24-august-2026-with.txt
15108420,BRIDGEPOINT OP GP LIMITED,2024-09-04,AA,companies/15108420_bridgepoint-op-gp-limited/docs/2024-09-04_AA_accounts-for-a-dormant-company-made-up-to-31-decem.pdf,companies/15108420_bridgepoint-op-gp-limited/docs/2024-09-04_AA_accounts-for-a-dormant-company-made-up-to-31-decem.txt
15108420,BRIDGEPOINT OP GP LIMITED,2025-09-01,CS01,companies/15108420_bridgepoint-op-gp-limited/docs/2025-09-01_CS01_confirmation-statement-made-on-31-august-2025-with.pdf,companies/15108420_bridgepoint-op-gp-limited/docs/2025-09-01_CS01_confirmation-statement-made-on-31-august-2025-with.txt
15108420,BRIDGEPOINT OP GP LIMITED,2025-09-09,AA,companies/15108420_bridgepoint-op-gp-limited/docs/2025-09-09_AA_full-accounts-made-up-to-31-december-2024.pdf,companies/15108420_bridgepoint-op-gp-limited/docs/2025-09-09_AA_full-accounts-made-up-to-31-december-2024.txt
15108420,BRIDGEPOINT OP GP LIMITED,2026-06-17,AA,companies/15108420_bridgepoint-op-gp-limited/docs/2026-06-17_AA_full-accounts-made-up-to-31-december-2025.pdf,companies/15108420_bridgepoint-op-gp-limited/docs/2026-06-17_AA_full-accounts-made-up-to-31-december-2025.txt
15108420,BRIDGEPOINT OP GP LIMITED,2026-09-08,CS01,companies/15108420_bridgepoint-op-gp-limited/docs/2026-09-08_CS01_confirmation-statement-made-on-31-august-2026-with.pdf,companies/15108420_bridgepoint-op-gp-limited/docs/2026-09-08_CS01_confirmation-statement-made-on-31-august-2026-with.txt
15735478,ACTIUM TOPCO (UK) LIMITED,2024-05-22,AA01,companies/15735478_actium-topco-uk-limited/docs/2024-05-22_AA01_current-accounting-period-shortened-from-31-may-20.pdf,companies/15735478_actium-topco-uk-limited/docs/2024-05-22_AA01_current-accounting-period-shortened-from-31-may-20.txt
15735478,ACTIUM TOPCO (UK) LIMITED,2024-05-22,NEWINC,companies/15735478_actium-topco-uk-limited/docs/2024-05-22_NEWINC_incorporation-statement-of-capital-on-2024-05-22-g.pdf,companies/15735478_actium-topco-uk-limited/docs/2024-05-22_NEWINC_incorporation-statement-of-capital-on-2024-05-22-g.txt
15735478,ACTIUM TOPCO (UK) LIMITED,2024-08-20,AA01,companies/15735478_actium-topco-uk-limited/docs/2024-08-20_AA01_current-accounting-period-extended-from-31-decembe.pdf,companies/15735478_actium-topco-uk-limited/docs/2024-08-20_AA01_current-accounting-period-extended-from-31-decembe.txt
15735478,ACTIUM TOPCO (UK) LIMITED,2024-08-23,MA,companies/15735478_actium-topco-uk-limited/docs/2024-08-23_MA_memorandum-and-articles-of-association-2.pdf,companies/15735478_actium-topco-uk-limited/docs/2024-08-23_MA_memorandum-and-articles-of-association-2.txt
15735478,ACTIUM TOPCO (UK) LIMITED,2024-08-23,MA,companies/15735478_actium-topco-uk-limited/docs/2024-08-23_MA_memorandum-and-articles-of-association.pdf,companies/15735478_actium-topco-uk-limited/docs/2024-08-23_MA_memorandum-and-articles-of-association.txt
15735478,ACTIUM TOPCO (UK) LIMITED,2024-08-23,RESOLUTIONS,companies/15735478_actium-topco-uk-limited/docs/2024-08-23_RESOLUTIONS_resolutions-res12-resolution-of-varying-share-righ.pdf,companies/15735478_actium-topco-uk-limited/docs/2024-08-23_RESOLUTIONS_resolutions-res12-resolution-of-varying-share-righ.txt
15735478,ACTIUM TOPCO (UK) LIMITED,2024-08-23,SH01,companies/15735478_actium-topco-uk-limited/docs/2024-08-23_SH01_statement-of-capital-following-an-allotment-of-sha.pdf,companies/15735478_actium-topco-uk-limited/docs/2024-08-23_SH01_statement-of-capital-following-an-allotment-of-sha.txt
15735478,ACTIUM TOPCO (UK) LIMITED,2025-02-10,MA,companies/15735478_actium-topco-uk-limited/docs/2025-02-10_MA_memorandum-and-articles-of-association.pdf,companies/15735478_actium-topco-uk-limited/docs/2025-02-10_MA_memorandum-and-articles-of-association.txt
15735478,ACTIUM TOPCO (UK) LIMITED,2025-02-12,MA,companies/15735478_actium-topco-uk-limited/docs/2025-02-12_MA_memorandum-and-articles-of-association.pdf,companies/15735478_actium-topco-uk-limited/docs/2025-02-12_MA_memorandum-and-articles-of-association.txt
15735478,ACTIUM TOPCO (UK) LIMITED,2025-02-19,SH01,companies/15735478_actium-topco-uk-limited/docs/2025-02-19_SH01_statement-of-capital-following-an-allotment-of-sha.pdf,companies/15735478_actium-topco-uk-limited/docs/2025-02-19_SH01_statement-of-capital-following-an-allotment-of-sha.txt
15735478,ACTIUM TOPCO (UK) LIMITED,2025-03-14,RESOLUTIONS,companies/15735478_actium-topco-uk-limited/docs/2025-03-14_RESOLUTIONS_resolutions-res12-resolution-of-varying-share-righ.pdf,companies/15735478_actium-topco-uk-limited/docs/2025-03-14_RESOLUTIONS_resolutions-res12-resolution-of-varying-share-righ.txt
15735478,ACTIUM TOPCO (UK) LIMITED,2025-03-28,SH01,companies/15735478_actium-topco-uk-limited/docs/2025-03-28_SH01_statement-of-capital-following-an-allotment-of-sha.pdf,companies/15735478_actium-topco-uk-limited/docs/2025-03-28_SH01_statement-of-capital-following-an-allotment-of-sha.txt
15735478,ACTIUM TOPCO (UK) LIMITED,2025-04-02,MA,companies/15735478_actium-topco-uk-limited/docs/2025-04-02_MA_memorandum-and-articles-of-association.pdf,companies/15735478_actium-topco-uk-limited/docs/2025-04-02_MA_memorandum-and-articles-of-association.txt
15735478,ACTIUM TOPCO (UK) LIMITED,2025-04-02,SH08,companies/15735478_actium-topco-uk-limited/docs/2025-04-02_SH08_change-of-share-class-name-or-designation.pdf,companies/15735478_actium-topco-uk-limited/docs/2025-04-02_SH08_change-of-share-class-name-or-designation.txt
15735478,ACTIUM TOPCO (UK) LIMITED,2025-06-03,CS01,companies/15735478_actium-topco-uk-limited/docs/2025-06-03_CS01_confirmation-statement-made-on-21-may-2025-with-up.pdf,companies/15735478_actium-topco-uk-limited/docs/2025-06-03_CS01_confirmation-statement-made-on-21-may-2025-with-up.txt
15735478,ACTIUM TOPCO (UK) LIMITED,2025-07-16,MA,companies/15735478_actium-topco-uk-limited/docs/2025-07-16_MA_memorandum-and-articles-of-association.pdf,companies/15735478_actium-topco-uk-limited/docs/2025-07-16_MA_memorandum-and-articles-of-association.txt
15735478,ACTIUM TOPCO (UK) LIMITED,2025-07-16,RESOLUTIONS,companies/15735478_actium-topco-uk-limited/docs/2025-07-16_RESOLUTIONS_resolutions-res01-resolution-of-adoption-of-articl.pdf,companies/15735478_actium-topco-uk-limited/docs/2025-07-16_RESOLUTIONS_resolutions-res01-resolution-of-adoption-of-articl.txt
15735478,ACTIUM TOPCO (UK) LIMITED,2025-07-17,PSC07,companies/15735478_actium-topco-uk-limited/docs/2025-07-17_PSC07_cessation-of-bridgepoint-europe-vii-nominees-limit.pdf,companies/15735478_actium-topco-uk-limited/docs/2025-07-17_PSC07_cessation-of-bridgepoint-europe-vii-nominees-limit.txt
15735478,ACTIUM TOPCO (UK) LIMITED,2025-07-22,SH01,companies/15735478_actium-topco-uk-limited/docs/2025-07-22_SH01_statement-of-capital-following-an-allotment-of-sha-2.pdf,companies/15735478_actium-topco-uk-limited/docs/2025-07-22_SH01_statement-of-capital-following-an-allotment-of-sha-2.txt
15735478,ACTIUM TOPCO (UK) LIMITED,2025-07-22,SH01,companies/15735478_actium-topco-uk-limited/docs/2025-07-22_SH01_statement-of-capital-following-an-allotment-of-sha.pdf,companies/15735478_actium-topco-uk-limited/docs/2025-07-22_SH01_statement-of-capital-following-an-allotment-of-sha.txt
15735478,ACTIUM TOPCO (UK) LIMITED,2025-07-30,PSC02,companies/15735478_actium-topco-uk-limited/docs/2025-07-30_PSC02_notification-of-bridgepoint-advisers-limited-as-a-.pdf,companies/15735478_actium-topco-uk-limited/docs/2025-07-30_PSC02_notification-of-bridgepoint-advisers-limited-as-a-.txt
15735478,ACTIUM TOPCO (UK) LIMITED,2025-07-30,PSC02,companies/15735478_actium-topco-uk-limited/docs/2025-07-30_PSC02_notification-of-bridgepoint-europe-vii-gp-llp-as-a.pdf,companies/15735478_actium-topco-uk-limited/docs/2025-07-30_PSC02_notification-of-bridgepoint-europe-vii-gp-llp-as-a.txt
15735478,ACTIUM TOPCO (UK) LIMITED,2025-08-12,AA,companies/15735478_actium-topco-uk-limited/docs/2025-08-12_AA_group-of-companies-accounts-made-up-to-31-march-20.pdf,companies/15735478_actium-topco-uk-limited/docs/2025-08-12_AA_group-of-companies-accounts-made-up-to-31-march-20.txt
15735478,ACTIUM TOPCO (UK) LIMITED,2025-11-19,SH01,companies/15735478_actium-topco-uk-limited/docs/2025-11-19_SH01_statement-of-capital-following-an-allotment-of-sha.pdf,companies/15735478_actium-topco-uk-limited/docs/2025-11-19_SH01_statement-of-capital-following-an-allotment-of-sha.txt
15735478,ACTIUM TOPCO (UK) LIMITED,2025-11-20,CAP-SS,companies/15735478_actium-topco-uk-limited/docs/2025-11-20_CAP-SS_solvency-statement-dated-20-11-25.pdf,companies/15735478_actium-topco-uk-limited/docs/2025-11-20_CAP-SS_solvency-statement-dated-20-11-25.txt
15735478,ACTIUM TOPCO (UK) LIMITED,2025-11-20,RESOLUTIONS,companies/15735478_actium-topco-uk-limited/docs/2025-11-20_RESOLUTIONS_resolutions-res06-resolution-of-reduction-in-issue.pdf,companies/15735478_actium-topco-uk-limited/docs/2025-11-20_RESOLUTIONS_resolutions-res06-resolution-of-reduction-in-issue.txt
15735478,ACTIUM TOPCO (UK) LIMITED,2025-11-20,SH19,companies/15735478_actium-topco-uk-limited/docs/2025-11-20_SH19_statement-of-capital-on-20-november-2025-gbp-2-394.pdf,companies/15735478_actium-topco-uk-limited/docs/2025-11-20_SH19_statement-of-capital-on-20-november-2025-gbp-2-394.txt
15735478,ACTIUM TOPCO (UK) LIMITED,2025-11-20,SH20,companies/15735478_actium-topco-uk-limited/docs/2025-11-20_SH20_statement-by-directors.pdf,companies/15735478_actium-topco-uk-limited/docs/2025-11-20_SH20_statement-by-directors.txt
15735478,ACTIUM TOPCO (UK) LIMITED,2025-12-28,SH08,companies/15735478_actium-topco-uk-limited/docs/2025-12-28_SH08_change-of-share-class-name-or-designation.pdf,companies/15735478_actium-topco-uk-limited/docs/2025-12-28_SH08_change-of-share-class-name-or-designation.txt
15735478,ACTIUM TOPCO (UK) LIMITED,2026-02-17,SH01,companies/15735478_actium-topco-uk-limited/docs/2026-02-17_SH01_statement-of-capital-following-an-allotment-of-sha.pdf,companies/15735478_actium-topco-uk-limited/docs/2026-02-17_SH01_statement-of-capital-following-an-allotment-of-sha.txt
15735478,ACTIUM TOPCO (UK) LIMITED,2026-03-24,SH01,companies/15735478_actium-topco-uk-limited/docs/2026-03-24_SH01_statement-of-capital-following-an-allotment-of-sha.pdf,companies/15735478_actium-topco-uk-limited/docs/2026-03-24_SH01_statement-of-capital-following-an-allotment-of-sha.txt
15735478,ACTIUM TOPCO (UK) LIMITED,2026-06-01,RESOLUTIONS,companies/15735478_actium-topco-uk-limited/docs/2026-06-01_RESOLUTIONS_resolutions-res12-resolution-of-varying-share-righ.pdf,companies/15735478_actium-topco-uk-limited/docs/2026-06-01_RESOLUTIONS_resolutions-res12-resolution-of-varying-share-righ.txt
15735478,ACTIUM TOPCO (UK) LIMITED,2026-06-01,SH08,companies/15735478_actium-topco-uk-limited/docs/2026-06-01_SH08_change-of-share-class-name-or-designation.pdf,companies/15735478_actium-topco-uk-limited/docs/2026-06-01_SH08_change-of-share-class-name-or-designation.txt
15735478,ACTIUM TOPCO (UK) LIMITED,2026-06-08,CS01,companies/15735478_actium-topco-uk-limited/docs/2026-06-08_CS01_confirmation-statement-made-on-21-may-2026-with-up.pdf,companies/15735478_actium-topco-uk-limited/docs/2026-06-08_CS01_confirmation-statement-made-on-21-may-2026-with-up.txt
15735478,ACTIUM TOPCO (UK) LIMITED,2026-06-22,MA,companies/15735478_actium-topco-uk-limited/docs/2026-06-22_MA_memorandum-and-articles-of-association.pdf,companies/15735478_actium-topco-uk-limited/docs/2026-06-22_MA_memorandum-and-articles-of-association.txt
15735478,ACTIUM TOPCO (UK) LIMITED,2026-06-22,RESOLUTIONS,companies/15735478_actium-topco-uk-limited/docs/2026-06-22_RESOLUTIONS_resolutions-res01-resolution-of-adoption-of-articl.pdf,companies/15735478_actium-topco-uk-limited/docs/2026-06-22_RESOLUTIONS_resolutions-res01-resolution-of-adoption-of-articl.txt
15735478,ACTIUM TOPCO (UK) LIMITED,2026-06-29,SH08,companies/15735478_actium-topco-uk-limited/docs/2026-06-29_SH08_change-of-share-class-name-or-designation.pdf,companies/15735478_actium-topco-uk-limited/docs/2026-06-29_SH08_change-of-share-class-name-or-designation.txt
15735478,ACTIUM TOPCO (UK) LIMITED,2026-07-24,AA,companies/15735478_actium-topco-uk-limited/docs/2026-07-24_AA_group-of-companies-accounts-made-up-to-31-march-20.pdf,companies/15735478_actium-topco-uk-limited/docs/2026-07-24_AA_group-of-companies-accounts-made-up-to-31-march-20.txt
15735608,ACTIUM MIDCO 1 (UK) LIMITED,2024-05-22,AA01,companies/15735608_actium-midco-1-uk-limited/docs/2024-05-22_AA01_current-accounting-period-shortened-from-31-may-20.pdf,companies/15735608_actium-midco-1-uk-limited/docs/2024-05-22_AA01_current-accounting-period-shortened-from-31-may-20.txt
15735608,ACTIUM MIDCO 1 (UK) LIMITED,2024-05-22,NEWINC,companies/15735608_actium-midco-1-uk-limited/docs/2024-05-22_NEWINC_incorporation-statement-of-capital-on-2024-05-22-g.pdf,companies/15735608_actium-midco-1-uk-limited/docs/2024-05-22_NEWINC_incorporation-statement-of-capital-on-2024-05-22-g.txt
15735608,ACTIUM MIDCO 1 (UK) LIMITED,2024-08-20,AA01,companies/15735608_actium-midco-1-uk-limited/docs/2024-08-20_AA01_current-accounting-period-extended-from-31-decembe.pdf,companies/15735608_actium-midco-1-uk-limited/docs/2024-08-20_AA01_current-accounting-period-extended-from-31-decembe.txt
15735608,ACTIUM MIDCO 1 (UK) LIMITED,2024-08-23,SH01,companies/15735608_actium-midco-1-uk-limited/docs/2024-08-23_SH01_statement-of-capital-following-an-allotment-of-sha.pdf,companies/15735608_actium-midco-1-uk-limited/docs/2024-08-23_SH01_statement-of-capital-following-an-allotment-of-sha.txt
15735608,ACTIUM MIDCO 1 (UK) LIMITED,2024-09-13,SH01,companies/15735608_actium-midco-1-uk-limited/docs/2024-09-13_SH01_statement-of-capital-following-an-allotment-of-sha.pdf,companies/15735608_actium-midco-1-uk-limited/docs/2024-09-13_SH01_statement-of-capital-following-an-allotment-of-sha.txt
15735608,ACTIUM MIDCO 1 (UK) LIMITED,2025-02-19,SH01,companies/15735608_actium-midco-1-uk-limited/docs/2025-02-19_SH01_statement-of-capital-following-an-allotment-of-sha.pdf,companies/15735608_actium-midco-1-uk-limited/docs/2025-02-19_SH01_statement-of-capital-following-an-allotment-of-sha.txt
15735608,ACTIUM MIDCO 1 (UK) LIMITED,2025-03-28,SH01,companies/15735608_actium-midco-1-uk-limited/docs/2025-03-28_SH01_statement-of-capital-following-an-allotment-of-sha.pdf,companies/15735608_actium-midco-1-uk-limited/docs/2025-03-28_SH01_statement-of-capital-following-an-allotment-of-sha.txt
15735608,ACTIUM MIDCO 1 (UK) LIMITED,2025-05-28,CS01,companies/15735608_actium-midco-1-uk-limited/docs/2025-05-28_CS01_confirmation-statement-made-on-21-may-2025-with-up.pdf,companies/15735608_actium-midco-1-uk-limited/docs/2025-05-28_CS01_confirmation-statement-made-on-21-may-2025-with-up.txt
15735608,ACTIUM MIDCO 1 (UK) LIMITED,2025-10-29,AGREEMENT2,companies/15735608_actium-midco-1-uk-limited/docs/2025-10-29_AGREEMENT2_notice-of-agreement-to-exemption-from-audit-of-acc.pdf,companies/15735608_actium-midco-1-uk-limited/docs/2025-10-29_AGREEMENT2_notice-of-agreement-to-exemption-from-audit-of-acc.txt
15735608,ACTIUM MIDCO 1 (UK) LIMITED,2025-10-29,GUARANTEE2,companies/15735608_actium-midco-1-uk-limited/docs/2025-10-29_GUARANTEE2_audit-exemption-statement-of-guarantee-by-parent-c.pdf,companies/15735608_actium-midco-1-uk-limited/docs/2025-10-29_GUARANTEE2_audit-exemption-statement-of-guarantee-by-parent-c.txt
15735608,ACTIUM MIDCO 1 (UK) LIMITED,2025-10-29,PARENT,companies/15735608_actium-midco-1-uk-limited/docs/2025-10-29_PARENT_ACC_consolidated-accounts-of-parent-company-for-subsid.pdf,companies/15735608_actium-midco-1-uk-limited/docs/2025-10-29_PARENT_ACC_consolidated-accounts-of-parent-company-for-subsid.txt
15735608,ACTIUM MIDCO 1 (UK) LIMITED,2025-11-19,SH01,companies/15735608_actium-midco-1-uk-limited/docs/2025-11-19_SH01_statement-of-capital-following-an-allotment-of-sha.pdf,companies/15735608_actium-midco-1-uk-limited/docs/2025-11-19_SH01_statement-of-capital-following-an-allotment-of-sha.txt
15735608,ACTIUM MIDCO 1 (UK) LIMITED,2026-01-08,AA,companies/15735608_actium-midco-1-uk-limited/docs/2026-01-08_AA_audit-exemption-subsidiary-accounts-made-up-to-31-.pdf,companies/15735608_actium-midco-1-uk-limited/docs/2026-01-08_AA_audit-exemption-subsidiary-accounts-made-up-to-31-.txt
15735608,ACTIUM MIDCO 1 (UK) LIMITED,2026-02-17,SH01,companies/15735608_actium-midco-1-uk-limited/docs/2026-02-17_SH01_statement-of-capital-following-an-allotment-of-sha.pdf,companies/15735608_actium-midco-1-uk-limited/docs/2026-02-17_SH01_statement-of-capital-following-an-allotment-of-sha.txt
15735608,ACTIUM MIDCO 1 (UK) LIMITED,2026-03-24,SH01,companies/15735608_actium-midco-1-uk-limited/docs/2026-03-24_SH01_statement-of-capital-following-an-allotment-of-sha.pdf,companies/15735608_actium-midco-1-uk-limited/docs/2026-03-24_SH01_statement-of-capital-following-an-allotment-of-sha.txt
15735608,ACTIUM MIDCO 1 (UK) LIMITED,2026-06-03,CS01,companies/15735608_actium-midco-1-uk-limited/docs/2026-06-03_CS01_confirmation-statement-made-on-21-may-2026-with-up.pdf,companies/15735608_actium-midco-1-uk-limited/docs/2026-06-03_CS01_confirmation-statement-made-on-21-may-2026-with-up.txt
15735608,ACTIUM MIDCO 1 (UK) LIMITED,2026-08-06,AGREEMENT2,companies/15735608_actium-midco-1-uk-limited/docs/2026-08-06_AGREEMENT2_notice-of-agreement-to-exemption-from-audit-of-acc.pdf,companies/15735608_actium-midco-1-uk-limited/docs/2026-08-06_AGREEMENT2_notice-of-agreement-to-exemption-from-audit-of-acc.txt
15735608,ACTIUM MIDCO 1 (UK) LIMITED,2026-08-06,GUARANTEE2,companies/15735608_actium-midco-1-uk-limited/docs/2026-08-06_GUARANTEE2_audit-exemption-statement-of-guarantee-by-parent-c.pdf,companies/15735608_actium-midco-1-uk-limited/docs/2026-08-06_GUARANTEE2_audit-exemption-statement-of-guarantee-by-parent-c.txt
15735608,ACTIUM MIDCO 1 (UK) LIMITED,2026-08-06,PARENT,companies/15735608_actium-midco-1-uk-limited/docs/2026-08-06_PARENT_ACC_consolidated-accounts-of-parent-company-for-subsid.pdf,companies/15735608_actium-midco-1-uk-limited/docs/2026-08-06_PARENT_ACC_consolidated-accounts-of-parent-company-for-subsid.txt
15735686,ACTIUM MIDCO 2 (UK) LIMITED,2024-05-22,AA01,companies/15735686_actium-midco-2-uk-limited/docs/2024-05-22_AA01_current-accounting-period-shortened-from-31-may-20.pdf,companies/15735686_actium-midco-2-uk-limited/docs/2024-05-22_AA01_current-accounting-period-shortened-from-31-may-20.txt
15735686,ACTIUM MIDCO 2 (UK) LIMITED,2024-05-22,NEWINC,companies/15735686_actium-midco-2-uk-limited/docs/2024-05-22_NEWINC_incorporation-statement-of-capital-on-2024-05-22-g.pdf,companies/15735686_actium-midco-2-uk-limited/docs/2024-05-22_NEWINC_incorporation-statement-of-capital-on-2024-05-22-g.txt
15735686,ACTIUM MIDCO 2 (UK) LIMITED,2024-07-22,MR01,companies/15735686_actium-midco-2-uk-limited/docs/2024-07-22_MR01_registration-of-charge-157356860001-created-on-12-.pdf,companies/15735686_actium-midco-2-uk-limited/docs/2024-07-22_MR01_registration-of-charge-157356860001-created-on-12-.txt
15735686,ACTIUM MIDCO 2 (UK) LIMITED,2024-08-20,AA01,companies/15735686_actium-midco-2-uk-limited/docs/2024-08-20_AA01_current-accounting-period-extended-from-31-decembe.pdf,companies/15735686_actium-midco-2-uk-limited/docs/2024-08-20_AA01_current-accounting-period-extended-from-31-decembe.txt
15735686,ACTIUM MIDCO 2 (UK) LIMITED,2024-08-21,MR01,companies/15735686_actium-midco-2-uk-limited/docs/2024-08-21_MR01_registration-of-charge-157356860002-created-on-16-.pdf,companies/15735686_actium-midco-2-uk-limited/docs/2024-08-21_MR01_registration-of-charge-157356860002-created-on-16-.txt
15735686,ACTIUM MIDCO 2 (UK) LIMITED,2024-08-23,SH01,companies/15735686_actium-midco-2-uk-limited/docs/2024-08-23_SH01_statement-of-capital-following-an-allotment-of-sha.pdf,companies/15735686_actium-midco-2-uk-limited/docs/2024-08-23_SH01_statement-of-capital-following-an-allotment-of-sha.txt
15735686,ACTIUM MIDCO 2 (UK) LIMITED,2024-09-05,MR04,companies/15735686_actium-midco-2-uk-limited/docs/2024-09-05_MR04_satisfaction-of-charge-157356860001-in-full.pdf,companies/15735686_actium-midco-2-uk-limited/docs/2024-09-05_MR04_satisfaction-of-charge-157356860001-in-full.txt
15735686,ACTIUM MIDCO 2 (UK) LIMITED,2024-09-13,SH01,companies/15735686_actium-midco-2-uk-limited/docs/2024-09-13_SH01_statement-of-capital-following-an-allotment-of-sha.pdf,companies/15735686_actium-midco-2-uk-limited/docs/2024-09-13_SH01_statement-of-capital-following-an-allotment-of-sha.txt
15735686,ACTIUM MIDCO 2 (UK) LIMITED,2025-02-19,SH01,companies/15735686_actium-midco-2-uk-limited/docs/2025-02-19_SH01_statement-of-capital-following-an-allotment-of-sha.pdf,companies/15735686_actium-midco-2-uk-limited/docs/2025-02-19_SH01_statement-of-capital-following-an-allotment-of-sha.txt
15735686,ACTIUM MIDCO 2 (UK) LIMITED,2025-03-28,SH01,companies/15735686_actium-midco-2-uk-limited/docs/2025-03-28_SH01_statement-of-capital-following-an-allotment-of-sha.pdf,companies/15735686_actium-midco-2-uk-limited/docs/2025-03-28_SH01_statement-of-capital-following-an-allotment-of-sha.txt
15735686,ACTIUM MIDCO 2 (UK) LIMITED,2025-05-28,CS01,companies/15735686_actium-midco-2-uk-limited/docs/2025-05-28_CS01_confirmation-statement-made-on-21-may-2025-with-up.pdf,companies/15735686_actium-midco-2-uk-limited/docs/2025-05-28_CS01_confirmation-statement-made-on-21-may-2025-with-up.txt
15735686,ACTIUM MIDCO 2 (UK) LIMITED,2025-10-29,AGREEMENT2,companies/15735686_actium-midco-2-uk-limited/docs/2025-10-29_AGREEMENT2_notice-of-agreement-to-exemption-from-audit-of-acc.pdf,companies/15735686_actium-midco-2-uk-limited/docs/2025-10-29_AGREEMENT2_notice-of-agreement-to-exemption-from-audit-of-acc.txt
15735686,ACTIUM MIDCO 2 (UK) LIMITED,2025-10-29,GUARANTEE2,companies/15735686_actium-midco-2-uk-limited/docs/2025-10-29_GUARANTEE2_audit-exemption-statement-of-guarantee-by-parent-c.pdf,companies/15735686_actium-midco-2-uk-limited/docs/2025-10-29_GUARANTEE2_audit-exemption-statement-of-guarantee-by-parent-c.txt
15735686,ACTIUM MIDCO 2 (UK) LIMITED,2025-10-29,PARENT,companies/15735686_actium-midco-2-uk-limited/docs/2025-10-29_PARENT_ACC_consolidated-accounts-of-parent-company-for-subsid.pdf,companies/15735686_actium-midco-2-uk-limited/docs/2025-10-29_PARENT_ACC_consolidated-accounts-of-parent-company-for-subsid.txt
15735686,ACTIUM MIDCO 2 (UK) LIMITED,2025-11-19,SH01,companies/15735686_actium-midco-2-uk-limited/docs/2025-11-19_SH01_statement-of-capital-following-an-allotment-of-sha.pdf,companies/15735686_actium-midco-2-uk-limited/docs/2025-11-19_SH01_statement-of-capital-following-an-allotment-of-sha.txt
15735686,ACTIUM MIDCO 2 (UK) LIMITED,2026-01-08,AA,companies/15735686_actium-midco-2-uk-limited/docs/2026-01-08_AA_audit-exemption-subsidiary-accounts-made-up-to-31-.pdf,companies/15735686_actium-midco-2-uk-limited/docs/2026-01-08_AA_audit-exemption-subsidiary-accounts-made-up-to-31-.txt
15735686,ACTIUM MIDCO 2 (UK) LIMITED,2026-02-17,SH01,companies/15735686_actium-midco-2-uk-limited/docs/2026-02-17_SH01_statement-of-capital-following-an-allotment-of-sha.pdf,companies/15735686_actium-midco-2-uk-limited/docs/2026-02-17_SH01_statement-of-capital-following-an-allotment-of-sha.txt
15735686,ACTIUM MIDCO 2 (UK) LIMITED,2026-03-24,SH01,companies/15735686_actium-midco-2-uk-limited/docs/2026-03-24_SH01_statement-of-capital-following-an-allotment-of-sha.pdf,companies/15735686_actium-midco-2-uk-limited/docs/2026-03-24_SH01_statement-of-capital-following-an-allotment-of-sha.txt
15735686,ACTIUM MIDCO 2 (UK) LIMITED,2026-06-03,CS01,companies/15735686_actium-midco-2-uk-limited/docs/2026-06-03_CS01_confirmation-statement-made-on-21-may-2026-with-up.pdf,companies/15735686_actium-midco-2-uk-limited/docs/2026-06-03_CS01_confirmation-statement-made-on-21-may-2026-with-up.txt
15735686,ACTIUM MIDCO 2 (UK) LIMITED,2026-08-07,AGREEMENT2,companies/15735686_actium-midco-2-uk-limited/docs/2026-08-07_AGREEMENT2_notice-of-agreement-to-exemption-from-audit-of-acc.pdf,companies/15735686_actium-midco-2-uk-limited/docs/2026-08-07_AGREEMENT2_notice-of-agreement-to-exemption-from-audit-of-acc.txt
15735686,ACTIUM MIDCO 2 (UK) LIMITED,2026-08-07,GUARANTEE2,companies/15735686_actium-midco-2-uk-limited/docs/2026-08-07_GUARANTEE2_audit-exemption-statement-of-guarantee-by-parent-c.pdf,companies/15735686_actium-midco-2-uk-limited/docs/2026-08-07_GUARANTEE2_audit-exemption-statement-of-guarantee-by-parent-c.txt
15735686,ACTIUM MIDCO 2 (UK) LIMITED,2026-08-07,PARENT,companies/15735686_actium-midco-2-uk-limited/docs/2026-08-07_PARENT_ACC_consolidated-accounts-of-parent-company-for-subsid.pdf,companies/15735686_actium-midco-2-uk-limited/docs/2026-08-07_PARENT_ACC_consolidated-accounts-of-parent-company-for-subsid.txt
15736277,ACTIUM MIDCO 3 (UK) LIMITED,2024-05-23,AA01,companies/15736277_actium-midco-3-uk-limited/docs/2024-05-23_AA01_current-accounting-period-shortened-from-31-may-20.pdf,companies/15736277_actium-midco-3-uk-limited/docs/2024-05-23_AA01_current-accounting-period-shortened-from-31-may-20.txt
15736277,ACTIUM MIDCO 3 (UK) LIMITED,2024-05-23,NEWINC,companies/15736277_actium-midco-3-uk-limited/docs/2024-05-23_NEWINC_incorporation-statement-of-capital-on-2024-05-23-g.pdf,companies/15736277_actium-midco-3-uk-limited/docs/2024-05-23_NEWINC_incorporation-statement-of-capital-on-2024-05-23-g.txt
15736277,ACTIUM MIDCO 3 (UK) LIMITED,2024-07-22,MR01,companies/15736277_actium-midco-3-uk-limited/docs/2024-07-22_MR01_registration-of-charge-157362770001-created-on-12-.pdf,companies/15736277_actium-midco-3-uk-limited/docs/2024-07-22_MR01_registration-of-charge-157362770001-created-on-12-.txt
15736277,ACTIUM MIDCO 3 (UK) LIMITED,2024-08-20,AA01,companies/15736277_actium-midco-3-uk-limited/docs/2024-08-20_AA01_current-accounting-period-extended-from-31-decembe.pdf,companies/15736277_actium-midco-3-uk-limited/docs/2024-08-20_AA01_current-accounting-period-extended-from-31-decembe.txt
15736277,ACTIUM MIDCO 3 (UK) LIMITED,2024-08-21,MR01,companies/15736277_actium-midco-3-uk-limited/docs/2024-08-21_MR01_registration-of-charge-157362770002-created-on-16-.pdf,companies/15736277_actium-midco-3-uk-limited/docs/2024-08-21_MR01_registration-of-charge-157362770002-created-on-16-.txt
15736277,ACTIUM MIDCO 3 (UK) LIMITED,2024-08-21,MR01,companies/15736277_actium-midco-3-uk-limited/docs/2024-08-21_MR01_registration-of-charge-157362770003-created-on-16-.pdf,companies/15736277_actium-midco-3-uk-limited/docs/2024-08-21_MR01_registration-of-charge-157362770003-created-on-16-.txt
15736277,ACTIUM MIDCO 3 (UK) LIMITED,2024-08-23,SH01,companies/15736277_actium-midco-3-uk-limited/docs/2024-08-23_SH01_statement-of-capital-following-an-allotment-of-sha.pdf,companies/15736277_actium-midco-3-uk-limited/docs/2024-08-23_SH01_statement-of-capital-following-an-allotment-of-sha.txt
15736277,ACTIUM MIDCO 3 (UK) LIMITED,2024-09-05,MR04,companies/15736277_actium-midco-3-uk-limited/docs/2024-09-05_MR04_satisfaction-of-charge-157362770001-in-full.pdf,companies/15736277_actium-midco-3-uk-limited/docs/2024-09-05_MR04_satisfaction-of-charge-157362770001-in-full.txt
15736277,ACTIUM MIDCO 3 (UK) LIMITED,2024-09-13,SH01,companies/15736277_actium-midco-3-uk-limited/docs/2024-09-13_SH01_statement-of-capital-following-an-allotment-of-sha.pdf,companies/15736277_actium-midco-3-uk-limited/docs/2024-09-13_SH01_statement-of-capital-following-an-allotment-of-sha.txt
15736277,ACTIUM MIDCO 3 (UK) LIMITED,2025-02-19,SH01,companies/15736277_actium-midco-3-uk-limited/docs/2025-02-19_SH01_statement-of-capital-following-an-allotment-of-sha.pdf,companies/15736277_actium-midco-3-uk-limited/docs/2025-02-19_SH01_statement-of-capital-following-an-allotment-of-sha.txt
15736277,ACTIUM MIDCO 3 (UK) LIMITED,2025-03-28,SH01,companies/15736277_actium-midco-3-uk-limited/docs/2025-03-28_SH01_statement-of-capital-following-an-allotment-of-sha.pdf,companies/15736277_actium-midco-3-uk-limited/docs/2025-03-28_SH01_statement-of-capital-following-an-allotment-of-sha.txt
15736277,ACTIUM MIDCO 3 (UK) LIMITED,2025-05-28,CS01,companies/15736277_actium-midco-3-uk-limited/docs/2025-05-28_CS01_confirmation-statement-made-on-22-may-2025-with-up.pdf,companies/15736277_actium-midco-3-uk-limited/docs/2025-05-28_CS01_confirmation-statement-made-on-22-may-2025-with-up.txt
15736277,ACTIUM MIDCO 3 (UK) LIMITED,2025-10-28,AGREEMENT2,companies/15736277_actium-midco-3-uk-limited/docs/2025-10-28_AGREEMENT2_notice-of-agreement-to-exemption-from-audit-of-acc.pdf,companies/15736277_actium-midco-3-uk-limited/docs/2025-10-28_AGREEMENT2_notice-of-agreement-to-exemption-from-audit-of-acc.txt
15736277,ACTIUM MIDCO 3 (UK) LIMITED,2025-10-28,GUARANTEE2,companies/15736277_actium-midco-3-uk-limited/docs/2025-10-28_GUARANTEE2_audit-exemption-statement-of-guarantee-by-parent-c.pdf,companies/15736277_actium-midco-3-uk-limited/docs/2025-10-28_GUARANTEE2_audit-exemption-statement-of-guarantee-by-parent-c.txt
15736277,ACTIUM MIDCO 3 (UK) LIMITED,2025-10-28,PARENT,companies/15736277_actium-midco-3-uk-limited/docs/2025-10-28_PARENT_ACC_consolidated-accounts-of-parent-company-for-subsid.pdf,companies/15736277_actium-midco-3-uk-limited/docs/2025-10-28_PARENT_ACC_consolidated-accounts-of-parent-company-for-subsid.txt
15736277,ACTIUM MIDCO 3 (UK) LIMITED,2025-11-19,SH01,companies/15736277_actium-midco-3-uk-limited/docs/2025-11-19_SH01_statement-of-capital-following-an-allotment-of-sha.pdf,companies/15736277_actium-midco-3-uk-limited/docs/2025-11-19_SH01_statement-of-capital-following-an-allotment-of-sha.txt
15736277,ACTIUM MIDCO 3 (UK) LIMITED,2026-01-08,AA,companies/15736277_actium-midco-3-uk-limited/docs/2026-01-08_AA_audit-exemption-subsidiary-accounts-made-up-to-31-.pdf,companies/15736277_actium-midco-3-uk-limited/docs/2026-01-08_AA_audit-exemption-subsidiary-accounts-made-up-to-31-.txt
15736277,ACTIUM MIDCO 3 (UK) LIMITED,2026-02-17,SH01,companies/15736277_actium-midco-3-uk-limited/docs/2026-02-17_SH01_statement-of-capital-following-an-allotment-of-sha.pdf,companies/15736277_actium-midco-3-uk-limited/docs/2026-02-17_SH01_statement-of-capital-following-an-allotment-of-sha.txt
15736277,ACTIUM MIDCO 3 (UK) LIMITED,2026-03-24,SH01,companies/15736277_actium-midco-3-uk-limited/docs/2026-03-24_SH01_statement-of-capital-following-an-allotment-of-sha.pdf,companies/15736277_actium-midco-3-uk-limited/docs/2026-03-24_SH01_statement-of-capital-following-an-allotment-of-sha.txt
15736277,ACTIUM MIDCO 3 (UK) LIMITED,2026-06-05,CS01,companies/15736277_actium-midco-3-uk-limited/docs/2026-06-05_CS01_confirmation-statement-made-on-22-may-2026-with-up.pdf,companies/15736277_actium-midco-3-uk-limited/docs/2026-06-05_CS01_confirmation-statement-made-on-22-may-2026-with-up.txt
15736277,ACTIUM MIDCO 3 (UK) LIMITED,2026-08-06,AGREEMENT2,companies/15736277_actium-midco-3-uk-limited/docs/2026-08-06_AGREEMENT2_notice-of-agreement-to-exemption-from-audit-of-acc.pdf,companies/15736277_actium-midco-3-uk-limited/docs/2026-08-06_AGREEMENT2_notice-of-agreement-to-exemption-from-audit-of-acc.txt
15736277,ACTIUM MIDCO 3 (UK) LIMITED,2026-08-06,GUARANTEE2,companies/15736277_actium-midco-3-uk-limited/docs/2026-08-06_GUARANTEE2_audit-exemption-statement-of-guarantee-by-parent-c.pdf,companies/15736277_actium-midco-3-uk-limited/docs/2026-08-06_GUARANTEE2_audit-exemption-statement-of-guarantee-by-parent-c.txt
15736277,ACTIUM MIDCO 3 (UK) LIMITED,2026-08-06,PARENT,companies/15736277_actium-midco-3-uk-limited/docs/2026-08-06_PARENT_ACC_consolidated-accounts-of-parent-company-for-subsid.pdf,companies/15736277_actium-midco-3-uk-limited/docs/2026-08-06_PARENT_ACC_consolidated-accounts-of-parent-company-for-subsid.txt
15736419,ACTIUM BIDCO (UK) LIMITED,2024-05-23,AA01,companies/15736419_actium-bidco-uk-limited/docs/2024-05-23_AA01_current-accounting-period-shortened-from-31-may-20.pdf,companies/15736419_actium-bidco-uk-limited/docs/2024-05-23_AA01_current-accounting-period-shortened-from-31-may-20.txt
15736419,ACTIUM BIDCO (UK) LIMITED,2024-05-23,NEWINC,companies/15736419_actium-bidco-uk-limited/docs/2024-05-23_NEWINC_incorporation-statement-of-capital-on-2024-05-23-g.pdf,companies/15736419_actium-bidco-uk-limited/docs/2024-05-23_NEWINC_incorporation-statement-of-capital-on-2024-05-23-g.txt
15736419,ACTIUM BIDCO (UK) LIMITED,2024-07-22,MR01,companies/15736419_actium-bidco-uk-limited/docs/2024-07-22_MR01_registration-of-charge-157364190001-created-on-12-.pdf,companies/15736419_actium-bidco-uk-limited/docs/2024-07-22_MR01_registration-of-charge-157364190001-created-on-12-.txt
15736419,ACTIUM BIDCO (UK) LIMITED,2024-08-20,AA01,companies/15736419_actium-bidco-uk-limited/docs/2024-08-20_AA01_current-accounting-period-extended-from-31-decembe.pdf,companies/15736419_actium-bidco-uk-limited/docs/2024-08-20_AA01_current-accounting-period-extended-from-31-decembe.txt
15736419,ACTIUM BIDCO (UK) LIMITED,2024-08-21,MR01,companies/15736419_actium-bidco-uk-limited/docs/2024-08-21_MR01_registration-of-charge-157364190002-created-on-16-.pdf,companies/15736419_actium-bidco-uk-limited/docs/2024-08-21_MR01_registration-of-charge-157364190002-created-on-16-.txt
15736419,ACTIUM BIDCO (UK) LIMITED,2024-08-23,MA,companies/15736419_actium-bidco-uk-limited/docs/2024-08-23_MA_memorandum-and-articles-of-association.pdf,companies/15736419_actium-bidco-uk-limited/docs/2024-08-23_MA_memorandum-and-articles-of-association.txt
15736419,ACTIUM BIDCO (UK) LIMITED,2024-08-23,RESOLUTIONS,companies/15736419_actium-bidco-uk-limited/docs/2024-08-23_RESOLUTIONS_resolutions-res01-resolution-of-adoption-of-articl.pdf,companies/15736419_actium-bidco-uk-limited/docs/2024-08-23_RESOLUTIONS_resolutions-res01-resolution-of-adoption-of-articl.txt
15736419,ACTIUM BIDCO (UK) LIMITED,2024-08-23,SH01,companies/15736419_actium-bidco-uk-limited/docs/2024-08-23_SH01_statement-of-capital-following-an-allotment-of-sha.pdf,companies/15736419_actium-bidco-uk-limited/docs/2024-08-23_SH01_statement-of-capital-following-an-allotment-of-sha.txt
15736419,ACTIUM BIDCO (UK) LIMITED,2024-09-05,MR04,companies/15736419_actium-bidco-uk-limited/docs/2024-09-05_MR04_satisfaction-of-charge-157364190001-in-full.pdf,companies/15736419_actium-bidco-uk-limited/docs/2024-09-05_MR04_satisfaction-of-charge-157364190001-in-full.txt
15736419,ACTIUM BIDCO (UK) LIMITED,2024-09-13,SH01,companies/15736419_actium-bidco-uk-limited/docs/2024-09-13_SH01_statement-of-capital-following-an-allotment-of-sha.pdf,companies/15736419_actium-bidco-uk-limited/docs/2024-09-13_SH01_statement-of-capital-following-an-allotment-of-sha.txt
15736419,ACTIUM BIDCO (UK) LIMITED,2024-10-14,SH01,companies/15736419_actium-bidco-uk-limited/docs/2024-10-14_SH01_statement-of-capital-following-an-allotment-of-sha-2.pdf,companies/15736419_actium-bidco-uk-limited/docs/2024-10-14_SH01_statement-of-capital-following-an-allotment-of-sha-2.txt
15736419,ACTIUM BIDCO (UK) LIMITED,2024-10-14,SH01,companies/15736419_actium-bidco-uk-limited/docs/2024-10-14_SH01_statement-of-capital-following-an-allotment-of-sha.pdf,companies/15736419_actium-bidco-uk-limited/docs/2024-10-14_SH01_statement-of-capital-following-an-allotment-of-sha.txt
15736419,ACTIUM BIDCO (UK) LIMITED,2024-10-15,RP04SH01,companies/15736419_actium-bidco-uk-limited/docs/2024-10-15_RP04SH01_second-filing-of-a-statement-of-capital-following-.pdf,companies/15736419_actium-bidco-uk-limited/docs/2024-10-15_RP04SH01_second-filing-of-a-statement-of-capital-following-.txt
15736419,ACTIUM BIDCO (UK) LIMITED,2024-10-16,RP04SH01,companies/15736419_actium-bidco-uk-limited/docs/2024-10-16_RP04SH01_second-filing-of-a-statement-of-capital-following-.pdf,companies/15736419_actium-bidco-uk-limited/docs/2024-10-16_RP04SH01_second-filing-of-a-statement-of-capital-following-.txt
15736419,ACTIUM BIDCO (UK) LIMITED,2024-10-22,SH02,companies/15736419_actium-bidco-uk-limited/docs/2024-10-22_SH02_statement-of-capital-on-9-september-2024-gbp-1-137.pdf,companies/15736419_actium-bidco-uk-limited/docs/2024-10-22_SH02_statement-of-capital-on-9-september-2024-gbp-1-137.txt
15736419,ACTIUM BIDCO (UK) LIMITED,2025-02-19,SH01,companies/15736419_actium-bidco-uk-limited/docs/2025-02-19_SH01_statement-of-capital-following-an-allotment-of-sha.pdf,companies/15736419_actium-bidco-uk-limited/docs/2025-02-19_SH01_statement-of-capital-following-an-allotment-of-sha.txt
15736419,ACTIUM BIDCO (UK) LIMITED,2025-03-28,SH01,companies/15736419_actium-bidco-uk-limited/docs/2025-03-28_SH01_statement-of-capital-following-an-allotment-of-sha.pdf,companies/15736419_actium-bidco-uk-limited/docs/2025-03-28_SH01_statement-of-capital-following-an-allotment-of-sha.txt
15736419,ACTIUM BIDCO (UK) LIMITED,2025-05-28,CS01,companies/15736419_actium-bidco-uk-limited/docs/2025-05-28_CS01_confirmation-statement-made-on-22-may-2025-with-up.pdf,companies/15736419_actium-bidco-uk-limited/docs/2025-05-28_CS01_confirmation-statement-made-on-22-may-2025-with-up.txt
15736419,ACTIUM BIDCO (UK) LIMITED,2025-10-29,AGREEMENT2,companies/15736419_actium-bidco-uk-limited/docs/2025-10-29_AGREEMENT2_notice-of-agreement-to-exemption-from-audit-of-acc.pdf,companies/15736419_actium-bidco-uk-limited/docs/2025-10-29_AGREEMENT2_notice-of-agreement-to-exemption-from-audit-of-acc.txt
15736419,ACTIUM BIDCO (UK) LIMITED,2025-10-29,GUARANTEE2,companies/15736419_actium-bidco-uk-limited/docs/2025-10-29_GUARANTEE2_audit-exemption-statement-of-guarantee-by-parent-c.pdf,companies/15736419_actium-bidco-uk-limited/docs/2025-10-29_GUARANTEE2_audit-exemption-statement-of-guarantee-by-parent-c.txt
15736419,ACTIUM BIDCO (UK) LIMITED,2025-10-29,PARENT-ACC,companies/15736419_actium-bidco-uk-limited/docs/2025-10-29_PARENT-ACC_consolidated-accounts-of-parent-company-for-subsid.pdf,companies/15736419_actium-bidco-uk-limited/docs/2025-10-29_PARENT-ACC_consolidated-accounts-of-parent-company-for-subsid.txt
15736419,ACTIUM BIDCO (UK) LIMITED,2025-10-29,PARENT,companies/15736419_actium-bidco-uk-limited/docs/2025-10-29_PARENT_ACC_consolidated-accounts-of-parent-company-for-subsid.pdf,companies/15736419_actium-bidco-uk-limited/docs/2025-10-29_PARENT_ACC_consolidated-accounts-of-parent-company-for-subsid.txt
15736419,ACTIUM BIDCO (UK) LIMITED,2025-11-19,SH01,companies/15736419_actium-bidco-uk-limited/docs/2025-11-19_SH01_statement-of-capital-following-an-allotment-of-sha.pdf,companies/15736419_actium-bidco-uk-limited/docs/2025-11-19_SH01_statement-of-capital-following-an-allotment-of-sha.txt
15736419,ACTIUM BIDCO (UK) LIMITED,2026-01-08,AA,companies/15736419_actium-bidco-uk-limited/docs/2026-01-08_AA_audit-exemption-subsidiary-accounts-made-up-to-31-.pdf,companies/15736419_actium-bidco-uk-limited/docs/2026-01-08_AA_audit-exemption-subsidiary-accounts-made-up-to-31-.txt
15736419,ACTIUM BIDCO (UK) LIMITED,2026-02-17,SH01,companies/15736419_actium-bidco-uk-limited/docs/2026-02-17_SH01_statement-of-capital-following-an-allotment-of-sha.pdf,companies/15736419_actium-bidco-uk-limited/docs/2026-02-17_SH01_statement-of-capital-following-an-allotment-of-sha.txt
15736419,ACTIUM BIDCO (UK) LIMITED,2026-03-24,SH01,companies/15736419_actium-bidco-uk-limited/docs/2026-03-24_SH01_statement-of-capital-following-an-allotment-of-sha.pdf,companies/15736419_actium-bidco-uk-limited/docs/2026-03-24_SH01_statement-of-capital-following-an-allotment-of-sha.txt
15736419,ACTIUM BIDCO (UK) LIMITED,2026-06-06,CS01,companies/15736419_actium-bidco-uk-limited/docs/2026-06-06_CS01_confirmation-statement-made-on-22-may-2026-with-up.pdf,companies/15736419_actium-bidco-uk-limited/docs/2026-06-06_CS01_confirmation-statement-made-on-22-may-2026-with-up.txt
15736419,ACTIUM BIDCO (UK) LIMITED,2026-08-07,AGREEMENT2,companies/15736419_actium-bidco-uk-limited/docs/2026-08-07_AGREEMENT2_notice-of-agreement-to-exemption-from-audit-of-acc.pdf,companies/15736419_actium-bidco-uk-limited/docs/2026-08-07_AGREEMENT2_notice-of-agreement-to-exemption-from-audit-of-acc.txt
15736419,ACTIUM BIDCO (UK) LIMITED,2026-08-07,GUARANTEE2,companies/15736419_actium-bidco-uk-limited/docs/2026-08-07_GUARANTEE2_audit-exemption-statement-of-guarantee-by-parent-c.pdf,companies/15736419_actium-bidco-uk-limited/docs/2026-08-07_GUARANTEE2_audit-exemption-statement-of-guarantee-by-parent-c.txt
15736419,ACTIUM BIDCO (UK) LIMITED,2026-08-07,PARENT-ACC,companies/15736419_actium-bidco-uk-limited/docs/2026-08-07_PARENT-ACC_consolidated-accounts-of-parent-company-for-subsid.pdf,companies/15736419_actium-bidco-uk-limited/docs/2026-08-07_PARENT-ACC_consolidated-accounts-of-parent-company-for-subsid.txt
15736419,ACTIUM BIDCO (UK) LIMITED,2026-08-07,PARENT,companies/15736419_actium-bidco-uk-limited/docs/2026-08-07_PARENT_ACC_consolidated-accounts-of-parent-company-for-subsid.pdf,companies/15736419_actium-bidco-uk-limited/docs/2026-08-07_PARENT_ACC_consolidated-accounts-of-parent-company-for-subsid.txt
OC438202,BRIDGEPOINT EUROPE VII GP LLP,2024-07-22,AA,companies/OC438202_bridgepoint-europe-vii-gp-llp/docs/2024-07-22_AA_full-accounts-made-up-to-31-december-2023.pdf,companies/OC438202_bridgepoint-europe-vii-gp-llp/docs/2024-07-22_AA_full-accounts-made-up-to-31-december-2023.txt
OC438202,BRIDGEPOINT EUROPE VII GP LLP,2025-07-14,AA,companies/OC438202_bridgepoint-europe-vii-gp-llp/docs/2025-07-14_AA_full-accounts-made-up-to-31-december-2024.pdf,companies/OC438202_bridgepoint-europe-vii-gp-llp/docs/2025-07-14_AA_full-accounts-made-up-to-31-december-2024.txt
OC438202,BRIDGEPOINT EUROPE VII GP LLP,2026-07-12,AA,companies/OC438202_bridgepoint-europe-vii-gp-llp/docs/2026-07-12_AA_full-accounts-made-up-to-31-december-2025.pdf,companies/OC438202_bridgepoint-europe-vii-gp-llp/docs/2026-07-12_AA_full-accounts-made-up-to-31-december-2025.txt
SC332267,BRIDGEPOINT EUROPE (SGP) LTD,2024-09-23,AA,companies/SC332267_bridgepoint-europe-sgp-ltd/docs/2024-09-23_AA_full-accounts-made-up-to-31-december-2023.pdf,companies/SC332267_bridgepoint-europe-sgp-ltd/docs/2024-09-23_AA_full-accounts-made-up-to-31-december-2023.txt
SC332267,BRIDGEPOINT EUROPE (SGP) LTD,2024-10-21,CS01,companies/SC332267_bridgepoint-europe-sgp-ltd/docs/2024-10-21_CS01_confirmation-statement-made-on-11-october-2024-wit.pdf,companies/SC332267_bridgepoint-europe-sgp-ltd/docs/2024-10-21_CS01_confirmation-statement-made-on-11-october-2024-wit.txt
SC332267,BRIDGEPOINT EUROPE (SGP) LTD,2025-09-26,AA,companies/SC332267_bridgepoint-europe-sgp-ltd/docs/2025-09-26_AA_full-accounts-made-up-to-31-december-2024.pdf,companies/SC332267_bridgepoint-europe-sgp-ltd/docs/2025-09-26_AA_full-accounts-made-up-to-31-december-2024.txt
SC332267,BRIDGEPOINT EUROPE (SGP) LTD,2025-10-20,CS01,companies/SC332267_bridgepoint-europe-sgp-ltd/docs/2025-10-20_CS01_confirmation-statement-made-on-11-october-2025-wit.pdf,companies/SC332267_bridgepoint-europe-sgp-ltd/docs/2025-10-20_CS01_confirmation-statement-made-on-11-october-2025-wit.txt
SC332267,BRIDGEPOINT EUROPE (SGP) LTD,2026-09-23,AA,companies/SC332267_bridgepoint-europe-sgp-ltd/docs/2026-09-23_AA_full-accounts-made-up-to-31-december-2025.pdf,companies/SC332267_bridgepoint-europe-sgp-ltd/docs/2026-09-23_AA_full-accounts-made-up-to-31-december-2025.txt
